LocationLogID,OldRackLayer,NewRackLayer,MoldID,CutterID,notes,EmployeeID,DateEntry,UpdatedAt,UpdatedBy
3,,601,4775,,,,2024/12/02 14:33:24,,
4,,601,4776,,,,2024/12/02 14:36:41,,
5,,601,4025,,,,2024/12/02 14:37:33,,
6,,601,4777,,,,2024/12/02 14:38:46,,
7,,601,4778,,,,2024/12/02 14:42:03,,
8,,601,4783,,,,2024/12/02 15:25:05,,
9,,601,4784,,,,2024/12/02 15:25:26,,
10,,601,4785,,,,2024/12/02 15:25:40,,
11,,601,3937,,,,2024/12/02 15:25:57,,
12,,601,3936,,,,2024/12/02 15:26:45,,
13,,601,4786,,,,2024/12/02 15:27:24,,
14,,601,4787,,,,2024/12/02 15:27:53,,
15,,601,4788,,,,2024/12/02 15:28:16,,
16,,601,4789,,,,2024/12/02 15:28:31,,
17,,602,4790,,,,2024/12/02 15:29:27,,
18,,602,4791,,,,2024/12/02 15:37:24,,
19,,602,4792,,,,2024/12/02 15:39:26,,
20,,602,4793,,,,2024/12/02 15:40:47,,
21,,602,4794,,,,2024/12/02 15:41:27,,
22,,602,4795,,,,2024/12/02 15:41:45,,
23,,602,4796,,,,2024/12/02 15:42:48,,
24,,602,4797,,,,2024/12/02 15:52:11,,
25,,602,4798,,,,2024/12/02 15:54:08,,
26,,602,4799,,,,2024/12/02 15:54:25,,
27,,602,4800,,,,2024/12/02 15:54:42,,
28,,602,4801,,,,2024/12/02 15:55:14,,
29,,602,3254,,,,2024/12/02 15:59:39,,
30,,602,4802,,,,2024/12/02 16:00:01,,
31,,602,4603,,,,2024/12/02 16:00:11,,
32,,602,4325,,,,2024/12/02 16:00:18,,
33,,602,4803,,,,2024/12/02 16:07:26,,
34,,602,4804,,,,2024/12/02 16:10:36,,
35,,602,4805,,,,2024/12/02 16:18:29,,
36,,602,4806,,,,2024/12/02 16:19:27,,
37,802,602,4751,,,,2024/12/02 16:19:58,,
38,,602,4807,,,,2024/12/02 16:20:14,,
39,,602,4808,,,,2024/12/02 16:20:40,,
40,,602,3768,,,,2024/12/02 16:20:46,,
41,802,603,3246,,,,2024/12/02 16:21:08,,
42,,603,4809,,,,2024/12/02 16:24:44,,
43,,603,4810,,,,2024/12/02 16:25:02,,
44,,603,4811,,,,2024/12/02 16:25:22,,
45,,603,4812,,,,2024/12/02 16:26:03,,
46,,603,4813,,,,2024/12/02 16:26:39,,
47,,603,4814,,,,2024/12/02 16:27:11,,
48,,603,4815,,,,2024/12/02 16:27:37,,
49,,603,3999,,,,2024/12/02 16:27:43,,
50,602,603,4714,,,,2024/12/02 16:29:30,,
51,707,603,2930,,,,2024/12/02 16:29:42,,
52,802,603,4268,,,,2024/12/02 16:29:48,,
53,,603,3541,,,,2024/12/02 16:29:54,,
54,,603,4816,,,,2024/12/02 16:30:25,,
55,,603,4817,,,,2024/12/02 16:31:03,,
56,,603,3089,,,,2024/12/02 16:31:49,,
57,,603,4818,,,,2024/12/02 16:33:15,,
58,,603,4819,,,,2024/12/02 16:33:34,,
59,,603,4820,,,,2024/12/02 16:33:55,,
60,,603,4821,,,,2024/12/02 16:34:55,,
61,,603,4822,,,,2024/12/02 16:35:15,,
62,802,603,4272,,,,2024/12/02 16:35:22,,
63,602,603,3311,,,,2024/12/02 16:35:29,,
64,707,603,1769,,,,2024/12/02 16:35:37,,
65,,603,4824,,,,2024/12/02 16:39:50,,
66,,603,4825,,,,2024/12/02 16:43:34,,
67,,603,4826,,,,2024/12/02 16:44:05,,
68,802,603,4265,,,,2024/12/02 16:44:53,,
69,,604,3961,,,,2024/12/02 16:47:26,,
70,,604,3502,,,,2024/12/02 16:47:37,,
71,,604,4827,,,,2024/12/02 16:47:56,,
72,,604,4828,,,,2024/12/02 16:48:09,,
73,,604,4829,,,,2024/12/02 16:48:32,,
74,,604,4355,,,,2024/12/02 16:48:38,,
75,802,604,4259,,,,2024/12/02 16:48:44,,
76,,604,3248,,,,2024/12/02 16:48:50,,
77,,604,3540,,,,2024/12/02 16:48:54,,
78,,604,4830,,,,2024/12/02 16:49:09,,
79,,604,3307,,,,2024/12/02 16:49:45,,
80,,604,4831,,,,2024/12/02 16:50:11,,
81,,604,3266,,,,2024/12/02 16:50:17,,
82,,604,4832,,,,2024/12/02 16:50:31,,
83,,604,4833,,,,2024/12/02 16:50:45,,
84,,604,4834,,,,2024/12/02 16:51:01,,
85,,604,4389,,,,2024/12/02 16:51:08,,
86,,604,4359,,,,2024/12/02 16:51:17,,
87,,604,4835,,,,2024/12/02 16:51:30,,
88,,604,4836,,,,2024/12/02 16:51:54,,
89,,604,4837,,,,2024/12/02 16:52:15,,
90,,604,3501,,,,2024/12/02 16:52:25,,
91,708,604,2937,,,,2024/12/02 16:53:08,,
92,700,604,4637,,,,2024/12/02 16:53:25,,
93,,604,4838,,,,2024/12/02 16:53:39,,
94,,604,4839,,,,2024/12/02 16:53:51,,
95,,604,4840,,,,2024/12/02 16:54:12,,
96,,604,4841,,,,2024/12/02 16:54:34,,
97,,604,4842,,,,2024/12/02 16:55:00,,
98,,604,4843,,,,2024/12/02 16:55:12,,
99,,604,4844,,,,2024/12/02 16:55:24,,
100,,604,4845,,,,2024/12/02 16:55:36,,
101,,604,4846,,,,2024/12/02 16:55:46,,
102,,604,4619,,,,2024/12/02 16:55:50,,
103,,604,4621,,,,2024/12/02 16:55:56,,
104,,604,4333,,,,2024/12/02 16:56:01,,
105,,604,4847,,,,2024/12/02 16:56:13,,
106,,604,4848,,,,2024/12/02 16:56:27,,
107,,604,4849,,,,2024/12/02 16:56:39,,
108,,604,3820,,,,2024/12/02 16:56:44,,
109,,604,4850,,,,2024/12/02 16:57:11,,
111,,604,4852,,,,2024/12/02 17:00:49,,
112,,604,4853,,,,2024/12/02 17:01:01,,
113,,612,4854,,,,2024/12/03 8:56:20,,
114,,612,4855,,,,2024/12/03 8:56:35,,
115,,612,4011,,,,2024/12/03 8:59:21,,
116,294,612,1272,,,,2024/12/03 9:51:48,,
117,,612,4856,,,,2024/12/03 10:13:51,,
120,,612,4874,,,,2024/12/03 11:38:53,,
121,,612,4877,,,,2024/12/03 11:43:53,,
122,,612,4878,,,,2024/12/03 12:08:22,,
123,,612,4879,,,,2024/12/03 13:56:35,,
124,,612,4880,,,,2024/12/03 13:56:45,,
125,802,612,4744,,,,2024/12/03 13:56:52,,
126,,612,4881,,,,2024/12/03 13:56:58,,
127,,612,4882,,,,2024/12/03 13:57:06,,
128,,612,4883,,,,2024/12/03 13:57:15,,
129,,612,4884,,,,2024/12/03 13:57:21,,
130,,612,4885,,,,2024/12/03 13:57:27,,
131,,612,4886,,,,2024/12/03 13:57:32,,
132,,612,4887,,,,2024/12/03 13:57:42,,
133,,612,4888,,,,2024/12/03 13:59:27,,
134,,612,4889,,,,2024/12/03 13:59:32,,
135,,612,4890,,,,2024/12/03 13:59:36,,
136,,612,4891,,,,2024/12/03 13:59:41,,
137,,612,4892,,,,2024/12/03 14:00:50,,
138,,613,3326,,,,2024/12/03 14:01:12,,
139,709,613,3053,,,,2024/12/03 14:01:23,,
140,,613,4115,,,,2024/12/03 14:10:38,,
141,,613,4894,,,,2024/12/03 14:14:09,,
142,,613,4334,,,,2024/12/03 14:14:19,,
143,,613,4895,,,,2024/12/03 14:14:53,,
144,,613,4165,,,,2024/12/03 14:15:05,,
145,,613,4896,,,,2024/12/03 14:16:06,,
146,,613,4897,,,,2024/12/03 14:17:00,,
147,,613,4347,,,,2024/12/03 14:31:43,,
148,,613,4365,,,,2024/12/03 14:34:26,,
149,,613,4363,,,,2024/12/03 14:35:14,,
150,,613,4899,,,,2024/12/03 14:40:01,,
151,54,613,2945,,,,2024/12/03 14:40:27,,
152,,613,4335,,,,2024/12/03 14:40:34,,
153,,613,4900,,,,2024/12/03 14:40:50,,
154,,613,4901,,,,2024/12/03 14:41:37,,
155,,613,4902,,,,2024/12/03 14:42:11,,
156,,613,4903,,,,2024/12/03 15:13:15,,
157,,613,4904,,,,2024/12/03 15:13:28,,
158,,613,4905,,,,2024/12/03 15:14:36,,
159,,613,4906,,,,2024/12/03 15:15:22,,
160,707,613,1125,,,,2024/12/03 15:15:35,,
161,,613,4907,,,,2024/12/03 15:15:49,,
162,,613,4908,,,,2024/12/03 15:16:02,,
163,,613,4909,,,,2024/12/03 15:16:17,,
164,,613,4116,,,,2024/12/03 15:17:52,,
165,,613,4910,,,,2024/12/03 15:17:57,,
166,,613,4911,,,,2024/12/03 15:18:29,,
167,,613,4912,,,,2024/12/03 15:18:41,,
168,,613,4914,,,,2024/12/03 15:20:25,,
169,,614,4915,,,,2024/12/03 15:20:49,,
170,,614,4916,,,,2024/12/03 15:21:05,,
171,,614,4601,,,,2024/12/03 15:21:13,,
172,,614,4917,,,,2024/12/03 15:31:40,,
173,,614,4155,,,,2024/12/03 15:31:47,,
174,,614,4918,,,,2024/12/03 15:32:34,,
175,,614,4919,,,,2024/12/03 15:32:56,,
176,,614,4920,,,,2024/12/03 15:33:18,,
177,,614,4921,,,,2024/12/03 15:33:41,,
178,,614,4922,,,,2024/12/03 15:34:02,,
179,,614,4156,,,,2024/12/03 15:34:14,,
180,,614,4923,,,,2024/12/03 15:34:27,,
181,172,614,2014,,,,2024/12/03 15:34:47,,
182,,614,4924,,,,2024/12/03 15:35:09,,
183,,614,4925,,,,2024/12/03 15:35:21,,
184,,614,4926,,,,2024/12/03 15:35:37,,
185,,614,4927,,,,2024/12/03 16:32:41,,
186,,614,4928,,,,2024/12/03 16:32:59,,
187,707,614,3068,,,,2024/12/03 16:33:08,,
188,,614,4929,,,,2024/12/03 16:33:30,,
189,,614,4930,,,,2024/12/03 16:33:40,,
190,,614,4931,,,,2024/12/03 16:33:55,,
191,802,614,4757,,,,2024/12/03 16:34:01,,
192,,614,4932,,,,2024/12/03 16:34:13,,
193,707,614,3069,,,,2024/12/03 16:34:20,,
194,707,614,3500,,,,2024/12/03 16:34:26,,
195,,613,4933,,,,2024/12/03 16:34:57,,
196,,613,4934,,,,2024/12/03 16:36:05,,
197,,613,4935,,,,2024/12/03 16:36:45,,
198,,621,4936,,,,2024/12/03 16:37:15,,
199,,621,4937,,,,2024/12/03 16:37:43,,
200,,621,4948,,,,2024/12/04 11:18:50,,
201,,621,4949,,,,2024/12/04 11:24:56,,
202,,621,4950,,,,2024/12/04 11:27:19,,
203,,621,4951,,,,2024/12/04 11:27:50,,
204,,621,4953,,,,2024/12/04 11:37:25,,
205,,621,4954,,,,2024/12/04 12:15:35,,
206,,621,4955,,,,2024/12/04 12:20:34,,
207,,621,4956,,,,2024/12/04 12:20:54,,
208,,622,4957,,,,2024/12/04 12:21:48,,
209,,622,4958,,,,2024/12/04 12:40:04,,
210,,622,4959,,,,2024/12/04 12:40:18,,
211,,622,4960,,,,2024/12/04 12:40:33,,
212,,622,4030,,,,2024/12/04 12:40:49,,
213,,622,4961,,,,2024/12/04 12:40:57,,
214,,622,4962,,,,2024/12/04 13:28:42,,
215,,622,4963,,,,2024/12/04 13:29:30,,
216,,623,4028,,,,2024/12/04 13:35:15,,
217,,623,4964,,,,2024/12/04 13:35:25,,
218,,623,4034,,,,2024/12/04 13:35:39,,
219,,623,4965,,,,2024/12/04 13:35:58,,
220,,623,4966,,,,2024/12/04 13:36:51,,
221,,623,4967,,,,2024/12/04 13:36:59,,
222,,623,4968,,,,2024/12/04 13:37:06,,
223,,623,4969,,,,2024/12/04 14:00:47,,
224,,623,4970,,,,2024/12/04 14:07:01,,
225,,623,4971,,,,2024/12/04 14:14:25,,
226,,623,4972,,,,2024/12/04 14:32:39,,
227,,623,4973,,,,2024/12/04 14:47:11,,
228,,623,4974,,,,2024/12/04 14:57:48,,
229,,623,4977,,,,2024/12/04 15:15:14,,
230,802,623,4754,,,,2024/12/04 15:19:48,,
231,,623,4978,,,,2024/12/04 15:24:19,,
233,,624,4980,,,,2024/12/04 15:51:55,,
234,,624,4981,,,,2024/12/04 17:04:23,,
235,,624,4982,,,,2024/12/04 17:04:33,,
236,,624,4983,,,,2024/12/04 17:04:41,,
237,,624,4984,,,,2024/12/04 17:04:50,,
238,,624,4985,,,,2024/12/04 17:05:00,,
239,,624,4986,,,,2024/12/04 17:05:11,,
240,132,624,2224,,,,2024/12/04 17:05:20,,
241,,624,4987,,,,2024/12/04 17:06:49,,
243,,624,4988,,,,2024/12/04 17:08:40,,
244,,624,4989,,,,2024/12/04 17:25:11,,
245,,624,4990,,,,2024/12/04 17:25:23,,
246,,624,4991,,,,2024/12/04 17:25:31,,
247,184,624,2176,,,,2024/12/04 17:26:08,,
248,,624,4996,,,,2024/12/05 14:55:06,,
249,802,624,4747,,,,2024/12/05 14:57:43,,
250,802,624,4749,,,,2024/12/05 14:59:40,,
251,,624,3682,,,,2024/12/05 15:02:04,,
252,,624,4997,,,,2024/12/05 15:02:22,,
253,,624,4998,,,,2024/12/05 15:04:04,,
254,,624,4999,,,,2024/12/05 15:04:21,,
255,,625,5000,,,,2024/12/05 15:04:56,,
256,,625,5001,,,,2024/12/05 15:11:17,,
257,,625,5002,,,,2024/12/05 15:18:02,,
258,,624,5003,,,,2024/12/05 15:35:33,,
259,,624,5004,,,,2024/12/05 15:35:56,,
266,83,703,695,,,,2024/12/05 17:19:21,,
271,,625,5010,,,,2024/12/06 9:01:06,,
272,,625,5011,,,,2024/12/06 9:01:17,,
273,,625,5012,,,,2024/12/06 9:01:24,,
274,,625,5013,,,,2024/12/06 9:01:44,,
277,,625,4361,,,,2024/12/06 9:29:11,,
278,,625,5017,,,,2024/12/06 9:29:46,,
282,,625,5020,,,,2024/12/06 9:51:24,,
284,,625,5021,,,,2024/12/06 9:51:57,,
285,,625,5022,,,,2024/12/06 9:52:11,,
287,,625,5023,,,,2024/12/06 9:55:29,,
288,,625,5024,,,,2024/12/06 11:20:35,,
289,,625,5025,,,,2024/12/06 12:51:34,,
290,,625,5026,,,,2024/12/06 12:52:47,,
291,,625,5027,,,,2024/12/06 13:19:58,,
292,203,625,2323,,,,2024/12/06 16:18:11,,
293,,625,4494,,,,2024/12/06 16:34:03,,
294,,625,4138,,,,2024/12/06 17:12:05,,
295,,625,4598,,,,2024/12/06 17:12:11,,
296,,625,5033,,,,2024/12/06 17:23:54,,
297,,651,5034,,,,2024/12/06 17:27:24,,
298,,651,5035,,,,2024/12/06 17:27:42,,
299,,651,5036,,,,2024/12/06 17:33:12,,
300,802,651,3196,,,,2024/12/06 17:34:07,,
301,,651,3193,,,,2024/12/06 17:34:53,,
302,,651,5037,,,,2024/12/06 17:34:59,,
303,,651,3195,,,,2024/12/06 17:35:05,,
304,,651,5038,,,,2024/12/06 17:35:07,,
305,,651,3665,,,,2024/12/06 17:35:21,,
306,,651,5039,,,,2024/12/06 17:35:34,,
307,,651,5040,,,,2024/12/09 8:57:53,,
308,651,652,5040,,,,2024/12/09 8:58:14,,
309,,652,4394,,,,2024/12/09 8:58:47,,
310,,652,5041,,,,2024/12/09 8:59:58,,
311,,652,5042,,,,2024/12/09 9:01:09,,
312,,652,5043,,,,2024/12/09 9:01:17,,
313,,652,5044,,,,2024/12/09 9:01:24,,
314,802,652,4245,,,,2024/12/09 9:01:32,,
315,83,652,694,,,,2024/12/09 9:01:38,,
316,652,653,4394,,,,2024/12/09 9:07:45,,
317,,653,4029,,,,2024/12/09 9:07:57,,
318,,653,5045,,,,2024/12/09 9:08:03,,
319,,653,5046,,,,2024/12/09 9:08:10,,
320,,653,5047,,,,2024/12/09 9:08:21,,
321,,653,5048,,,,2024/12/09 9:08:29,,
322,,653,5049,,,,2024/12/09 9:10:15,,
323,,653,4037,,,,2024/12/09 9:10:47,,
324,,654,5050,,,,2024/12/09 9:11:13,,
325,,654,5051,,,,2024/12/09 9:12:03,,
326,,654,5052,,,,2024/12/09 9:12:19,,
327,,654,4400,,,,2024/12/09 9:12:22,,
328,,654,5053,,,,2024/12/09 9:17:12,,
329,,654,5055,,,,2024/12/09 9:37:53,,
330,,654,5056,,,,2024/12/09 9:38:09,,
331,,654,5057,,,,2024/12/09 9:38:15,,
332,,654,5058,,,,2024/12/09 9:38:19,,
333,,654,5059,,,,2024/12/09 9:38:32,,
334,,654,4422,,,,2024/12/09 9:38:38,,
335,703,654,2986,,,,2024/12/09 9:39:56,,
336,,654,5060,,,,2024/12/09 9:40:03,,
337,,654,5061,,,,2024/12/09 9:40:15,,
338,,654,5062,,,,2024/12/09 9:40:21,,
339,,654,5063,,,,2024/12/09 9:40:50,,
340,,654,5064,,,,2024/12/09 9:40:53,,
341,,654,5065,,,,2024/12/09 9:40:58,,
342,,654,5066,,,,2024/12/09 9:41:02,,
343,104,654,534,,,,2024/12/09 9:41:22,,
344,104,654,538,,,,2024/12/09 9:41:30,,
345,,655,5067,,,,2024/12/09 9:42:46,,
346,,655,5068,,,,2024/12/09 9:42:52,,
347,,655,5069,,,,2024/12/09 9:42:56,,
348,,655,5070,,,,2024/12/09 9:43:01,,
349,,655,4433,,,,2024/12/09 9:43:05,,
350,,655,5071,,,,2024/12/09 9:43:31,,
351,,655,5072,,,,2024/12/09 9:43:45,,
352,,655,5073,,,,2024/12/09 9:44:50,,
353,,655,5074,,,,2024/12/09 9:44:58,,
354,,655,3664,,,,2024/12/09 9:45:02,,
355,,655,5075,,,,2024/12/09 9:45:15,,
356,,655,5077,,,,2024/12/09 9:46:02,,
357,,655,5078,,,,2024/12/09 9:46:08,,
358,,655,5079,,,,2024/12/09 9:46:14,,
359,,655,5080,,,,2024/12/09 9:46:18,,
360,,655,5081,,,,2024/12/09 9:46:23,,
361,,655,5082,,,,2024/12/09 9:46:37,,
362,,656,5083,,,,2024/12/09 9:47:03,,
363,,656,5084,,,,2024/12/09 9:47:20,,
364,,656,3192,,,,2024/12/09 9:47:46,,
365,,656,4571,,,,2024/12/09 9:47:53,,
366,,656,3374,,,,2024/12/09 9:50:54,,
367,,656,5085,,,,2024/12/09 9:51:17,,
368,,656,5086,,,,2024/12/09 9:51:40,,
369,101,703,462,,,,2024/12/11 13:03:36,,
370,,175,4470,,,,2024/12/12 14:52:28,,
371,700,21,4626,,,,2024/12/19 10:53:22,,
372,,370,5105,,,,2024/12/27 13:07:23,,
373,,370,5106,,,,2024/12/27 13:15:45,,
374,,370,5107,,,,2024/12/27 13:28:31,,
375,,370,5108,,,,2024/12/27 13:30:12,,
376,,370,5109,,,,2024/12/27 13:30:26,,
377,181,101,5094,,,,2025/01/07 9:17:36,,
378,181,101,5095,,,,2025/01/07 9:58:02,,
379,181,101,4995,,,,2025/01/07 9:58:34,,
380,101,181,4995,,,,2025/01/07 9:58:38,,
381,,370,5113,,,,2025/01/07 11:13:43,,
382,,370,5114,,,,2025/01/07 11:14:50,,
383,,370,5115,,,,2025/01/07 11:14:57,,
384,,370,5116,,,,2025/01/07 11:15:03,,
385,,370,5117,,,,2025/01/07 11:15:07,,
386,,370,5118,,,,2025/01/07 11:15:12,,
387,,370,5119,,,,2025/01/07 11:15:16,,
388,,370,5120,,,,2025/01/07 11:15:21,,
389,,370,5121,,,,2025/01/07 11:15:34,,
390,,370,3987,,,,2025/01/07 11:15:42,,
391,,370,5122,,,,2025/01/07 11:15:53,,
392,,370,5123,,,,2025/01/07 11:16:04,,
393,,370,5124,,,,2025/01/07 11:16:16,,
394,,370,5125,,,,2025/01/07 11:16:58,,
395,,370,3993,,,,2025/01/07 11:17:08,,
396,,370,5126,,,,2025/01/07 11:17:16,,
397,,370,5127,,,,2025/01/07 11:17:23,,
398,,370,5128,,,,2025/01/07 11:17:27,,
399,,370,5129,,,,2025/01/07 11:17:32,,
400,,370,5130,,,,2025/01/07 11:17:40,,
401,,370,5131,,,,2025/01/07 11:17:49,,
402,802,370,3236,,,,2025/01/07 11:18:16,,
403,,370,5132,,,,2025/01/07 11:18:28,,
404,,370,5133,,,,2025/01/07 11:18:46,,
405,,370,5134,,,,2025/01/07 11:18:52,,
406,,370,3535,,,,2025/01/07 11:19:09,,
407,,370,5135,,,,2025/01/07 11:19:22,,
408,,370,5136,,,,2025/01/07 11:19:27,,
409,,370,5137,,,,2025/01/07 11:19:31,,
410,,370,5138,,,,2025/01/07 11:19:42,,
411,,370,3536,,,,2025/01/07 11:19:50,,
412,,370,3539,,,,2025/01/07 11:19:55,,
413,,370,5139,,,,2025/01/07 11:19:59,,
414,,370,5140,,,,2025/01/07 11:20:04,,
415,,370,5141,,,,2025/01/07 11:20:11,,
416,,370,3508,,,,2025/01/07 11:20:16,,
417,,370,3543,,,,2025/01/07 11:20:20,,
418,,370,5142,,,,2025/01/07 11:21:16,,
419,,370,5143,,,,2025/01/07 11:21:20,,
420,,370,5144,,,,2025/01/07 11:21:46,,
421,,370,5145,,,,2025/01/07 11:22:36,,
422,,370,5146,,,,2025/01/07 11:23:19,,
423,,370,5147,,,,2025/01/07 11:23:23,,
424,,370,5148,,,,2025/01/07 11:23:29,,
425,,705,5149,,,,2025/01/07 11:25:40,,
426,,705,5150,,,,2025/01/07 11:25:46,,
427,,705,5151,,,,2025/01/07 11:25:52,,
428,,705,5152,,,,2025/01/07 11:25:58,,
429,,705,5153,,,,2025/01/07 11:26:06,,
430,,705,5154,,,,2025/01/07 11:26:11,,
431,,705,5155,,,,2025/01/07 11:26:18,,
432,,370,5156,,,,2025/01/07 11:26:48,,
433,,370,5157,,,,2025/01/07 11:26:53,,
434,,370,5158,,,,2025/01/07 11:28:12,,
435,,370,5159,,,,2025/01/07 11:29:04,,
436,,370,5160,,,,2025/01/07 11:29:26,,
437,,370,5161,,,,2025/01/07 11:29:31,,
438,,370,5162,,,,2025/01/07 11:29:55,,
439,,370,5163,,,,2025/01/07 11:29:59,,
440,,370,3512,,,,2025/01/07 11:30:03,,
441,,370,3511,,,,2025/01/07 11:30:07,,
442,,370,5164,,,,2025/01/07 11:30:18,,
443,,370,3514,,,,2025/01/07 11:30:29,,
444,,370,3513,,,,2025/01/07 11:31:26,,
445,,370,3776,,,,2025/01/07 11:31:31,,
446,,370,5165,,,,2025/01/07 11:31:37,,
447,,370,3515,,,,2025/01/07 11:32:42,,
448,,370,5166,,,,2025/01/07 11:33:31,,
449,,370,5167,,,,2025/01/07 11:35:28,,
450,,370,5168,,,,2025/01/07 11:35:32,,
451,,370,3774,,,,2025/01/07 11:35:37,,
452,,370,5169,,,,2025/01/07 11:35:42,,
453,,370,5170,,,,2025/01/07 11:35:50,,
454,802,370,4285,,,,2025/01/07 11:51:30,,
455,,370,5171,,,,2025/01/07 11:53:06,,
456,,370,5172,,,,2025/01/07 11:53:15,,
457,,370,5173,,,,2025/01/07 12:31:08,,
458,,370,5174,,,,2025/01/07 13:06:20,,
459,,370,3505,,,,2025/01/07 13:07:30,,
460,,370,3401,,,,2025/01/07 13:17:43,,
461,,370,3092,,,,2025/01/07 13:17:49,,
462,,370,3110,,,,2025/01/07 13:17:54,,
463,,370,5175,,,,2025/01/07 13:18:05,,
464,,370,5176,,,,2025/01/07 13:18:20,,
465,,370,5177,,,,2025/01/07 13:18:39,,
467,,370,5178,,,,2025/01/07 13:19:01,,
468,,370,5179,,,,2025/01/07 13:19:07,,
470,,370,5180,,,,2025/01/07 13:19:23,,
471,,370,5181,,,,2025/01/07 13:19:27,,
472,,370,5182,,,,2025/01/07 13:19:30,,
473,,370,5183,,,,2025/01/07 13:19:33,,
474,,370,5184,,,,2025/01/07 13:19:37,,
475,,370,5185,,,,2025/01/07 13:19:42,,
476,,370,5186,,,,2025/01/07 13:19:44,,
480,,370,5187,,,,2025/01/07 13:20:01,,
481,,370,5188,,,,2025/01/07 13:42:15,,
482,,370,5189,,,,2025/01/07 13:42:40,,
483,,370,5190,,,,2025/01/07 13:42:50,,
484,,370,5191,,,,2025/01/07 13:43:20,,
486,,370,5192,,,,2025/01/07 13:43:41,,
487,,370,5193,,,,2025/01/07 13:43:52,,
488,,370,5194,,,,2025/01/07 13:43:57,,
489,,370,5195,,,,2025/01/07 13:44:03,,
491,,370,5196,,,,2025/01/07 13:44:45,,
492,,370,5197,,,,2025/01/07 13:45:17,,
495,,370,5198,,,,2025/01/07 13:47:18,,
496,,370,5199,,,,2025/01/07 13:47:25,,
497,,370,5200,,,,2025/01/07 13:47:33,,
499,370,125,334,,,,2025/01/07 13:49:07,,
500,370,125,334,,,,2025/01/07 13:49:45,,
501,125,370,334,,,,2025/01/07 13:51:48,,
502,370,125,334,,,,2025/01/07 13:52:04,,
503,,370,5201,,,,2025/01/07 13:53:05,,
504,,370,5202,,,,2025/01/07 13:54:11,,
506,,370,5204,,,,2025/01/07 13:58:42,,
507,,370,5205,,,,2025/01/07 13:58:52,,
509,,370,5206,,,,2025/01/07 14:39:34,,
510,,370,5207,,,,2025/01/07 14:40:15,,
514,,370,5208,,,,2025/01/07 14:42:40,,
523,,370,5209,,,,2025/01/07 14:57:58,,
524,,370,5210,,,,2025/01/07 14:59:37,,
528,,370,5211,,,,2025/01/07 15:12:12,,
530,,370,5213,,,,2025/01/07 17:26:18,,
531,,370,5214,,,,2025/01/07 17:26:57,,
532,,370,5215,,,,2025/01/07 17:27:55,,
533,,370,5216,,,,2025/01/07 17:28:28,,
534,,370,5217,,,,2025/01/07 17:28:34,,
535,,370,5218,,,,2025/01/07 17:28:38,,
536,,370,5219,,,,2025/01/07 17:28:42,,
537,,370,5220,,,,2025/01/07 17:28:47,,
538,,370,5221,,,,2025/01/07 17:29:41,,
539,,370,5222,,,,2025/01/07 17:30:11,,
540,,370,5223,,,,2025/01/07 17:30:18,,
541,,370,5224,,,,2025/01/07 17:30:21,,
542,,370,5225,,,,2025/01/07 17:30:25,,
543,,370,5226,,,,2025/01/07 17:30:28,,
544,,370,5227,,,,2025/01/07 17:30:31,,
545,,370,5228,,,,2025/01/07 17:30:35,,
548,,370,5229,,,,2025/01/07 17:30:48,,
549,,370,5230,,,,2025/01/07 17:30:52,,
552,,370,5231,,,,2025/01/07 17:58:51,,
553,802,370,4280,,,,2025/01/08 10:23:10,,
554,32,370,758,,,,2025/01/08 10:24:05,,
555,370,32,758,,,,2025/01/08 10:24:18,,
556,32,370,758,,,,2025/01/08 10:34:55,,
557,370,32,758,,,,2025/01/08 10:35:17,,
558,,370,5232,,,,2025/01/08 10:36:07,,
559,,370,5233,,,,2025/01/08 10:49:33,,
564,124,370,294,,,,2025/01/08 11:14:42,,
565,370,124,294,,,,2025/01/08 11:34:10,,
566,,370,3288,,,,2025/01/09 16:20:24,,
567,,370,3785,,,,2025/01/09 16:20:42,,
568,,370,5236,,,,2025/01/09 16:20:59,,
569,,370,3786,,,,2025/01/09 16:21:38,,
570,700,64,4764,,,,2025/01/15 14:48:30,,
571,622,704,4960,,,,2025/01/16 13:01:53,,
572,652,704,5041,,,,2025/01/16 13:02:04,,
573,700,710,5110,,,,2025/01/20 8:27:21,,
574,700,31,5234,,,,2025/01/23 10:24:49,,
576,1001,911,,733,,,2025/01/24 14:50:04,,
577,1001,911,,733,,,2025/01/24 14:52:15,,
578,1001,911,,733,,,2025/01/24 15:15:52,,
579,911,1001,,733,,,2025/01/24 15:16:07,,
580,1001,911,,733,,,2025/01/24 15:16:13,,
581,1001,911,,782,,,2025/01/24 15:24:22,,
582,1001,911,,736,,,2025/01/24 15:25:04,,
583,1001,911,,765,,,2025/01/24 15:29:56,,
584,1001,911,,764,,,2025/01/24 15:30:14,,
585,1001,911,,763,,,2025/01/24 15:32:47,,
586,1001,911,,762,,,2025/01/24 15:33:16,,
587,1001,911,,761,,,2025/01/24 15:33:39,,
588,1001,911,,759,,,2025/01/24 15:33:59,,
589,1001,911,,758,,,2025/01/24 15:34:32,,
590,1001,911,,757,,,2025/01/24 15:34:53,,
591,1001,911,,756,,,2025/01/24 15:35:17,,
592,1001,911,,755,,,2025/01/24 15:35:41,,
593,1001,911,,753,,,2025/01/24 15:35:58,,
594,1001,911,,749,,,2025/01/24 15:36:32,,
595,1001,911,,751,,,2025/01/24 15:36:50,,
596,1001,911,,746,,,2025/01/24 15:37:08,,
597,1001,911,,793,,,2025/01/24 15:37:29,,
598,1001,911,,747,,,2025/01/24 15:37:56,,
599,1001,911,,740,,,2025/01/24 15:38:49,,
600,1001,912,,760,,,2025/01/24 15:58:09,,
601,1001,913,,695,,,2025/01/24 16:18:40,,
602,700,14,5090,,,,2025/01/24 16:39:44,,
603,1001,920,,716,,,2025/01/24 16:41:25,,
604,1001,920,,716,,,2025/01/24 16:42:03,,
605,1001,920,,494,,,2025/01/24 16:43:07,,
606,700,35,5237,,,,2025/01/27 8:32:26,,
607,1001,951,,615,,,2025/01/28 9:13:39,,
608,1001,942,,470,,,2025/01/28 10:42:18,,
609,1001,941,,590,,,2025/01/28 10:42:31,,
610,1001,942,,470,,,2025/01/28 10:42:57,,
611,1001,942,,469,,,2025/01/28 10:44:42,,
612,1001,942,,467,,,2025/01/28 10:46:31,,
613,1001,942,,468,,,2025/01/28 10:46:49,,
614,1001,942,,466,,,2025/01/28 10:47:18,,
615,1001,942,,465,,,2025/01/28 10:47:33,,
616,1001,942,,464,,,2025/01/28 10:48:35,,
617,1001,942,,463,,,2025/01/28 10:48:58,,
618,1001,942,,462,,,2025/01/28 10:49:18,,
619,1001,942,,461,,,2025/01/28 10:50:46,,
620,1001,942,,460,,,2025/01/28 10:52:31,,
621,1001,942,,459,,,2025/01/28 10:53:26,,
622,1001,942,,458,,,2025/01/28 10:53:50,,
623,1001,942,,457,,,2025/01/28 10:54:09,,
624,1001,942,,456,,,2025/01/28 10:54:59,,
625,1001,942,,454,,,2025/01/28 10:57:29,,
626,1001,942,,453,,,2025/01/28 10:58:52,,
627,1001,942,,452,,,2025/01/28 10:59:23,,
628,1001,942,,538,,,2025/01/28 11:00:58,,
629,1001,942,,572,,,2025/01/28 11:03:01,,
630,1001,942,,606,,,2025/01/28 11:04:38,,
631,1001,942,,523,,,2025/01/28 11:06:06,,
632,1001,943,,532,,,2025/01/28 11:06:40,,
633,1001,943,,545,,,2025/01/28 11:08:02,,
634,1001,943,,542,,,2025/01/28 11:08:25,,
635,1001,943,,546,,,2025/01/28 11:09:09,,
636,1001,943,,549,,,2025/01/28 11:10:17,,
637,1001,943,,550,,,2025/01/28 11:11:30,,
638,1001,943,,551,,,2025/01/28 11:12:12,,
639,1001,943,,552,,,2025/01/28 11:12:28,,
640,1001,943,,553,,,2025/01/28 11:13:57,,
641,1001,943,,556,,,2025/01/28 11:14:23,,
642,1001,943,,558,,,2025/01/28 11:14:48,,
643,1001,943,,559,,,2025/01/28 11:15:01,,
644,1001,943,,541,,,2025/01/28 11:15:17,,
645,1001,932,,544,,,2025/01/28 13:30:27,,
646,1001,932,,527,,,2025/01/28 13:31:51,,
647,12,13,450,,,,2025/02/03 16:00:34,,
648,12,13,4218,,,,2025/02/03 16:00:43,,
649,700,14,5112,,,,2025/02/03 16:01:24,,
650,700,15,4939,,,,2025/02/03 16:01:50,,
651,700,13,4727,,,,2025/02/03 16:02:02,,
652,,661,4413,,,,2025/02/07 12:02:04,,
653,651,704,3665,,,,2025/02/07 15:10:40,,
654,655,704,3664,,,,2025/02/07 15:11:02,,
655,655,704,5079,,,,2025/02/07 15:12:48,,
656,,152,4098,,,,2025/02/10 12:10:58,,
657,700,71,4625,,,,2025/03/04 12:46:14,,
658,123,704,324,,,,2025/03/13 16:13:12,,
659,114,704,424,,,,2025/03/13 16:13:35,,
660,112,704,375,,,,2025/03/13 16:14:17,,
661,112,704,376,,,,2025/03/13 16:14:26,,
662,112,704,380,,,,2025/03/13 16:14:37,,
663,122,704,269,,,,2025/03/13 16:14:55,,
664,122,704,271,,,,2025/03/13 16:15:13,,
665,123,704,315,,,,2025/03/13 16:15:25,,
666,123,704,2868,,,,2025/03/13 16:15:41,,
667,700,233,5338,,,,2025/03/14 16:15:27,,
668,162,163,2819,,,,2025/03/17 9:16:09,,
669,700,94,5339,,,,2025/03/19 8:47:52,,
670,700,94,5340,,,,2025/03/19 8:48:05,,
671,,700,5331,,,,2025/03/19 8:53:48,,
672,,43,5239,,,,2025/03/21 14:21:15,,
673,43,45,814,,,,2025/03/21 14:21:45,,
674,43,45,811,,,,2025/03/21 14:21:54,,
675,33,35,3063,,,,2025/03/22 14:46:27,,
676,700,63,5323,,,,2025/03/22 14:47:17,,
677,1002,704,5264,,,,2025/03/27 8:56:18,,
678,612,602,4011,,,,2025/03/27 13:57:39,,
679,613,603,4934,,,,2025/03/27 13:58:52,,
680,280,603,2921,,,,2025/03/27 13:59:18,,
681,602,603,4325,,,,2025/03/27 13:59:26,,
682,1002,603,4745,,,,2025/03/27 13:59:30,,
683,614,603,4925,,,,2025/03/27 13:59:38,,
684,1002,603,5266,,,,2025/03/27 13:59:49,,
685,613,603,4901,,,,2025/03/27 13:59:56,,
686,613,603,4902,,,,2025/03/27 14:00:02,,
687,613,604,4335,,,,2025/03/27 14:00:18,,
688,625,604,5017,,,,2025/03/27 14:00:25,,
689,624,604,4981,,,,2025/03/27 14:00:37,,
690,707,604,4742,,,,2025/03/27 14:00:58,,
691,,604,5348,,,,2025/03/27 14:02:41,,
692,,604,3910,,,,2025/03/27 14:03:42,,
693,653,652,4394,,,,2025/03/27 14:04:12,,
694,654,653,4400,,,,2025/03/27 14:06:57,,
695,,653,5350,,,,2025/03/27 14:10:16,,
696,,654,5351,,,,2025/03/27 14:10:43,,
697,,654,5352,,,,2025/03/27 14:11:10,,
698,,654,5353,,,,2025/03/27 14:11:16,,
699,,654,5354,,,,2025/03/27 14:11:23,,
700,,654,4036,,,,2025/03/27 14:11:28,,
701,,654,5355,,,,2025/03/27 14:11:36,,
702,,655,5076,,,,2025/03/27 14:11:59,,
703,625,656,5000,,,,2025/03/27 14:12:17,,
704,,621,5356,,,,2025/03/27 14:14:42,,
705,,621,5357,,,,2025/03/27 14:15:16,,
706,604,625,4849,,,,2025/03/27 14:15:32,,
707,613,625,4933,,,,2025/03/27 14:15:37,,
708,604,625,4831,,,,2025/03/27 14:15:42,,
709,613,625,4899,,,,2025/03/27 14:15:57,,
710,,625,5014,,,,2025/03/27 14:16:06,,
711,,625,5029,,,,2025/03/27 14:16:25,,
712,,625,5028,,,,2025/03/27 14:16:31,,
713,,625,5032,,,,2025/03/27 14:16:37,,
714,1002,625,4748,,,,2025/03/27 14:16:49,,
715,603,622,4825,,,,2025/03/27 14:18:16,,
716,623,622,4971,,,,2025/03/27 14:18:30,,
717,622,623,4971,,,,2025/03/27 14:19:59,,
718,,612,5359,,,,2025/03/27 14:24:58,,
719,,612,5360,,,,2025/03/27 14:25:17,,
720,,612,5361,,,,2025/03/27 14:25:45,,
721,,612,5362,,,,2025/03/27 14:26:00,,
722,,612,5363,,,,2025/03/27 14:26:09,,
723,,612,4591,,,,2025/03/27 14:26:18,,
724,613,612,4334,,,,2025/03/27 14:26:26,,
725,,612,5364,,,,2025/03/27 14:26:34,,
726,625,612,4361,,,,2025/03/27 14:26:39,,
727,604,612,4359,,,,2025/03/27 14:26:43,,
728,613,612,4363,,,,2025/03/27 14:26:58,,
729,613,612,4366,,,,2025/03/27 14:27:06,,
730,612,613,4334,,,,2025/03/27 14:27:19,,
731,612,613,5364,,,,2025/03/27 14:27:25,,
732,612,613,4361,,,,2025/03/27 14:27:30,,
733,612,613,4359,,,,2025/03/27 14:27:34,,
734,612,613,4363,,,,2025/03/27 14:27:40,,
735,612,613,4366,,,,2025/03/27 14:27:47,,
736,625,613,5004,,,,2025/03/27 14:28:03,,
737,624,613,4985,,,,2025/03/27 14:28:08,,
740,,614,5366,,,,2025/03/27 14:31:32,,
741,625,614,4494,,,,2025/03/27 14:32:54,,
742,1002,614,4291,,,,2025/03/27 14:33:06,,
743,602,614,3768,,,,2025/03/27 14:33:11,,
744,1002,614,4746,,,,2025/03/27 14:33:16,,
745,603,614,4925,,,,2025/03/27 14:34:36,,
746,83,704,696,,,,2025/03/28 13:17:39,,
747,83,704,5256,,,,2025/03/28 13:17:43,,
748,83,704,5257,,,,2025/03/28 13:17:45,,
749,700,64,5322,,,,2025/04/01 8:43:32,,
750,700,61,5327,,,,2025/04/01 8:43:57,,
751,700,61,5328,,,,2025/04/01 8:44:00,,
752,,271,5369,,,,2025/04/01 10:42:10,,
753,1002,280,5273,,,,2025/04/01 13:30:09,,
754,,280,5370,,,,2025/04/01 13:33:09,,
755,,280,4104,,,,2025/04/01 14:19:46,,
756,613,280,4115,,,,2025/04/01 14:35:12,,
757,280,613,4115,,,,2025/04/01 14:37:50,,
758,,280,5373,,,,2025/04/01 14:38:04,,
759,1002,280,5272,,,,2025/04/01 14:42:24,,
760,,280,4095,,,,2025/04/01 14:47:18,,
761,,280,5379,,,,2025/04/01 14:48:15,,
762,142,280,1843,,,,2025/04/01 14:50:28,,
763,143,280,1858,,,,2025/04/01 14:50:31,,
764,140,280,1815,,,,2025/04/01 14:51:27,,
765,140,280,1816,,,,2025/04/01 14:51:30,,
766,141,280,1825,,,,2025/04/01 14:52:01,,
767,141,280,1826,,,,2025/04/01 14:52:05,,
768,142,702,1842,,,,2025/04/01 14:52:28,,
769,142,280,1842,,,,2025/04/01 14:52:37,,
770,142,280,1841,,,,2025/04/01 14:52:56,,
771,142,702,1840,,,,2025/04/01 14:53:02,,
772,151,,2964,,,,2025/04/02 17:26:18,,
773,,700,5380,,,,2025/04/03 17:01:11,,
774,,154,4464,,,,2025/04/04 16:37:27,,
775,,702,5325,,,,2025/04/04 16:38:33,,
776,,702,4566,,,,2025/04/04 16:39:38,,
777,,932,,3020,,,2025/04/10 8:18:11,,
778,,932,,3021,,,2025/04/10 8:21:08,,
779,,710,5382,,,,2025/04/10 15:29:40,,
780,,22,5368,,,,2025/04/14 11:18:57,,
781,,175,5332,,,,2025/04/16 8:27:06,,
782,700,184,5380,,,,2025/04/17 15:22:48,,
783,,700,5386,,,,2025/04/17 17:02:50,,
784,,700,5387,,,,2025/04/18 17:16:59,,
785,283,23,203,,,,2025/04/21 8:25:44,,
786,61,704,5328,,,,2025/04/21 8:25:55,,
787,,61,5385,,,,2025/04/21 8:25:59,,
789,75,705,1110,,,,2025/04/21 15:13:23,,
790,,1001,5388,,,,2025/04/21 16:27:36,,
791,1001,1003,5388,,,,2025/04/21 16:29:05,,
792,,1003,5393,,,,2025/04/21 16:33:03,,
793,,1003,5394,,,,2025/04/21 16:35:47,,
794,,1003,5395,,,,2025/04/21 16:53:58,,
795,,354,5396,,,,2025/04/21 17:21:18,,
796,,185,5397,,,,2025/04/22 8:43:57,,
797,700,35,4224,,,,2025/04/22 8:46:19,,
798,700,42,3071,,,,2025/04/22 8:50:58,,
799,,45,5398,,,,2025/04/22 8:53:05,,
800,,45,5398,,,,2025/04/22 8:53:52,,
801,700,22,5111,,,,2025/04/22 8:54:16,,
802,,22,3259,,,,2025/04/22 8:55:34,,
803,700,25,5337,,,,2025/04/22 8:56:14,,
804,604,25,2937,,Duyen kiem ke,,2025/04/22 8:57:50,,
805,22,23,5111,,,,2025/04/22 9:02:33,,
806,,142,4163,,,,2025/04/22 10:24:50,,
807,75,74,1102,,,,2025/04/22 12:53:53,,
808,65,75,1060,,,,2025/04/22 12:54:07,,
809,,700,5399,,,,2025/04/22 17:07:54,,
810,,700,5400,,,,2025/04/22 17:14:51,,
811,700,115,5331,,,,2025/04/23 9:39:24,,
812,700,94,3057,,,,2025/04/23 9:39:40,,
813,700,183,4222,,,,2025/04/23 9:39:52,,
814,700,74,5098,,,,2025/04/23 9:40:00,,
815,700,94,5341,,,,2025/04/23 9:40:12,,
816,700,704,4655,,,,2025/04/23 9:40:29,,
817,700,704,4629,,,,2025/04/23 9:40:33,,
818,700,704,4632,,,,2025/04/23 9:40:36,,
819,700,704,4630,,,,2025/04/23 9:40:40,,
820,700,704,4631,,,,2025/04/23 9:40:43,,
821,700,704,4627,,,,2025/04/23 9:40:55,,
822,700,233,4227,,,,2025/04/23 10:04:14,,
823,700,233,4237,,,,2025/04/23 10:04:17,,
824,700,233,4238,,,,2025/04/23 10:04:20,,
825,94,233,5341,,,,2025/04/23 10:04:40,,
826,700,233,5312,,,,2025/04/23 10:04:54,,
827,150,702,1885,,,,2025/04/24 17:34:47,,
828,,702,3847,,,,2025/04/24 17:35:18,,
829,352,223,1337,,,,2025/04/25 10:10:04,,
830,,700,5401,,,,2025/04/28 16:54:14,,
831,271,702,2732,,,,2025/04/28 17:02:44,,
832,,700,5402,,,,2025/04/30 16:31:59,,
833,,176,5403,,,,2025/05/01 14:45:45,,
834,1002,176,5265,,,,2025/05/01 14:46:06,,
835,191,703,2235,,,,2025/05/02 10:25:34,,
836,,700,5404,,,,2025/05/02 16:29:38,,
837,,653,5405,,,,2025/05/07 15:29:14,,
838,623,704,4977,,,,2025/05/08 10:59:58,,
839,653,704,5405,,,,2025/05/08 11:00:30,,
840,176,704,2055,,,,2025/05/08 11:01:00,,
841,176,704,5265,,,,2025/05/08 11:01:36,,
842,651,704,5036,,,,2025/05/08 11:01:54,,
843,700,703,5401,,,,2025/05/08 12:01:02,,
844,233,94,5341,,,,2025/05/12 11:38:08,,
845,1002,702,5288,,,,2025/05/14 11:27:08,,
846,1002,702,5289,,,,2025/05/14 11:28:11,,
847,141,702,1809,,,,2025/05/14 11:28:19,,
848,,702,4052,,,,2025/05/14 11:28:25,,
849,141,702,1808,,,,2025/05/14 11:29:26,,
850,,702,3448,,,,2025/05/14 11:30:05,,
852,141,702,1807,,,,2025/05/14 11:31:08,,
853,,142,4376,,,,2025/05/15 8:10:22,,
854,143,142,1852,,,,2025/05/15 8:56:15,,
855,700,703,5386,,,,2025/05/17 9:27:12,,
856,700,703,5400,,,,2025/05/17 9:28:42,,
857,,122,5333,,,,2025/05/20 9:28:15,,
858,,122,5334,,,,2025/05/20 9:28:24,,
859,700,705,5399,,,,2025/05/20 13:33:30,,
860,132,710,2218,,,,2025/05/22 13:58:36,,
861,,703,5412,,,,2025/05/23 10:02:11,,
862,22,705,171,,,,2025/05/26 13:20:32,,
863,703,702,3012,,,,2025/05/27 13:13:42,,
864,,700,5418,,,,2025/06/04 18:16:54,,
865,700,94,5402,,,,2025/06/05 10:58:08,,
866,,233,5344,,,,2025/06/06 8:04:33,,
868,,703,5424,,,,2025/06/10 11:05:03,,
869,,703,5425,,,,2025/06/10 11:05:17,,
870,233,94,4657,,,,2025/06/11 16:39:02,,
871,233,121,4628,,,,2025/06/11 16:39:10,,
872,233,94,5344,,,,2025/06/12 14:35:42,,
873,234,260,1143,,,,2025/06/12 15:46:16,,
874,240,260,2683,,,,2025/06/12 15:46:24,,
875,240,260,2678,,,,2025/06/12 15:46:31,,
876,240,260,2677,,,,2025/06/12 15:46:35,,
877,240,260,2675,,,,2025/06/12 15:46:42,,
878,240,260,2679,,,,2025/06/12 15:46:53,,
879,262,261,2696,,,,2025/06/12 15:47:30,,
880,262,261,2700,,,,2025/06/12 15:47:36,,
881,262,261,2701,,,,2025/06/12 15:47:40,,
882,351,261,1592,,,,2025/06/12 15:48:01,,
883,263,262,2702,,,,2025/06/12 15:48:18,,
884,240,262,2684,,,,2025/06/12 15:48:22,,
885,240,262,2681,,,,2025/06/12 15:48:26,,
886,263,262,2705,,,,2025/06/12 15:48:30,,
887,263,262,2706,,,,2025/06/12 15:48:33,,
888,263,262,2704,,,,2025/06/12 15:48:37,,
889,263,262,2708,,,,2025/06/12 15:48:40,,
890,263,262,2710,,,,2025/06/12 15:48:43,,
891,263,262,2711,,,,2025/06/12 15:48:47,,
892,263,262,2709,,,,2025/06/12 15:48:52,,
893,240,263,2682,,,,2025/06/12 15:49:03,,
894,264,263,2721,,,,2025/06/12 15:49:07,,
895,240,263,2674,,,,2025/06/12 15:49:10,,
896,262,263,2695,,,,2025/06/12 15:49:15,,
897,262,263,2699,,,,2025/06/12 15:49:19,,
898,261,263,2688,,,,2025/06/12 15:49:23,,
899,240,263,2673,,,,2025/06/12 15:49:28,,
900,262,263,2694,,,,2025/06/12 15:49:31,,
901,264,263,2720,,,,2025/06/12 15:49:35,,
902,263,264,2707,,,,2025/06/12 15:50:04,,
903,262,264,2697,,,,2025/06/12 15:50:13,,
904,262,264,2693,,,,2025/06/12 15:50:30,,
905,264,265,2719,,,,2025/06/12 15:50:47,,
906,332,265,1579,,,,2025/06/12 15:50:51,,
907,283,704,199,,SSM-021 NEW trả lại khách nên khuôn cũ bỏ đi (Thoan),,2025/06/12 16:53:00,,
908,283,705,201,,返却,,2025/06/13 16:12:57,,
909,703,233,5424,,,,2025/06/14 11:43:39,,
910,703,233,5425,,,,2025/06/14 11:43:47,,
911,,703,5430,,,,2025/06/14 11:44:48,,
912,,140,5434,,,,2025/06/16 9:06:26,,
913,,95,5427,,,,2025/06/20 16:42:22,,
914,,111,3441,,,,2025/06/24 10:57:24,,
915,,111,3443,,,,2025/06/24 10:57:32,,
916,123,111,369,,,,2025/06/24 10:58:36,,
917,,95,5432,,,,2025/06/24 15:05:12,,
918,,702,5439,,,,2025/06/26 14:44:52,,
919,,702,5438,,,,2025/06/26 14:45:23,,
920,,702,5440,,,,2025/06/26 14:45:42,,
922,,703,,3024,,,2025/06/27 9:56:54,,
923,,702,5441,,,,2025/06/30 17:44:34,,
924,,702,5446,,,,2025/07/01 15:08:25,,
925,,702,5445,,,,2025/07/01 15:08:43,,
926,,55,5447,,,,2025/07/04 8:45:51,,
927,,710,5454,,,,2025/07/04 13:29:21,,
928,,710,5455,,,,2025/07/04 13:33:12,,
929,,702,5451,,,,2025/07/12 8:47:26,,
930,140,702,4660,,,,2025/07/12 8:49:07,,
931,,702,5443,,,,2025/07/12 8:49:48,,
932,,702,5442,,,,2025/07/12 8:54:34,,
933,,702,,3025,,,2025/06/26 9:32:23,,
934,,703,,3026,,,2025/6/27 9:37:29,,
936,443,702,,632,,,2025/05/14 9:39:41,,
937,443,702,,631,,,2025/05/14 9:44:52,,
938,443,702,,623,,,2025/5/14 9:45:34,,
939,,702,,3027,,,2025/05/14 9:51:10,,
941,451,702,,816,Gui di cung MRY-008,,2025/5/21 10:08:17,,
943,,700,,3029,Dao moi,,2025/07/12 10:11:24,,
944,,700,,3030,Dao moi,,2025/06/10 10:12:06,,
946,700,703,,3033,,,2025/6/14 10:16:03,,
947,83,702,703,,,,2025/6/9 10:24:56,,
948,153,702,1896,,,,2025/06/9 10:26:16,,
949,,311,5459,,,,2025/07/12 10:30:55,,
950,,311,5459,,,,2025/07/12 10:31:49,,
951,,31,5459,,,,2025/07/12 10:32:09,,
952,,311,5459,,,,2025/07/12 10:33:30,,
953,,311,5460,,,,2025/07/12 10:35:03,,
954,,311,5461,,,,2025/07/12 10:36:29,,
955,370,311,5157,,,,2025/07/12 10:37:25,,
956,,311,5462,,,,2025/07/12 10:38:46,,
957,,311,5463,,,,2025/07/12 10:39:21,,
958,,311,5464,,,,2025/07/12 10:39:39,,
959,,311,5465,,,,2025/07/12 10:40:43,,
960,1002,311,3238,,,,2025/07/12 10:41:06,,
961,,311,5466,,,,2025/07/12 10:41:53,,
962,,311,5467,,,,2025/07/12 10:42:10,,
963,,311,5468,,,,2025/07/12 10:43:03,,
964,,311,5469,,,,2025/07/12 10:44:08,,
965,,311,5470,,,,2025/07/12 10:44:49,,
966,,311,5471,,,,2025/07/12 10:45:37,,
967,,311,5472,,,,2025/07/12 10:47:12,,
968,,311,4118,,,,2025/07/12 10:47:31,,
969,,311,4119,,,,2025/07/12 10:47:42,,
970,370,311,5124,,,,2025/07/12 10:47:52,,
971,,311,3990,,,,2025/07/12 10:48:05,,
972,,311,5473,,,,2025/07/12 10:49:03,,
973,,311,5474,,,,2025/07/12 10:49:47,,
974,,311,5475,,,,2025/07/12 10:50:20,,
975,,311,5476,,,,2025/07/12 10:50:34,,
976,370,311,5181,,,,2025/07/12 10:50:42,,
977,370,311,5182,,,,2025/07/12 10:50:58,,
978,,311,5477,,,,2025/07/12 10:51:20,,
979,,311,3752,,,,2025/07/12 10:51:30,,
980,370,311,5141,,,,2025/07/12 10:51:57,,
981,,311,5478,,,,2025/07/12 10:52:08,,
982,,311,5479,,,,2025/07/12 10:52:37,,
983,,311,3081,,,,2025/07/12 10:53:19,,
984,,311,5480,,,,2025/07/12 10:55:03,,
985,,311,3410,,,,2025/07/12 10:55:12,,
986,,311,5481,,,,2025/07/12 10:55:21,,
987,,311,5482,,,,2025/07/12 10:55:42,,
988,,311,5483,,,,2025/07/12 10:56:23,,
989,,311,5484,,,,2025/07/12 10:56:38,,
990,370,311,5166,,,,2025/07/12 10:57:11,,
991,,311,5485,,,,2025/07/12 10:57:23,,
992,,311,5486,,,,2025/07/12 10:57:51,,
993,,311,5487,,,,2025/07/12 10:58:23,,
994,,311,5488,,,,2025/07/12 10:59:11,,
995,,311,5489,,,,2025/07/12 10:59:34,,
996,,312,5490,,,,2025/07/12 11:01:21,,
997,,312,5491,,,,2025/07/12 11:01:51,,
998,,312,5492,,,,2025/07/12 11:02:05,,
999,,312,5493,,,,2025/07/12 11:02:43,,
1000,370,312,5180,,,,2025/07/12 11:12:28,,
1001,,312,3427,,,,2025/07/12 11:12:45,,
1002,,312,5494,,,,2025/07/12 11:14:09,,
1003,,312,3085,,,,2025/07/12 11:14:25,,
1004,,312,5495,,,,2025/07/12 11:14:34,,
1005,,312,5496,,,,2025/07/12 11:15:10,,
1006,,312,5497,,,,2025/07/12 11:15:52,,
1007,,312,5499,,,,2025/07/12 11:17:38,,
1008,,312,5500,,,,2025/07/12 11:18:23,,
1009,,312,5501,,,,2025/07/12 11:19:07,,
1010,,312,5502,,,,2025/07/12 11:19:51,,
1011,,312,5503,,,,2025/07/12 11:20:17,,
1012,,312,5504,,,,2025/07/12 11:21:12,,
1013,,312,5505,,,,2025/07/12 11:21:22,,
1014,,312,5506,,,,2025/07/12 11:21:53,,
1015,,312,5507,,,,2025/07/12 11:22:10,,
1017,,323,5508,,,,2025/07/12 11:29:10,,
1018,,323,5509,,,,2025/07/12 11:30:13,,
1019,,323,5510,,,,2025/07/12 11:30:44,,
1020,,700,5511,,,,2025/07/12 11:31:31,,
1021,,233,5437,,,,2025/07/12 14:38:36,,
1022,402,705,,323,返却,,2025/07/15 9:41:25,,
1023,53,705,917,,返却,,2025/07/15 9:41:55,,
1024,53,705,926,,返却,,2025/07/15 9:42:00,,
1025,,700,5512,,,,2025/07/14 17:22:52,,
1026,442,703,,642,Xác nhận từ ông TN,,2025/07/15 9:18:41,,
1027,655,704,5073,,,,2025/07/15 15:23:29,,
1028,653,704,5048,,,,2025/07/15 15:25:18,,
1029,653,704,5047,,,,2025/07/15 15:25:35,,
1030,,700,5517,,,,2025/07/18 12:05:37,,
1031,700,702,,3036,,,2025/07/25 12:10:18,,
1032,700,702,5517,,,,2025/07/25 12:10:32,,
1033,,702,5518,,,,2025/07/18 18:06:17,,
1034,,700,5410,,,,2025/07/23 8:02:26,,
1035,,233,5456,,,,2025/07/23 9:32:33,,
1036,700,122,5512,,,,2025/07/23 9:51:00,,
1037,,700,5423,,,,2025/07/23 18:12:31,,
1038,,700,,3037,,,2025/07/24 8:04:06,,
1039,,700,5515,,,,2025/07/24 8:09:23,,
1040,,700,,3038,,,2025/07/24 8:32:15,,
1041,,700,,3039,,,2025/07/24 8:58:30,,
1042,,700,5519,,,,2025/07/24 9:02:00,,
1043,,700,5520,,,,2025/07/24 17:06:13,,
1044,,700,5522,,,,2025/07/25 15:14:53,,
1045,,700,5523,,,,2025/07/26 10:51:05,,
1046,854,855,,3052,,,2025/07/28 17:18:25,,
1047,,700,5525,,,,2025/07/29 13:35:15,,
1048,,700,,3053,,,2025/07/29 13:38:56,,
1049,,700,5526,,,,2025/07/29 19:56:56,,
1050,700,132,5404,,,,2025/08/20 10:17:29,,
1051,,703,5436,,,,2025/08/21 17:06:02,,
1052,,700,5533,,,,2025/08/22 18:26:23,,
1053,,700,5534,,,,2025/08/22 18:27:46,,
1054,,700,5535,,,,2025/08/22 18:28:35,,
1055,,700,5536,,,,2025/08/22 18:30:35,,
1056,,700,5537,,,,2025/08/22 18:31:25,,
1057,232,703,3058,,,,2025/08/26 10:22:18,,
1058,700,71,5519,,,,2025/08/26 11:28:03,,
1059,,700,5531,,,,2025/08/26 11:28:24,,
1060,700,71,5515,,,,2025/08/26 11:28:40,,
1061,,700,5538,,,,2025/08/26 12:51:16,,
1062,,700,5539,,,,2025/08/26 12:52:08,,
1063,,700,,3054,,,2025/08/26 13:21:34,,
1064,,700,,3054,,,2025/08/26 13:22:07,,
1065,,700,,3055,,,2025/08/26 13:22:53,,
1066,,700,5541,,,,2025/08/26 17:12:54,,
1067,184,704,2153,,,,2025/08/28 16:41:23,,
1068,932,705,,2923,,,2025/08/28 16:43:27,,
1069,700,702,,3054,,,2025/09/03 9:30:08,,
1070,700,703,5541,,,,2025/09/03 11:02:46,,
1075,700,702,5535,,,,2025/09/03 17:26:10,,
1076,,233,5529,,,,2025/09/04 10:51:50,,
1077,255,625,2618,,,,2025/09/04 11:19:24,,
1078,654,103,5066,,,,2025/09/09 8:20:52,,
1079,700,103,5537,,,,2025/09/09 8:21:12,,
1080,,140,3293,,,,2025/09/10 8:43:21,,
1081,,140,3292,,,,2025/09/10 8:44:43,,
1082,,140,3292,,,,2025/09/10 8:46:25,,
1083,71,704,5519,,,,2025/09/11 8:58:52,,
1084,1001,400,,505,,,2025/09/11 10:55:29,,
1085,1001,400,,505,,,2025/09/11 10:57:46,,
1086,1001,400,,505,,,2025/09/11 10:59:57,,
1087,700,71,5548,,,,2025/09/11 16:55:39,,
1088,362,361,1326,,,,2025/09/12 10:44:00,,
1089,700,701,5558,,,,2025/09/12 11:00:06,,
1090,,704,5444,,,,2025/09/12 13:09:45,,
1091,,95,5448,,,,2025/09/12 13:10:08,,
1092,700,13,5531,,,,2025/09/12 13:17:19,,
1093,,233,5428,,,,2025/09/12 14:10:47,,
1094,,233,5429,,,,2025/09/12 14:11:12,,
1095,171,703,1985,,,,2025/09/16 16:56:05,,
1096,,272,4461,,,,2025/09/16 17:04:18,,
1097,1002,704,5269,,,,2025/09/17 15:36:34,,
1098,,704,5270,,,,2025/09/17 15:36:39,,
1099,1002,704,5271,,,,2025/09/17 15:36:43,,
1100,653,654,5349,,,,2025/09/18 11:28:10,,
1101,654,655,5059,,,,2025/09/18 11:29:10,,
1102,654,655,5058,,,,2025/09/18 11:29:49,,
1103,653,654,4400,,,,2025/09/18 11:30:18,,
1104,654,104,538,,,,2025/09/18 11:30:33,,
1105,655,654,4433,,,,2025/09/18 11:30:46,,
1106,703,175,3023,,,,2025/09/19 13:01:48,,
1107,702,164,4713,,,,2025/09/19 13:04:09,,
1108,,122,5560,,,,2025/09/19 13:06:01,,
1109,233,123,4647,,,,2025/09/19 13:07:05,,
1110,233,123,4658,,,,2025/09/19 13:07:14,,
1111,700,122,5522,,,,2025/09/19 13:07:57,,
1112,700,125,5536,,,,2025/09/19 13:08:10,,
1113,292,15,1238,,,,2025/09/19 13:08:49,,
1114,13,12,4218,,,,2025/09/19 13:10:09,,
1116,112,111,373,,,,2025/09/19 13:14:24,,
1117,113,112,399,,,,2025/09/19 13:18:59,,
1118,700,111,5561,,,,2025/09/19 13:35:18,,
1119,233,101,5312,,,,2025/09/19 13:36:47,,
1120,23,22,5111,,,,2025/09/19 13:37:44,,
1121,23,25,203,,,,2025/09/19 13:38:14,,
1122,22,23,5368,,,,2025/09/19 13:38:33,,
1123,35,34,3063,,,,2025/09/19 13:39:11,,
1124,34,35,3063,,,,2025/09/19 13:39:57,,
1125,700,51,5545,,,,2025/09/19 13:40:20,,
1126,700,51,5549,,,,2025/09/19 13:40:28,,
1127,55,45,5447,,,,2025/09/19 13:42:57,,
1128,45,65,5447,,,,2025/09/19 13:43:13,,
1129,700,63,5520,,,,2025/09/19 13:43:47,,
1130,700,61,5526,,,,2025/09/19 13:44:47,,
1131,,61,5528,,,,2025/09/19 13:44:56,,
1132,708,81,5093,,,,2025/09/19 13:47:19,,
1133,,84,5383,,,,2025/09/19 13:47:45,,
1134,700,75,4729,,,,2025/09/19 13:48:11,,
1135,700,75,5539,,,,2025/09/19 13:48:21,,
1136,73,72,1089,,,,2025/09/19 13:49:00,,
1137,,71,5426,,,,2025/09/19 13:49:13,,
1138,700,71,5538,,,,2025/09/19 13:49:21,,
1139,21,71,4626,,,,2025/09/19 13:49:55,,
1140,,71,5562,,,,2025/09/19 13:50:35,,
1141,,71,5415,,,,2025/09/19 13:50:54,,
1142,,71,5416,,,,2025/09/19 13:50:59,,
1143,101,182,5095,,,,2025/09/19 13:52:21,,
1144,,183,3224,,,,2025/09/19 13:52:41,,
1145,,184,4547,,,,2025/09/19 13:52:53,,
1146,700,181,5418,,,,2025/09/19 13:53:31,,
1147,,181,5563,,,,2025/09/19 13:53:46,,
1149,0,700,5566,,,,2025/09/22 17:54:18,,
1150,0,700,5569,,,,2025/09/22 17:59:02,,
1151,,703,,3057,,,2025/09/24 14:00:59,,
1152,700,703,5559,,,,2025/09/25 11:36:37,,
1153,272,703,4461,,,,2025/09/25 11:38:57,,
1154,700,703,5569,,,,2025/09/25 13:09:42,,
1155,703,701,5569,,,,2025/09/25 13:13:09,,
1156,701,703,5569,,,,2025/09/25 13:13:28,,
1157,703,700,5569,,,,2025/09/25 13:37:25,,
1158,703,700,5569,,,,2025/09/25 14:09:37,,
1159,700,703,5569,,,,2025/09/25 14:09:54,,
1160,700,702,5569,,,,2025/09/25 14:10:02,,
1161,700,703,5569,,,,2025/09/25 14:10:30,,
1162,700,702,5569,,,,2025/09/25 14:10:40,,
1163,700,702,5569,,,,2025/09/25 14:10:56,,
1164,702,703,5569,,,,2025/09/25 14:11:34,,
1165,702,703,5569,,,,2025/09/25 14:11:47,,
1166,700,75,5557,,,,2025/09/26 10:51:24,,
1167,233,65,5529,,,,2025/09/26 10:51:39,,
1168,700,703,5566,,,,2025/09/29 8:01:40,,
1169,1002,331,5258,,,,2025/09/29 9:11:20,,
1170,,331,5260,,,,2025/09/29 9:14:05,,
1171,1002,331,5252,,,,2025/09/29 9:14:12,,
1172,1002,331,5253,,,,2025/09/29 9:14:17,,
1173,1002,331,4274,,,,2025/09/29 9:14:22,,
1174,1002,331,4286,,,,2025/09/29 9:14:27,,
1175,700,331,5578,,,,2025/09/29 9:14:59,,
1176,1002,331,4278,,,,2025/09/29 9:29:22,,
1177,0,331,5580,,,,2025/09/29 9:36:30,,
1178,0,331,5581,,,,2025/09/29 9:37:56,,
1179,0,331,5582,,,,2025/09/29 9:38:20,,
1180,700,331,5583,,,,2025/09/29 9:40:54,,
1181,1002,331,5248,,,,2025/09/29 9:48:05,,
1182,0,331,5584,,,,2025/09/29 9:55:13,,
1183,0,331,5585,,,,2025/09/29 9:57:52,,
1184,0,331,5586,,,,2025/09/29 9:59:38,,
1185,0,331,5587,,,,2025/09/29 9:59:49,,
1186,0,331,5588,,,,2025/09/29 10:00:06,,
1187,,331,3152,,,,2025/09/29 10:00:15,,
1188,0,331,5589,,,,2025/09/29 10:01:29,,
1189,0,331,5590,,,,2025/09/29 10:01:36,,
1190,,331,3160,,,,2025/09/29 10:01:41,,
1191,700,331,5591,,,,2025/09/29 10:16:00,,
1192,,331,3737,,,,2025/09/29 10:16:16,,
1193,1002,331,5249,,,,2025/09/29 10:16:24,,
1194,0,331,5592,,,,2025/09/29 10:16:36,,
1195,370,331,5133,,,,2025/09/29 10:17:07,,
1196,370,331,5134,,,,2025/09/29 10:17:14,,
1197,370,331,5138,,,,2025/09/29 10:17:21,,
1198,370,331,5139,,,,2025/09/29 10:17:49,,
1199,0,331,5593,,,,2025/09/29 10:18:09,,
1200,0,331,5594,,,,2025/09/29 10:18:22,,
1201,0,331,5595,,,,2025/09/29 10:18:39,,
1202,0,331,5596,,,,2025/09/29 10:21:17,,
1203,0,331,5597,,,,2025/09/29 10:21:25,,
1204,370,331,3536,,,,2025/09/29 10:21:37,,
1205,370,331,3539,,,,2025/09/29 10:21:43,,
1206,370,331,5140,,,,2025/09/29 10:21:47,,
1207,311,331,5141,,,,2025/09/29 10:22:04,,
1208,370,331,3508,,,,2025/09/29 10:22:16,,
1209,370,331,3543,,,,2025/09/29 10:22:19,,
1210,0,331,5598,,,,2025/09/29 10:22:31,,
1211,0,331,5599,,,,2025/09/29 10:22:37,,
1212,370,331,5132,,,,2025/09/29 10:22:44,,
1213,370,331,3535,,,,2025/09/29 10:24:45,,
1214,0,331,5601,,,,2025/09/29 10:25:33,,
1215,0,331,5601,,,,2025/09/29 10:25:43,,
1216,370,331,5135,,,,2025/09/29 10:25:54,,
1217,370,331,5136,,,,2025/09/29 10:25:57,,
1218,370,331,5137,,,,2025/09/29 10:26:00,,
1219,0,331,5602,,,,2025/09/29 10:26:10,,
1220,0,331,5603,,,,2025/09/29 10:26:16,,
1221,703,233,5569,,,,2025/09/29 11:50:29,,
1222,703,233,5569,,,,2025/09/29 11:50:43,,
1223,700,233,5543,,,,2025/09/30 14:19:42,,
1224,700,233,5543,,,,2025/09/30 14:22:48,,
1225,185,232,2502,,,,2025/10/02 10:04:58,,
1226,185,232,2502,,,,2025/10/02 10:05:10,,
1227,185,232,2495,,,,2025/10/02 10:05:18,,
1228,185,232,2495,,,,2025/10/02 10:05:21,,
1229,707,708,4648,,,,2025/10/02 11:21:15,,
1230,707,708,4648,,,,2025/10/02 11:22:32,,
1231,280,707,5370,,,,2025/10/02 11:23:03,,
1232,154,707,4464,,,,2025/10/02 11:23:15,,
1233,141,707,1837,,,,2025/10/02 11:23:22,,
1234,703,707,5559,,,,2025/10/02 11:23:28,,
1235,703,707,4461,,,,2025/10/02 11:23:38,,
1236,233,707,5569,,,,2025/10/02 11:23:54,,
1237,25,707,248,,,,2025/10/02 11:24:12,,
1238,603,707,3999,,,,2025/10/02 11:24:19,,
1239,21,707,177,,,,2025/10/02 11:25:35,,
1240,,233,5413,,,,2025/10/02 11:27:20,,
1241,,233,5420,,,,2025/10/02 11:27:41,,
1242,,233,5421,,,,2025/10/02 11:27:50,,
1243,,233,5422,,,,2025/10/02 11:27:55,,
1245,703,232,5412,,,,2025/10/02 11:37:56,,
1246,,232,5433,,,,2025/10/02 11:38:11,,
1247,,232,5431,,,,2025/10/02 11:38:45,,
1248,700,232,5608,,,,2025/10/02 11:40:11,,
1249,233,,5413,,,,2025/10/02 17:46:19,,
1250,700,233,5511,,,,2025/10/02 17:46:30,,
1251,700,233,5511,,,,2025/10/02 17:46:38,,
1252,,14,4509,,,,2025/10/02 18:00:43,,
1253,,14,4509,,,,2025/10/02 18:00:57,,
1254,700,,5609,,,,2025/10/03 11:23:03,,
1255,,701,5609,,,,2025/10/03 11:23:10,,
1256,707,121,5569,,,,2025/10/03 11:53:09,,
1257,707,121,5569,,,,2025/10/03 11:53:17,,
1258,71,703,5416,,,,2025/10/07 11:24:27,,
1259,71,703,5416,,,,2025/10/07 11:24:38,,
1260,703,71,5416,,,,2025/10/07 11:24:47,,
1261,703,71,5416,,,,2025/10/07 11:24:51,,
1262,700,94,5533,,,,2025/10/07 13:25:34,,
1263,700,94,5533,,,,2025/10/07 13:25:41,,
1266,700,702,2860,,,,2025/10/07 13:33:03,,
1267,700,702,2861,,,,2025/10/07 13:33:14,,
1269,,702,,3060,,,2025/10/07 13:56:12,,
1270,,702,,3061,,,2025/10/07 13:56:49,,
1271,232,705,2502,,,,2025/10/08 16:29:08,,
1272,232,705,2495,,,,2025/10/08 16:29:26,,
1273,0,700,5624,,,,2025/10/09 19:11:23,,
1274,0,700,5624,,,,2025/10/09 19:11:41,,
1275,105,707,558,,廃棄準備,,2025/10/10 10:38:38,,
1285,233,660,5550,,,,2025/10/10 10:57:16,,
1286,85,332,733,,,,2025/10/15 16:05:29,,
1287,85,332,733,,,,2025/10/15 16:05:45,,
1288,707,705,558,,廃棄済,,2025/10/15 16:12:17,,
1289,705,704,558,,,,2025/10/15 17:56:37,,
1290,700,703,5633,,,,2025/10/22 13:15:57,,
1291,700,703,5633,,,,2025/10/22 13:16:04,,
1292,,703,,3063,,,2025/10/22 13:18:59,,
1293,,703,,3063,,,2025/10/22 13:19:50,,
1294,700,703,5632,,,,2025/10/22 13:21:16,,
1295,700,703,5632,,,,2025/10/22 13:21:21,,
1298,703,232,5566,,,,2025/10/22 19:30:35,,
1299,53,705,930,,,,2025/10/23 9:15:01,,
1300,53,705,2969,,,,2025/10/23 9:25:51,,
1301,233,703,5421,,,,2025/10/24 11:24:08,,
1303,233,703,5422,,,,2025/10/24 11:25:13,,
1308,603,602,2930,,,,2025/10/24 13:38:53,,
1309,656,233,3192,,,,2025/10/24 13:39:21,,
1312,233,704,3192,,,,2025/10/27 16:47:02,,
1313,73,72,1088,,,,2025/10/28 16:02:43,,
1315,700,73,5636,,,,2025/10/28 16:04:12,,
1316,72,74,1088,,,,2025/10/28 16:04:21,,
1317,700,703,5642,,,,2025/10/29 11:33:06,,
1318,700,703,5642,,,,2025/10/29 11:33:11,,
1319,700,703,5641,,,,2025/10/29 11:33:43,,
1320,700,703,5641,,,,2025/10/29 11:33:49,,
1321,,701,3331,,,,2025/10/30 10:58:06,,
1324,700,165,5643,,,,2025/11/04 17:43:14,,
1325,700,233,5640,,,,2025/11/05 8:13:44,,
1326,660,604,5550,,,,2025/11/06 13:08:02,,
1327,701,71,5415,,,,2025/11/07,,
1328,700,51,5604,,,,2025/11/07 16:52:10,,
1329,182,703,2121,,,,2025/11/10 14:42:42,,
1330,182,703,2121,,,,2025/11/10 14:42:48,,
1331,182,703,2122,,,,2025/11/10 14:42:53,,
1332,182,703,2122,,,,2025/11/10 14:42:59,,
1334,700,233,5650,,,,2025/11/12 8:37:13,,
1336,700,703,5646,,,,2025/11/8 8:43:31,,
1337,700,703,5647,,,,2025/11/8 8:43:43,,
1340,1001,410,,727,,,2025/11/12 10:17:41,,
1341,1001,410,,727,,,2025/11/12 10:20:04,,
1342,703,707,5646,,,,2025/11/12 13:02:00,,
1343,703,707,5646,,,,2025/11/12 13:02:06,,
1344,703,707,5647,,,,2025/11/12 13:13:23,,
1345,123,702,2221,,,,2025/11/13 10:32:48,,
1346,123,702,2221,,,,2025/11/13 10:32:59,,
1347,700,123,5657,,,,2025/11/13 10:38:08,,
1348,700,704,5660,,,,2025/11/13 20:05:03,,
1349,700,710,5660,,,,2025/11/13 20:05:07,,
1350,700,701,5660,,,,2025/11/13 20:05:13,,
1351,700,701,5660,,,,2025/11/13 20:05:18,,
1352,111,114,363,,,,2025/11/14 10:09:23,,
1353,700,35,5644,,,,2025/11/18 10:27:52,,
1354,,704,5413,,,,2025/11/18 10:46:44,,
1355,233,705,5511,,,,2025/11/18 10:54:32,,
1356,,840,,3070,,,2025/11/19 9:08:39,,
1357,,841,,3070,,,2025/11/19 9:08:44,,
1358,,700,,3071,,,2025/11/20 9:11:06,,
1359,,702,,3072,,,2025/11/20 9:34:31,,
1360,73,707,5636,,,,2025/11/20 19:09:33,,
1361,700,707,5639,,,,2025/11/20 19:12:07,,
1362,700,703,5663,,,,2025/11/26 8:22:30,,
1363,700,703,5663,,,,2025/11/26 8:22:35,,
1364,101,103,5311,,,,2025/11/27 13:26:53,,
1365,101,103,5312,,,,2025/11/27 13:27:06,,
1366,41,42,836,,,,2025/11/27 13:34:06,,
1367,,703,4031,,,,2025/11/27 13:52:54,,
1368,83,703,699,,棚卸,,2025/11/27 14:02:59,,
1369,700,233,5659,,,,2025/11/27 15:27:29,,
1370,700,53,5652,,,,2025/11/28 20:18:26,,
1371,,801,,3073,,,2025/12/01 13:07:53,,
1372,707,700,824,,,,2025/12/01 14:46:22,,
1373,700,707,824,,,,2025/12/01 15:02:16,,
1374,700,704,5678,,,,2025/12/03 11:10:58,,
1375,700,701,5678,,,,2025/12/03 11:11:13,,
1376,700,701,5678,,,,2025/12/03 11:11:21,,
1377,700,701,5679,,,,2025/12/03 11:11:57,,
1378,700,701,5680,,,,2025/12/03 11:12:20,,
1379,700,701,5681,,,,2025/12/03 11:12:37,,
1380,85,705,731,,,,2025/12/04 11:49:20,,
1381,232,121,5566,,,,2025/12/05 9:22:05,,
1382,121,703,5566,,,,2025/12/05 9:22:08,,
1383,700,172,5661,,,,2025/12/08 13:26:10,,
1384,700,182,5685,,,,2025/12/08 15:52:22,,
1385,186,704,2178,,,,2025/12/08 16:03:46,,
1386,707,705,248,,,,2025/12/08 16:04:32,,
1387,700,702,5677,,,,2025/12/08 16:16:16,,
1388,700,702,5682,,,,2025/12/08 16:16:30,,
1389,,702,,3075,,,2025/12/08 16:19:05,,
1390,,801,,3076,,,2025/12/09 14:55:05,,
1391,94,703,5339,,,,2025/12/09 15:11:02,,
1392,703,94,5339,,,,2025/12/09 15:11:06,,
1393,94,703,5340,,,,2025/12/09 15:11:19,,
1394,703,94,5340,,,,2025/12/09 15:11:24,,
1395,,102,4432,,,,2025/12/10 11:04:23,,
1396,,102,4432,,,,2025/12/10 11:04:29,,
1398,0,700,5690,,,,2025/12/12 17:00:08,,
1399,233,164,5640,,,,2025/12/15 8:34:00,,
1400,165,164,5643,,,,2025/12/15 8:34:18,,
1401,331,272,3160,,,,2025/12/15 9:48:14,,
1402,700,240,5612,,,,2025/12/15 16:50:57,,
1403,700,240,5573,,,,2025/12/15 16:51:03,,
1404,704,704,1740,,廃棄済,1,2025/12/16 11:26:08,,
1405,704,704,1736,,廃棄済,1,2025/12/16 11:26:20,,
1406,704,704,1741,,廃棄済,1,2025/12/16 11:26:29,,
1407,704,704,1752,,廃棄済,1,2025/12/16 11:26:36,,
1408,704,704,1734,,廃棄済,1,2025/12/16 11:26:42,,
1409,704,704,1743,,廃棄済,1,2025/12/16 11:26:52,,
1410,707,704,1742,,廃棄済,1,2025/12/16 11:27:01,,
1411,707,704,1745,,廃棄済,1,2025/12/16 11:27:13,,
1412,707,704,1739,,廃棄済,1,2025/12/16 11:27:25,,
1413,707,704,1737,,廃棄済,1,2025/12/16 11:42:41,,
1414,707,704,4785,,廃棄済,1,2025/12/16 12:36:37,,
1415,707,704,4784,,廃棄済,1,2025/12/16 12:36:37,,
1416,707,704,1744,,廃棄済,1,2025/12/16 12:45:35,,
1417,707,704,3936,,廃棄済,1,2025/12/16 12:45:35,,
1418,707,704,3937,,廃棄済,1,2025/12/16 12:48:28,,
1419,707,704,1735,,廃棄済,1,2025/12/16 12:48:28,,
1420,707,704,1738,,廃棄済,1,2025/12/16 12:48:28,,
1421,707,704,824,,廃棄済,1,2025/12/16 12:48:28,,
1422,152,704,1906,,廃棄済,1,2025/12/16 13:39:15,,
1423,151,704,1916,,廃棄済,1,2025/12/16 13:39:15,,
1424,700,65,5671,,,,2025/12/17 12:03:27,,
1425,,801,,3077,,,2025/12/17 16:02:42,,
1426,,801,,3078,,,2025/12/17 16:09:09,,
1427,,801,,3079,,,2025/12/17 17:10:20,,
1428,801,1001,,3077,,,2025/12/17 17:37:02,,
1429,1001,1000,,3077,,,2025/12/17 17:37:08,,
1430,801,1000,,3078,,,2025/12/17 17:37:10,,
1431,801,1000,,3079,,,2025/12/17 17:37:15,,
1432,700,233,5683,,,,2025/12/18 10:15:30,,
1433,233,121,5420,,,,2025/12/19 10:42:38,,
1434,602,707,2930,,返却予定・引取り,,2025/12/23 15:05:20,,
1435,53,707,933,,返却予定・引取り,,2025/12/23 15:05:38,,
1436,53,707,943,,返却予定・引取り,,2025/12/23 15:05:51,,
1437,700,707,5651,,HAI,,2025/12/23 15:34:52,,
1438,700,233,5689,,,,2025/12/26 16:55:05,,
1439,94,95,5340,,,,2025/12/27 10:07:51,,
1440,94,95,5339,,,,2025/12/27 10:08:05,,
1441,,1000,,3081,,,2026/01/05 8:14:08,,
1442,,1000,,3083,,,2026/01/05 8:18:26,,
1443,,1002,,3084,,,2026/01/05 13:11:40,,
1444,621,704,4950,,廃棄済,1,2026/01/05 15:24:26,,
1445,707,705,2930,,返却済,,2026/01/06 15:58:46,,
1446,707,705,933,,返却済,,2026/01/06 15:59:05,,
1447,707,705,943,,返却済,,2026/01/06 15:59:59,,
1448,707,703,5632,,,,2026/01/08 11:32:54,,
1449,700,181,5704,,,,2026/01/08 11:35:39,,
1450,700,181,5690,,,,2026/01/08 11:36:46,,
1452,181,176,5543,,,,2026/01/08 11:40:43,,
1453,1002,702,,3084,,,2026/01/08 17:21:11,,
1454,,702,,3085,,,2026/01/08 17:54:03,,
1455,700,,5709,,,,2026/01/09 18:22:07,,
1456,700,702,5709,,,,2026/01/09 18:22:12,,
1457,700,,5709,,,,2026/01/09 18:22:38,,
1458,708,281,1941,,,,2026/01/13 17:49:33,,
1459,700,233,5695,,,,2026/01/14 9:00:32,,
1460,33,705,775,,,,2026/01/14 15:08:26,,
1461,700,701,5711,,,,2026/01/16 17:14:31,,
1462,700,701,5711,,,,2026/01/16 17:15:14,,
1463,222,223,1163,,,,2026/01/22 16:43:16,,
1464,232,703,5646,,,,2026/01/23,,
1465,,700,5419,,,,2026/01/28 20:29:12,,
1466,,700,5419,,,,2026/01/28 20:29:17,,
1467,707,703,3020,,引取,,2026/01/29,,
1468,700,233,5714,,,,2026/01/29 17:51:12,,
1469,700,233,5696,,,,2026/02/02 11:44:25,,
1470,45,705,826,,返却済,,2026/02/02 16:06:07,,
1471,705,705,826,,返却済,,2026/02/02 16:06:13,,
1472,132,705,2210,,返却済,,2026/02/02 16:07:04,,
1473,233,705,5689,,返却済,,2026/02/02 16:08:25,,
1474,705,705,5689,,返却済,,2026/02/02 16:10:43,,
1475,700,705,5691,,返却済,,2026/02/02 16:12:47,,
1476,700,705,5693,,返却済,,2026/02/02 16:13:57,,
1483,705,182,2105,,,,2026/02/03 8:15:52,,
1487,705,182,2105,,,,2026/02/03 8:26:23,,
1489,705,183,2136,,,,2026/02/03 8:26:52,,
1496,705,183,2136,,,,2026/02/03 8:56:51,,
1497,705,182,2105,,,,2026/02/03 11:43:06,,
1501,705,705,2105,,返却済,,2026/02/03 12:15:29,,
1502,705,182,2105,,,,2026/02/03 12:15:54,,
1503,182,705,2105,,返却済,,2026/02/03 13:47:16,,
1504,705,705,2105,,返却済,,2026/02/03 14:24:15,,
1505,705,705,2105,,返却済,,2026/02/03 14:33:41,,
1506,22,21,157,,,,2026/02/04 9:56:36,,
1513,705,705,5687,,返却済,1,2026/02/04 20:05:07,,
1514,700,233,5725,,,,2026/02/12 16:51:29,,
1515,705,705,5437,,返却済,1,2026/02/12 16:53:15,,
1516,700,72,5686,,,,2026/02/18 14:54:14,,
1517,700,72,5716,,,,2026/02/18 20:18:28,,
1518,72,254,5686,,,,2026/02/19 10:28:14,,
1519,700,73,5717,,,,2026/02/19 19:54:33,,
1520,700,73,5722,,,,2026/02/19 19:58:48,,
1521,233,75,5659,,,,2026/02/24 15:01:00,,
1522,705,705,2136,,返却済,1,2026/02/24 16:19:47,,
1523,51,702,5545,,,,2026/02/25,,
1524,51,702,5549,,,,2026/02/25,,
1525,625,604,2618,,,,2026/02/26 10:40:14,,
1526,700,703,5735,,,,2026/02/27 16:29:19,,
1527,701,707,5558,,,,2026/02/28 14:49:52,,
1528,701,707,5711,,,,2026/02/28 14:50:54,,
1529,700,233,5726,,,,2026/02/28 16:22:21,,
1530,700,703,5736,,,,2026/03/02 10:15:15,,
1531,233,51,5696,,,,2026/03/02 11:44:32,,
1532,700,25,5723,,,,2026/03/02 11:44:45,,
1533,700,65,5670,,,,2026/03/05 13:50:18,,
1534,,700,,3092,,,2026/03/06 18:28:16,,
1535,233,223,5428,,,,2026/03/12 8:36:33,,
1536,233,22,5429,,,,2026/03/12 8:37:25,,
1537,22,223,5429,,,,2026/03/12 8:37:28,,
1538,700,707,5734,,,,2026/03/13 8:37:15,,
1539,700,233,5740,,,,2026/03/13 8:37:39,,
1540,700,94,5684,,,,2026/03/13 19:12:39,,
1541,711,700,5766,,,,2026/03/19 17:58:44,,
1542,704,704,3062,,廃棄済,1,2026/03/23 17:25:39,,
1543,704,704,3061,,廃棄済,1,2026/03/23 17:25:53,,
1544,704,704,5338,,廃棄済,1,2026/03/23 17:26:05,,
1545,704,704,5338,,廃棄済,1,2026/03/23 17:39:18,,
1546,704,704,5442,,廃棄済,1,2026/03/23 17:39:18,,
1547,704,704,5443,,廃棄済,1,2026/03/23 17:39:18,,
1548,704,704,5445,,廃棄済,1,2026/03/23 17:39:18,,
1549,704,704,5446,,廃棄済,1,2026/03/23 17:39:18,,
1550,704,704,5439,,廃棄済,1,2026/03/23 17:39:18,,
1551,704,704,5438,,廃棄済,1,2026/03/23 17:39:18,,
1552,704,704,5512,,廃棄済,1,2026/03/23 17:39:18,,
1553,704,704,357,,廃棄済,1,2026/03/23 17:39:18,,
1554,704,704,1948,,廃棄済,1,2026/03/23 17:39:18,,
1555,704,704,428,,廃棄済,1,2026/03/23 17:39:18,,
1556,704,704,409,,廃棄済,1,2026/03/23 17:39:18,,
1557,704,704,365,,廃棄済,1,2026/03/23 17:39:18,,
1558,704,704,360,,廃棄済,1,2026/03/23 17:39:18,,
1559,704,704,417,,廃棄済,1,2026/03/23 17:39:18,,
1560,124,704,283,,廃棄済,1,2026/03/23 17:39:18,,
1561,704,704,322,,廃棄済,1,2026/03/23 17:39:18,,
1562,704,704,1167,,廃棄済,1,2026/03/23 17:39:18,,
1563,704,704,1127,,廃棄済,1,2026/03/23 17:39:18,,
1564,704,704,321,,廃棄済,1,2026/03/23 17:39:18,,
1565,704,704,394,,廃棄済,1,2026/03/23 17:39:18,,
1566,704,704,3064,,廃棄済,1,2026/03/23 17:39:18,,
1567,703,272,5421,,,,2026/03/24 13:39:34,,
1568,703,272,5422,,,,2026/03/24 13:39:38,,
1569,707,272,5559,,,,2026/03/24 13:39:51,,
1570,223,92,1163,,,,2026/03/24 13:42:51,,
1571,700,233,5747,,,,2026/03/24 13:52:21,,
1572,700,95,5730,,,,2026/03/25 8:46:04,,
1573,700,707,5764,,,,2026/03/25 17:29:34,,
1574,700,103,5762,,,,2026/03/25 17:30:34,,
1575,700,103,5763,,,,2026/03/25 17:30:44,,
1576,233,103,5740,,,,2026/03/25 17:30:51,,
1577,175,702,2484,,,,2026/03/27 14:07:16,,
1578,25,702,5337,,,,2026/03/27 14:08:05,,
1581,,702,4174,,,,2026/03/27 14:16:27,,
1582,,702,4174,,,,2026/03/27 14:16:36,,
1583,700,702,5773,,,,2026/03/27 14:17:05,,
1584,432,702,,980,,,2026/03/27 14:19:19,,
1585,,702,,3096,,,2026/03/27 14:21:06,,
1586,707,660,5764,,,,2026/04/01 13:10:58,,
1587,93,92,263,,,,2026/04/01 15:21:48,,
1588,94,92,4657,,,,2026/04/01 15:22:51,,
1589,700,702,5779,,,,2026/04/01 17:47:34,,
1590,700,702,5779,,,,2026/04/01 17:47:39,,
1591,233,121,5650,,,,2026/04/02 9:50:30,,
1592,700,75,5699,,,,2026/04/02 9:50:58,,
1593,700,25,5607,,,,2026/04/02 9:56:39,,
1594,707,272,4461,,,,2026/04/02 9:56:50,,
1595,700,660,5765,,,,2026/04/02 11:05:44,,
1596,700,703,5771,,,,2026/04/02 11:24:52,,
1597,660,233,5765,,,,2026/04/03 17:15:04,,
1598,172,702,2001,,,,2026/04/03 19:38:37,,
1599,172,702,2001,,,,2026/04/03 19:38:51,,
1600,660,10,5764,,,,2026/04/06 10:41:06,,
1601,10,103,5764,,,,2026/04/06 10:41:11,,
1602,700,103,5761,,,,2026/04/06 10:41:20,,
1603,700,703,5710,,,,2026/04/07 11:40:00,,
1604,700,125,5776,,,,2026/04/07 11:44:07,,
1605,94,602,5341,,,,2026/04/07 16:26:01,,
1606,233,65,5747,,,,2026/04/07 18:22:54,,
1609,,212,3825,,,,2026/04/14 14:16:40,,
1610,,212,3825,,,,2026/04/14 14:16:57,,
1611,233,62,5683,,,,2026/04/15 13:16:48,,
