MoldCutterID,CutterID,MoldDesignID,DateEntry,MoldCutterNotes,UpdatedAt,UpdatedBy
255,175,3232,8/5/2024,YCM-038B,,
270,176,1683,8/5/2024,,,
234,177,2212,8/5/2024,,,
320,179,660,8/5/2024,,,
268,180,1470,8/5/2024,字有,,
269,180,1471,8/5/2024,,,
325,181,1071,8/5/2024,,,
264,185,1788,8/5/2024,,,
252,186,1795,8/5/2024,,,
246,187,3490,8/5/2024,,,
250,188,1914,8/5/2024,,,
238,189,3096,8/5/2024,,,
366,190,1325,8/8/2024,ノート,,
274,190,3319,8/5/2024,,,
287,191,2026,8/5/2024,,,
228,192,873,8/5/2024,,,
344,193,643,8/5/2024,,,
345,193,647,8/5/2024,,,
249,194,3119,8/5/2024,,,
248,195,298,8/5/2024,,,
272,196,3274,8/5/2024,,,
259,197,2128,8/5/2024,,,
286,198,3464,8/5/2024,,,
305,199,1249,8/5/2024,,,
251,200,1811,8/5/2024,,,
267,201,1816,8/5/2024,,,
291,202,978,8/5/2024,,,
292,203,977,8/5/2024,,,
265,204,681,8/5/2024,,,
290,205,677,8/5/2024,,,
289,205,725,8/5/2024,,,
304,206,270,8/5/2024,,,
303,206,271,8/5/2024,,,
301,207,268,8/5/2024,,,
302,207,269,8/5/2024,,,
306,208,3251,8/5/2024,,,
318,209,3256,8/5/2024,,,
229,210,2209,8/5/2024,,,
230,210,2210,8/5/2024,,,
315,211,1264,8/5/2024,,,
316,211,1265,8/5/2024,,,
312,211,1266,8/5/2024,,,
313,211,1267,8/5/2024,,,
283,212,1224,8/5/2024,,,
284,212,1225,8/5/2024,,,
285,212,1228,8/5/2024,,,
197,213,1186,8/5/2024,,,
728,213,1198,8/16/2024,,,
729,213,1210,8/16/2024,,,
730,213,1211,8/16/2024,,,
1399,213,1214,9/11/2024,,,
198,213,1233,8/5/2024,,,
199,213,1237,8/5/2024,,,
1546,213,1261,10/9/2024,,,
1547,213,1262,10/9/2024,,,
200,213,1273,8/5/2024,,,
293,214,924,8/5/2024,,,
294,214,933,8/5/2024,,,
273,215,1920,8/5/2024,,,
253,216,3304,8/5/2024,,,
254,216,3305,8/5/2024,,,
235,217,560,8/5/2024,,,
275,218,1325,8/5/2024,,,
323,219,1923,8/5/2024,,,
899,219,1924,8/16/2024,,,
347,220,1476,8/5/2024,,,
348,220,1477,8/5/2024,,,
159,221,2091,8/5/2024,,,
158,222,1341,8/5/2024,,,
157,223,2909,8/5/2024,,,
156,224,439,8/5/2024,,,
155,225,1425,8/5/2024,,,
152,226,3441,8/5/2024,,,
153,226,3442,8/5/2024,,,
154,226,3446,8/5/2024,,,
151,227,3011,8/5/2024,,,
149,228,701,8/5/2024,,,
148,228,2053,8/5/2024,,,
150,228,2420,8/5/2024,,,
147,229,41,8/5/2024,,,
146,230,151,8/5/2024,,,
145,230,154,8/5/2024,,,
144,231,3106,8/5/2024,,,
143,232,1952,8/5/2024,SDSJ001,,
910,232,1954,8/16/2024,,,
142,234,1073,8/5/2024,,,
721,234,1093,8/16/2024,,,
141,235,3482,8/5/2024,,,
139,236,1423,8/5/2024,,,
138,236,1424,8/5/2024,,,
140,236,1429,8/5/2024,,,
137,237,1082,8/5/2024,,,
136,238,3006,8/5/2024,,,
135,239,1632,8/5/2024,,,
134,240,541,8/5/2024,,,
133,241,3176,8/5/2024,,,
131,242,1489,8/5/2024,,,
132,242,1490,8/5/2024,,,
130,243,1872,8/5/2024,,,
129,245,55,8/5/2024,,,
126,246,1159,8/5/2024,,,
127,247,1159,8/5/2024,,,
128,248,1159,8/5/2024,,,
125,249,1422,8/5/2024,,,
124,250,1313,8/5/2024,,,
160,251,2286,8/5/2024,,,
161,251,2287,8/5/2024,,,
162,252,2052,8/5/2024,,,
163,253,1895,8/5/2024,,,
164,254,2284,8/5/2024,,,
166,254,2285,8/5/2024,,,
167,255,2284,8/5/2024,,,
168,255,2285,8/5/2024,,,
169,256,612,8/5/2024,,,
170,257,1493,8/5/2024,,,
171,258,48,8/5/2024,,,
172,258,49,8/5/2024,,,
360,258,2914,8/8/2024,,,
173,259,3169,8/5/2024,,,
174,262,225,8/5/2024,,,
176,263,3012,8/5/2024,,,
175,263,3013,8/5/2024,,,
177,264,1942,8/5/2024,,,
178,265,1412,8/5/2024,,,
179,266,3317,8/5/2024,,,
180,266,3318,8/5/2024,,,
181,266,3320,8/5/2024,,,
182,267,2322,8/5/2024,,,
183,267,2323,8/5/2024,,,
184,267,2324,8/5/2024,,,
185,268,2179,8/5/2024,,,
186,269,3224,8/5/2024,,,
187,270,2551,8/5/2024,,,
188,271,2550,8/5/2024,,,
189,272,1463,8/5/2024,,,
190,273,1465,8/5/2024,,,
191,274,1466,8/5/2024,,,
192,275,1467,8/5/2024,,,
193,276,3223,8/5/2024,,,
194,278,607,8/5/2024,,,
195,279,608,8/5/2024,,,
196,280,3046,8/5/2024,,,
280,281,2010,8/5/2024,,,
201,282,507,8/5/2024,,,
22,283,47,8/5/2024,,,
21,284,1475,8/5/2024,,,
20,284,1478,8/5/2024,,,
17,285,1172,8/5/2024,,,
16,285,1173,8/5/2024,,,
18,285,1181,8/5/2024,,,
15,286,1411,8/5/2024,MTD001？,,
13,287,1762,8/5/2024,ODS-033？,,
12,288,1796,8/5/2024,,,
11,289,2528,8/5/2024,,,
10,290,2527,8/5/2024,,,
9,291,2111,8/5/2024,,,
319,292,3110,8/5/2024,,,
8,293,1960,8/5/2024,,,
6,294,2175,8/5/2024,,,
5,295,482,8/5/2024,,,
340,296,3076,8/5/2024,,,
339,297,3213,8/5/2024,,,
338,298,1403,8/5/2024,,,
337,299,146,8/5/2024,,,
336,300,1556,8/5/2024,,,
335,301,481,8/5/2024,,,
334,303,601,8/5/2024,,,
333,304,1525,8/5/2024,MZT-112新,,
332,305,2508,8/5/2024,,,
327,306,1131,8/5/2024,,,
328,306,1132,8/5/2024,,,
329,306,1133,8/5/2024,,,
330,306,1134,8/5/2024,,,
331,306,1135,8/5/2024,,,
324,307,3489,8/5/2024,,,
23,308,3052,8/5/2024,,,
24,309,1950,8/5/2024,,,
25,310,863,8/5/2024,,,
670,310,864,8/16/2024,,,
26,311,2320,8/5/2024,,,
27,312,1479,8/5/2024,,,
29,313,1474,8/5/2024,,,
28,313,1480,8/5/2024,,,
30,314,2172,8/5/2024,,,
34,315,1137,8/5/2024,,,
35,315,2992,8/5/2024,,,
36,317,2175,8/5/2024,,,
37,318,1482,8/5/2024,,,
52,318,1485,8/5/2024,,,
38,319,1867,8/5/2024,,,
1064,319,2424,8/16/2024,,,
2909,320,488,7/12/2025,,,
40,321,3109,8/5/2024,,,
41,322,1562,8/5/2024,,,
42,323,1589,8/5/2024,,,
43,323,1590,8/5/2024,,,
44,324,3481,8/5/2024,,,
45,325,251,8/5/2024,,,
46,326,1715,8/5/2024,,,
47,327,887,8/5/2024,,,
48,328,1144,8/5/2024,,,
49,329,1145,8/5/2024,,,
50,330,1563,8/5/2024,,,
51,331,3054,8/5/2024,,,
54,332,1486,8/5/2024,,,
55,333,1868,8/5/2024,,,
56,334,2503,8/5/2024,,,
57,335,3004,8/5/2024,,,
260,336,670,8/5/2024,JAE-117B,,
261,336,675,8/5/2024,,,
300,337,107,8/5/2024,,,
308,338,403,8/5/2024,NOなしの箱の中,,
309,338,404,8/5/2024,NOなしの箱の中,,
310,338,405,8/5/2024,NOなしの箱の中,,
311,338,406,8/5/2024,NOなしの箱の中,,
307,338,3154,8/5/2024,,,
256,339,1432,8/5/2024,,,
560,340,402,8/16/2024,,,
241,341,3193,8/5/2024,,,
317,342,2142,8/5/2024,,,
262,343,667,8/5/2024,,,
263,343,668,8/5/2024,,,
242,344,2313,8/5/2024,,,
288,345,3286,8/5/2024,,,
266,346,2298,8/5/2024,,,
279,347,3217,8/5/2024,,,
277,348,3287,8/5/2024,,,
278,348,3289,8/5/2024,,,
1535,348,3290,9/18/2024,,,
2935,349,81,8/30/2025,,,
239,350,421,8/5/2024,,,
240,350,422,8/5/2024,,,
225,351,74,8/5/2024,,,
226,352,2054,8/5/2024,,,
243,353,1016,8/5/2024,,,
341,354,292,8/5/2024,,,
342,354,293,8/5/2024,,,
271,355,104,8/5/2024,,,
282,356,2279,8/5/2024,,,
349,357,650,8/5/2024,,,
346,357,651,8/5/2024,,,
343,358,627,8/5/2024,,,
227,359,2208,8/5/2024,,,
244,360,1918,8/5/2024,,,
245,360,1919,8/5/2024,,,
237,361,655,8/5/2024,,,
236,362,1416,8/5/2024,,,
792,362,1460,8/16/2024,,,
231,363,2211,8/5/2024,,,
232,364,2839,8/5/2024,,,
321,365,3117,8/5/2024,,,
86,366,1682,8/5/2024,,,
14,367,550,8/5/2024,,,
214,368,1197,8/5/2024,,,
215,368,1229,8/5/2024,,,
258,369,401,8/5/2024,,,
257,370,979,8/5/2024,,,
558,371,297,8/16/2024,,,
223,372,862,8/5/2024,,,
224,373,3314,8/8/2024,,,
221,374,2180,8/5/2024,,,
222,374,2181,8/5/2024,,,
296,375,3242,8/5/2024,,,
218,376,66,8/5/2024,ADY-078T?,,
217,377,63,8/5/2024,,,
105,378,2427,8/5/2024,,,
213,379,1635,8/5/2024,,,
211,380,617,8/5/2024,,,
212,380,618,8/5/2024,,,
210,381,3047,8/5/2024,,,
276,382,402,8/5/2024,,,
209,382,1582,8/5/2024,,,
208,383,266,8/5/2024,,,
207,384,1318,8/5/2024,,,
914,385,1964,8/16/2024,PP,,
204,386,1426,8/5/2024,,,
205,386,1428,8/5/2024,,,
202,387,176,8/5/2024,,,
203,387,177,8/5/2024,,,
281,388,2010,8/5/2024,,,
326,389,1866,8/5/2024,,,
101,390,1311,8/5/2024,,,
99,391,1140,8/5/2024,,,
100,391,1141,8/5/2024,,,
98,392,2536,8/5/2024,,,
95,393,57,8/5/2024,,,
96,393,58,8/5/2024,,,
97,393,59,8/5/2024,,,
94,394,151,8/5/2024,,,
355,394,2424,8/7/2024,,,
91,395,51,8/5/2024,,,
92,395,52,8/5/2024,,,
93,395,71,8/5/2024,,,
89,396,3439,8/5/2024,,,
90,396,3440,8/5/2024,,,
295,397,1684,8/5/2024,,,
85,398,891,8/5/2024,,,
84,399,541,8/5/2024,,,
82,400,429,8/5/2024,,,
83,400,430,8/5/2024,,,
81,401,896,8/5/2024,,,
80,401,1310,8/5/2024,,,
79,402,1870,8/5/2024,,,
78,403,1148,8/5/2024,,,
77,404,892,8/5/2024,,,
76,405,3010,8/5/2024,,,
75,406,1086,8/5/2024,,,
74,407,3436,8/5/2024,,,
73,408,1570,8/5/2024,,,
72,409,1567,8/5/2024,,,
71,410,1869,8/5/2024,,,
1362,411,1416,9/11/2024,,,
69,412,3214,8/5/2024,,,
31,412,3307,8/5/2024,PS,,
32,412,3309,8/5/2024,PET,,
67,412,3310,8/5/2024,PET,,
68,412,3311,8/5/2024,,,
430,413,3214,8/9/2024,,,
431,413,3216,8/9/2024,,,
66,413,3247,8/5/2024,,,
64,414,2303,8/5/2024,,,
63,415,1414,8/5/2024,,,
62,416,1469,8/5/2024,,,
61,417,3007,8/5/2024,,,
60,418,1083,8/5/2024,,,
59,420,3171,8/5/2024,,,
58,421,3435,8/5/2024,,,
102,422,1088,8/5/2024,,,
103,423,2019,8/5/2024,,,
104,424,1151,8/5/2024,,,
106,425,1150,8/5/2024,,,
108,426,3437,8/5/2024,,,
107,426,3438,8/5/2024,,,
109,426,3447,8/5/2024,,,
110,427,1089,8/5/2024,,,
299,428,1924,8/5/2024,,,
297,428,1925,8/5/2024,,,
298,428,1926,8/5/2024,,,
112,429,542,8/5/2024,,,
113,430,1346,8/5/2024,,,
114,431,982,8/5/2024,,,
116,432,1139,8/5/2024,,,
115,432,1142,8/5/2024,,,
117,433,229,8/5/2024,,,
120,434,2113,8/5/2024,,,
118,434,2114,8/5/2024,,,
119,434,2116,8/5/2024,,,
984,434,2121,8/16/2024,,,
121,435,2115,8/5/2024,,,
122,435,2121,8/5/2024,,,
123,436,3221,8/5/2024,,,
351,438,1861,8/5/2024,,,
111,439,1326,8/5/2024,,,
322,440,241,8/5/2024,,,
350,442,693,8/5/2024,,,
247,443,257,8/5/2024,,,
216,444,1871,8/5/2024,,,
354,445,1138,8/7/2024,,,
436,445,1143,8/9/2024,ノート,,
220,445,1280,8/5/2024,,,
353,450,3103,8/7/2024,,,
463,452,33,8/16/2024,,,
467,453,33,8/16/2024,,,
613,454,569,8/16/2024,,,
614,455,570,8/16/2024,,,
615,455,571,8/16/2024,,,
1062,456,2532,8/16/2024,,,
2781,457,3424,1/28/2025,,,
2779,458,3425,1/28/2025,,,
2780,458,3426,1/28/2025,,,
751,459,1107,8/16/2024,,,
752,459,1108,8/16/2024,,,
2772,460,1109,1/28/2025,,,
2773,460,1112,1/28/2025,,,
2774,460,1113,1/28/2025,,,
2775,460,1114,1/28/2025,,,
2776,460,1115,1/28/2025,,,
2777,460,1116,1/28/2025,,,
2778,460,1117,1/28/2025,,,
731,461,1109,8/16/2024,左,,
2766,461,1112,1/28/2025,,,
2767,461,1113,1/28/2025,,,
2768,461,1114,1/28/2025,,,
2769,461,1115,1/28/2025,,,
2770,461,1116,1/28/2025,,,
2771,461,1117,1/28/2025,,,
732,461,1119,8/16/2024,,,
824,462,1624,8/16/2024,,,
889,463,1852,8/16/2024,,,
585,464,520,8/16/2024,,,
586,465,518,8/16/2024,,,
1361,466,3099,9/11/2024,,,
539,467,282,8/16/2024,,,
540,467,2163,8/16/2024,,,
2765,468,4324,1/28/2025,,,
1089,469,2896,8/16/2024,,,
1106,470,2415,8/16/2024,,,
1105,470,2745,8/16/2024,,,
2764,470,2799,1/28/2025,,,
1096,471,2533,8/16/2024,,,
1063,473,2531,8/16/2024,,,
1055,474,2524,8/16/2024,,,
1100,475,2525,8/16/2024,,,
1101,476,2526,8/16/2024,,,
1102,477,2530,8/16/2024,,,
2625,478,2535,1/24/2025,,,
1371,485,3411,9/11/2024,,,
508,486,160,8/16/2024,,,
1092,490,2428,8/16/2024,,,
1093,490,2944,8/16/2024,,,
356,491,1304,8/7/2024,,,
357,491,1307,8/7/2024,,,
358,491,1308,8/7/2024,,,
359,491,3432,8/7/2024,,,
795,492,1420,8/16/2024,,,
767,493,1312,8/16/2024,,,
1538,493,1314,9/20/2024,,,
1536,493,1315,9/20/2024,,,
1537,493,1316,9/20/2024,,,
712,494,982,8/16/2024,KKC002新ん,,
789,495,1421,8/16/2024,,,
818,497,1595,8/16/2024,,,
756,498,1159,8/16/2024,,,
569,499,418,8/16/2024,,,
1071,500,2755,8/16/2024,,,
623,502,595,8/16/2024,,,
1365,503,3413,9/11/2024,,,
1364,503,3419,9/11/2024,,,
1366,503,3550,9/11/2024,,,
1084,505,2898,8/16/2024,Keo ve phia truoc,,
1085,505,2948,8/16/2024,レスする時フレーム当たっていないか確認,,
473,509,44,8/16/2024,,,
951,510,2070,8/16/2024,,,
1031,515,2300,8/16/2024,,,
365,522,1222,8/8/2024,,,
362,522,1223,8/8/2024,,,
363,522,1226,8/8/2024,,,
364,522,1227,8/8/2024,,,
958,523,2076,8/16/2024,,,
959,523,2080,8/16/2024,,,
2800,523,4329,1/28/2025,,,
695,525,959,8/16/2024,,,
696,526,960,8/16/2024,,,
1151,527,3046,8/16/2024,,,
830,530,1637,8/16/2024,,,
831,530,1639,8/16/2024,,,
832,530,1640,8/16/2024,,,
821,531,1598,8/16/2024,NGS013AB,,
1032,532,2307,8/16/2024,,,
1104,533,2866,8/16/2024,,,
744,534,1187,8/16/2024,KSP-105,,
745,534,1238,8/16/2024,,,
746,534,1239,8/16/2024,,,
749,534,1240,8/16/2024,,,
747,534,1244,8/16/2024,,,
748,534,1245,8/16/2024,,,
620,535,584,8/16/2024,,,
763,536,1319,8/16/2024,,,
764,536,1320,8/16/2024,,,
765,536,1323,8/16/2024,,,
766,537,1318,8/16/2024,,,
460,538,17,8/16/2024,,,
459,538,18,8/16/2024,,,
1136,539,2966,8/16/2024,,,
1134,540,2967,8/16/2024,,,
907,541,1948,8/16/2024,,,
1037,542,2309,8/16/2024,,,
772,543,1352,8/16/2024,,,
1152,544,3048,8/16/2024,,,
878,545,1807,8/16/2024,,,
629,546,614,8/16/2024,,,
630,546,615,8/16/2024,,,
485,547,65,8/16/2024,,,
861,548,1767,8/16/2024,,,
1030,549,2299,8/16/2024,,,
669,550,861,8/16/2024,,,
2795,551,2277,1/28/2025,,,
2796,552,2276,1/28/2025,,,
1027,552,2277,8/16/2024,,,
534,553,259,8/16/2024,,,
495,554,97,8/16/2024,,,
1859,554,1363,12/9/2024,,,
820,555,1597,8/16/2024,,,
1072,556,2865,8/16/2024,,,
1073,556,2868,8/16/2024,R3,,
574,557,508,8/16/2024,,,
575,557,509,8/16/2024,,,
578,557,512,8/16/2024,,,
579,557,513,8/16/2024,,,
580,557,514,8/16/2024,,,
895,558,1899,8/16/2024,,,
893,558,1900,8/16/2024,,,
894,558,1902,8/16/2024,,,
877,559,1808,8/16/2024,,,
544,560,292,8/16/2024,,,
545,560,293,8/16/2024,,,
827,561,1643,8/16/2024,,,
828,561,1644,8/16/2024,,,
829,561,1645,8/16/2024,,,
956,562,2079,8/16/2024,,,
957,562,2088,8/16/2024,,,
546,563,294,8/16/2024,,,
950,564,2057,8/16/2024,,,
626,566,606,8/16/2024,,,
627,566,897,8/16/2024,,,
1034,567,2310,8/16/2024,,,
1036,567,2315,8/16/2024,,,
1035,567,2316,8/16/2024,,,
1095,568,2715,8/16/2024,,,
1094,568,2840,8/16/2024,,,
1372,570,3157,9/11/2024,,,
486,571,85,8/16/2024,,,
2788,572,1069,1/28/2025,,,
1033,573,2316,8/16/2024,SZT-007T,,
703,574,971,8/16/2024,,,
702,574,972,8/16/2024,KIK003Txxx,,
631,575,673,8/16/2024,,,
632,575,674,8/16/2024,,,
633,575,688,8/16/2024,,,
634,575,689,8/16/2024,,,
635,575,694,8/16/2024,,,
636,575,695,8/16/2024,,,
637,575,696,8/16/2024,,,
638,575,697,8/16/2024,,,
494,578,89,8/16/2024,ADY-099B,,
493,578,90,8/16/2024,ADY-099T,,
1114,579,2511,8/16/2024,,,
704,580,969,8/16/2024,,,
1544,580,3596,9/30/2024,,,
707,581,970,8/16/2024,,,
706,581,972,8/16/2024,,,
985,583,2127,8/16/2024,,,
1039,584,2352,8/16/2024,,,
496,586,132,8/16/2024,ALP-001,,
497,586,3238,8/16/2024,,,
487,588,90,8/16/2024,ADY-099TB,,
640,589,683,8/16/2024,,,
697,590,965,8/16/2024,,,
554,592,309,8/16/2024,,,
701,593,975,8/16/2024,,,
983,594,2132,8/16/2024,,,
709,596,974,8/16/2024,,,
369,597,702,8/8/2024,JAE-169,,
370,597,706,8/8/2024,,,
371,597,744,8/8/2024,2021.6.19　茨城工場　491ｘ341,,
372,597,750,8/8/2024,,,
373,597,752,8/8/2024,,,
374,597,753,8/8/2024,,,
375,597,754,8/8/2024,,,
926,598,2009,8/16/2024,,,
891,599,1890,8/16/2024,,,
927,600,2008,8/16/2024,,,
918,601,2012,8/16/2024,,,
922,602,2011,8/16/2024,,,
885,604,1837,8/16/2024,,,
998,605,2190,8/16/2024,,,
999,605,2191,8/16/2024,,,
700,606,977,8/16/2024,,,
699,606,978,8/16/2024,,,
641,610,718,8/16/2024,,,
642,610,719,8/16/2024,,,
644,612,682,8/16/2024,,,
1011,613,2249,8/16/2024,,,
900,614,1922,8/16/2024,,,
2718,615,3199,1/28/2025,,,
2719,615,3200,1/28/2025,,,
788,616,1435,8/16/2024,,,
548,617,301,8/16/2024,,,
549,617,307,8/16/2024,,,
550,617,308,8/16/2024,,,
551,617,341,8/16/2024,,,
681,618,925,8/16/2024,,,
682,618,926,8/16/2024,,,
683,618,929,8/16/2024,,,
684,618,930,8/16/2024,,,
685,618,932,8/16/2024,,,
1069,619,2686,8/16/2024,,,
1070,619,2687,8/16/2024,,,
1120,620,2853,8/16/2024,,,
1373,621,3199,9/11/2024,,,
1002,622,2197,8/16/2024,PS,,
2442,622,4270,1/22/2025,PS,,
1004,623,2197,8/16/2024,PP,,
1005,623,2205,8/16/2024,PP,,
2440,623,2207,1/22/2025,PP,,
2438,623,4270,1/22/2025,PP,,
2439,623,4271,1/22/2025,PP,,
446,624,1491,8/15/2024,,,
447,624,1492,8/15/2024,,,
1380,625,1861,9/11/2024,,,
1066,626,2810,8/16/2024,,,
710,628,980,8/16/2024,,,
2902,629,2201,7/12/2025,PS,,
1008,630,2202,8/16/2024,PS,,
1009,631,2202,8/16/2024,PP,,
376,632,2201,8/8/2024,,,
377,632,2206,8/8/2024,,,
769,633,1338,8/16/2024,,,
770,633,1339,8/16/2024,,,
1000,634,2194,8/16/2024,,,
561,635,409,8/16/2024,,,
563,635,410,8/16/2024,,,
564,635,411,8/16/2024,,,
565,635,412,8/16/2024,,,
2433,635,413,1/22/2025,,,
2434,635,414,1/22/2025,,,
621,636,588,8/16/2024,,,
1042,637,2363,8/16/2024,,,
1024,638,2250,8/16/2024,,,
1025,638,2251,8/16/2024,,,
378,639,2914,8/8/2024,,,
759,640,1292,8/16/2024,,,
713,641,988,8/16/2024,,,
760,642,1291,8/16/2024,,,
2430,642,1292,1/22/2025,,,
1375,644,3128,9/11/2024,,,
797,645,1523,8/16/2024,,,
379,646,1437,8/8/2024,ｘ2,,
622,647,588,8/16/2024,,,
1017,648,2256,8/16/2024,,,
802,649,1540,8/16/2024,,,
646,650,783,8/16/2024,,,
1113,651,2735,8/16/2024,,,
553,652,381,8/16/2024,,,
791,653,1420,8/16/2024,,,
647,656,791,8/16/2024,,,
535,657,273,8/16/2024,,,
381,659,97,8/8/2024,1Fシャッター,,
380,659,1363,8/8/2024,,,
383,660,2718,8/8/2024,,,
384,660,2719,8/8/2024,,,
385,660,2720,8/8/2024,,,
386,660,2721,8/8/2024,,,
387,660,2770,8/8/2024,,,
388,660,2771,8/8/2024,,,
389,660,2772,8/8/2024,,,
390,660,2773,8/8/2024,,,
382,660,2807,8/8/2024,,,
392,661,2433,8/8/2024,,,
393,661,2434,8/8/2024,,,
394,661,2435,8/8/2024,,,
391,661,2511,8/8/2024,,,
395,661,2774,8/8/2024,,,
397,661,2950,8/8/2024,,,
398,661,2951,8/8/2024,,,
399,661,2952,8/8/2024,,,
396,661,2953,8/8/2024,,,
1059,662,2722,8/16/2024,,,
400,663,628,8/8/2024,,,
404,663,659,8/8/2024,JAE-083ー＞JAE-026,,
401,663,666,8/8/2024,JAE-112ー＞No631　JAE-026カッター270ｘ270,,
403,664,653,8/8/2024,JAE-070　ー＞　JAE-212（高刃カッター）,,
402,664,741,8/8/2024,,,
405,667,2436,8/8/2024,,,
406,667,2714,8/8/2024,,,
407,667,3149,8/8/2024,,,
816,669,1578,8/16/2024,,,
916,670,2015,8/16/2024,,,
917,671,2016,8/16/2024,,,
570,672,419,8/16/2024,,,
413,674,740,8/8/2024,,,
409,674,2718,8/8/2024,,,
410,674,2719,8/8/2024,,,
408,674,2722,8/8/2024,,,
411,674,2770,8/8/2024,,,
412,674,2771,8/8/2024,,,
886,675,1840,8/16/2024,,,
2429,677,3127,1/22/2025,,,
1057,678,2554,8/16/2024,,,
1053,679,2471,8/16/2024,,,
1041,680,2354,8/16/2024,,,
1122,682,2776,8/16/2024,フィルム,,
1121,683,2776,8/16/2024,,,
1051,684,2552,8/16/2024,,,
1048,685,2553,8/16/2024,,,
814,686,1498,8/16/2024,,,
815,686,1499,8/16/2024,,,
803,687,1500,8/16/2024,,,
809,688,1501,8/16/2024,,,
810,689,1509,8/16/2024,,,
813,690,1499,8/16/2024,,,
800,692,1473,8/16/2024,,,
807,693,1515,8/16/2024,,,
801,694,1516,8/16/2024,,,
567,695,407,8/16/2024,XX,,
787,698,1433,8/16/2024,,,
796,699,1434,8/16/2024,,,
1050,700,2680,8/16/2024,,,
576,703,488,8/16/2024,EXD-018,,
577,703,3110,8/16/2024,,,
1076,704,2439,8/16/2024,,,
1077,704,2514,8/16/2024,,,
1078,704,2717,8/16/2024,,,
414,706,890,8/8/2024,,,
415,706,931,8/8/2024,,,
416,707,893,8/8/2024,,,
417,707,925,8/8/2024,,,
418,707,926,8/8/2024,,,
419,707,929,8/8/2024,,,
420,707,930,8/8/2024,,,
421,707,932,8/8/2024,インラインカッター変更,,
423,708,924,8/8/2024,高さ4ｃｍ　新しいプレスカッターある,,
422,708,933,8/8/2024,高さが合わないインラインカッターつかう,,
913,709,1961,8/16/2024,,,
1133,710,2966,8/16/2024,,,
1135,711,2967,8/16/2024,,,
1123,712,2776,8/16/2024,,,
424,713,2284,8/8/2024,,,
425,713,2285,8/8/2024,,,
426,713,2286,8/8/2024,,,
427,713,2287,8/8/2024,,,
953,714,2082,8/16/2024,,,
506,715,156,8/16/2024,,,
505,716,157,8/16/2024,,,
435,721,35,8/9/2024,,,
434,721,3412,8/9/2024,PP,,
516,724,190,8/16/2024,,,
1088,727,2537,8/16/2024,,,
1165,728,3412,,PS,,
451,729,1861,8/16/2024,,,
527,733,228,8/16/2024,,,
537,734,333,8/16/2024,,,
812,735,1473,8/16/2024,,,
429,736,2168,8/9/2024,,,
428,736,2169,8/9/2024,,,
804,737,1476,8/16/2024,,,
1074,740,2695,8/16/2024,,,
1075,740,2696,8/16/2024,,,
805,741,1481,8/16/2024,,,
967,743,1383,8/16/2024,,,
966,743,1384,8/16/2024,,,
965,743,2094,8/16/2024,,,
724,744,1077,8/16/2024,,,
725,744,1081,8/16/2024,,,
1156,745,3095,8/16/2024,,,
890,746,1855,8/16/2024,,,
857,747,1756,8/16/2024,,,
531,748,242,8/16/2024,,,
994,749,2165,8/16/2024,,,
806,750,1483,8/16/2024,,,
912,751,1959,8/16/2024,,,
808,752,1484,8/16/2024,,,
858,753,1757,8/16/2024,,,
979,754,2107,8/16/2024,,,
786,755,1401,8/16/2024,,,
1079,756,2792,8/16/2024,,,
2632,757,2831,1/24/2025,,,
1080,757,2833,8/16/2024,6-142-9A,,
2631,758,2832,1/24/2025,,,
1081,758,2833,8/16/2024,6-142-9B,,
1112,759,2881,8/16/2024,,,
867,760,1761,8/16/2024,,,
528,761,239,8/16/2024,,,
432,762,1129,8/9/2024,,,
433,762,1130,8/9/2024,,,
1143,763,2987,8/16/2024,,,
1144,763,2988,8/16/2024,,,
529,764,237,8/16/2024,,,
2630,765,135,1/24/2025,,,
723,767,1078,8/16/2024,,,
2624,768,526,1/24/2025,,,
1067,769,2588,8/16/2024,,,
1068,770,2523,8/16/2024,,,
501,771,140,8/16/2024,,,
502,772,142,8/16/2024,,,
503,772,145,8/16/2024,,,
468,773,32,8/16/2024,,,
454,774,1861,8/16/2024,,,
2622,774,4291,1/24/2025,,,
2621,775,3511,1/24/2025,,,
825,777,1628,8/16/2024,,,
833,778,1674,8/16/2024,,,
2619,779,3760,1/24/2025,,,
753,780,1120,8/16/2024,,,
754,780,1122,8/16/2024,,,
755,780,2986,8/16/2024,,,
1082,781,2879,8/16/2024,,,
1083,781,2880,8/16/2024,,,
469,782,34,8/16/2024,,,
2618,783,1072,1/24/2025,,,
722,783,1092,8/16/2024,,,
1381,784,3272,9/11/2024,,,
472,785,36,8/16/2024,,,
2617,785,4126,1/24/2025,,,
836,786,1675,8/16/2024,,,
1411,787,3111,9/11/2024,,,
819,788,1585,8/16/2024,,,
1426,789,3104,9/11/2024,,,
843,790,1700,8/16/2024,,,
844,790,1701,8/16/2024,,,
860,791,1750,8/16/2024,,,
908,792,1949,8/16/2024,,,
888,793,1854,8/16/2024,,,
489,794,49,8/16/2024,,,
993,795,2163,8/16/2024,,,
2441,796,2644,1/22/2025,,,
437,796,2646,8/9/2024,ノート,,
1150,797,3015,8/16/2024,,,
440,798,1036,8/15/2024,,,
439,798,1037,8/15/2024,,,
442,798,1039,8/15/2024,,,
441,798,1040,8/15/2024,,,
443,798,1044,8/15/2024,,,
444,798,1045,8/15/2024,,,
1040,799,2356,8/16/2024,,,
448,801,1491,8/15/2024,,,
449,801,1492,8/15/2024,,,
1038,807,2321,8/16/2024,,,
1109,811,2683,8/16/2024,,,
1110,811,2685,8/16/2024,,,
1111,811,2818,8/16/2024,,,
975,814,2093,8/16/2024,,,
976,814,2095,8/16/2024,,,
977,814,3079,8/16/2024,,,
978,814,3080,8/16/2024,,,
587,815,529,8/16/2024,,,
588,815,1388,8/16/2024,PS,,
1142,816,609,8/16/2024,,,
2385,816,682,1/21/2025,,,
1141,816,1393,8/16/2024,,,
1140,816,2067,8/16/2024,,,
2397,816,2972,1/21/2025,,,
1138,816,3323,8/16/2024,,,
2386,816,4260,1/21/2025,,,
686,817,889,8/16/2024,,,
687,817,895,8/16/2024,,,
2412,818,167,1/21/2025,,,
671,818,865,8/16/2024,,,
675,818,870,8/16/2024,,,
672,818,1033,8/16/2024,,,
674,818,2033,8/16/2024,,,
673,818,2971,8/16/2024,,,
2411,818,4268,1/21/2025,,,
1117,819,2559,8/16/2024,,,
1115,819,2730,8/16/2024,,,
1116,819,2731,8/16/2024,,,
648,820,682,8/16/2024,,,
649,820,773,8/16/2024,,,
650,820,822,8/16/2024,,,
2449,820,833,1/22/2025,,,
651,820,834,8/16/2024,,,
652,820,859,8/16/2024,,,
1018,821,2235,8/16/2024,,,
1019,821,2239,8/16/2024,,,
1021,821,2241,8/16/2024,,,
2874,821,2248,3/22/2025,,,
1020,821,2252,8/16/2024,,,
1022,821,2266,8/16/2024,,,
1023,821,2269,8/16/2024,,,
2875,821,4357,3/22/2025,,,
2921,821,4537,7/25/2025,,,
2972,821,4544,12/1/2025,,,
2973,821,4546,12/1/2025,,,
2974,821,4547,12/1/2025,,,
2975,821,4662,12/1/2025,,,
2977,821,4663,12/1/2025,,,
2976,821,4667,12/1/2025,,,
3004,821,4715,2/9/2026,,,
3005,821,4716,2/9/2026,,,
3014,821,4743,3/17/2026,,,
1153,822,3050,8/16/2024,,,
1154,822,3056,8/16/2024,,,
1125,823,2483,8/16/2024,,,
992,824,2158,8/16/2024,,,
1026,825,2240,8/16/2024,,,
972,826,2098,8/16/2024,,,
971,826,2101,8/16/2024,,,
980,827,2099,8/16/2024,,,
981,827,2100,8/16/2024,,,
757,828,1288,8/16/2024,,,
964,829,113,8/16/2024,,,
961,829,2081,8/16/2024,,,
962,829,2083,8/16/2024,,,
963,829,2086,8/16/2024,,,
566,830,399,8/16/2024,,,
1012,831,2225,8/16/2024,,,
1013,831,2232,8/16/2024,,,
1014,831,2233,8/16/2024,,,
1015,831,2235,8/16/2024,,,
1016,831,2252,8/16/2024,,,
906,832,1936,8/16/2024,,,
1358,833,3324,9/11/2024,,,
610,834,563,8/16/2024,,,
597,835,555,8/16/2024,,,
598,835,2104,8/16/2024,,,
602,835,2109,8/16/2024,,,
603,835,2110,8/16/2024,,,
601,835,2112,8/16/2024,,,
2402,835,2117,1/21/2025,,,
604,835,2119,8/16/2024,,,
2400,835,2129,1/21/2025,,,
2401,835,2137,1/21/2025,,,
2399,835,4263,1/21/2025,,,
3032,835,4781,4/14/2026,,,
736,836,1095,8/16/2024,,,
737,836,1096,8/16/2024,,,
909,837,1951,8/16/2024,,,
850,838,1720,8/16/2024,,,
853,838,1727,8/16/2024,,,
2452,839,915,1/22/2025,,,
2453,839,916,1/22/2025,,,
1363,840,3196,9/11/2024,,,
1357,841,1861,9/11/2024,,,
768,842,1336,8/16/2024,,,
849,843,1729,8/16/2024,,,
848,844,1730,8/16/2024,,,
982,845,2103,8/16/2024,,,
2454,846,2149,1/22/2025,,,
678,847,886,8/16/2024,,,
590,848,532,8/16/2024,,,
740,849,1097,8/16/2024,,,
898,850,1912,8/16/2024,,,
606,851,557,8/16/2024,,,
2936,851,4569,9/8/2025,,,
2937,851,4570,9/8/2025,,,
571,852,420,8/16/2024,,,
453,853,1861,8/16/2024,,,
2455,853,3494,1/22/2025,,,
863,854,1739,8/16/2024,,,
854,855,1685,8/16/2024,,,
855,855,1686,8/16/2024,,,
856,855,1691,8/16/2024,,,
859,856,1737,8/16/2024,,,
938,857,2043,8/16/2024,,,
1098,858,2416,8/16/2024,,,
1099,858,2418,8/16/2024,,,
987,859,2105,8/16/2024,,,
988,859,2120,8/16/2024,,,
952,860,2065,8/16/2024,,,
954,860,2066,8/16/2024,,,
2456,861,2715,1/22/2025,,,
1060,861,2716,8/16/2024,3-160-9,,
1058,862,2877,8/16/2024,,,
2410,862,4267,1/21/2025,,,
608,863,555,8/16/2024,,,
607,863,556,8/16/2024,,,
1006,864,2193,8/16/2024,,,
1056,865,2897,8/16/2024,,,
450,866,868,8/16/2024,,,
1425,867,3372,9/11/2024,,,
1010,868,2213,8/16/2024,R2,,
2457,868,2214,1/22/2025,,,
457,869,1861,8/16/2024,,,
690,870,951,8/16/2024,,,
573,871,441,8/16/2024,,,
1862,872,936,12/9/2024,,,
1861,872,939,12/9/2024,,,
718,873,1041,8/16/2024,,,
923,874,2001,8/16/2024,,,
924,874,2014,8/16/2024,,,
925,874,2182,8/16/2024,,,
2458,875,3321,1/22/2025,,,
2459,875,4272,1/22/2025,,,
2460,875,4273,1/22/2025,,,
688,876,904,8/16/2024,,,
689,876,905,8/16/2024,,,
458,877,1861,8/16/2024,,,
538,878,277,8/16/2024,,,
940,879,437,8/16/2024,,,
941,879,438,8/16/2024,,,
939,879,2034,8/16/2024,,,
582,880,519,8/16/2024,,,
944,881,2035,8/16/2024,,,
989,882,2097,8/16/2024,,,
583,883,520,8/16/2024,,,
1166,883,1844,,,,
1061,884,2400,8/16/2024,,,
2408,884,3108,1/21/2025,,,
611,885,566,8/16/2024,,,
612,885,567,8/16/2024,,,
1049,886,2569,8/16/2024,,,
1137,887,2975,8/16/2024,,,
714,888,1009,8/16/2024,,,
594,889,549,8/16/2024,,,
942,890,2051,8/16/2024,,,
1046,891,2388,8/16/2024,,,
498,892,135,8/16/2024,,,
1398,893,3276,9/11/2024,,,
955,894,2084,8/16/2024,,,
1054,895,2567,8/16/2024,,,
834,896,1673,8/16/2024,,,
835,896,2102,8/16/2024,,,
462,897,27,8/16/2024,,,
2462,898,3239,1/22/2025,,,
2463,898,3240,1/22/2025,,,
694,899,901,8/16/2024,,,
591,900,534,8/16/2024,,,
1097,901,2451,8/16/2024,,,
1157,902,3082,8/16/2024,,,
616,903,575,8/16/2024,,,
617,903,1008,8/16/2024,,,
618,903,3050,8/16/2024,,,
619,903,3495,8/16/2024,,,
738,904,1098,8/16/2024,,,
840,905,1688,8/16/2024,,,
841,905,1689,8/16/2024,,,
842,905,1690,8/16/2024,,,
499,906,136,8/16/2024,,,
500,906,139,8/16/2024,,,
915,907,1966,8/16/2024,,,
717,908,1054,8/16/2024,,,
2406,909,278,1/21/2025,,,
541,909,279,8/16/2024,,,
543,910,276,8/16/2024,,,
741,911,1099,8/16/2024,,,
742,911,1100,8/16/2024,,,
743,911,1101,8/16/2024,,,
464,912,28,8/16/2024,,,
471,912,29,8/16/2024,,,
465,913,31,8/16/2024,,,
2464,914,3237,1/22/2025,,,
2913,915,135,7/18/2025,,,
2917,915,2887,7/18/2025,,,
991,916,2156,8/16/2024,,,
936,917,673,8/16/2024,,,
937,917,674,8/16/2024,,,
935,917,2047,8/16/2024,,,
715,918,1061,8/16/2024,,,
592,919,535,8/16/2024,,,
593,919,536,8/16/2024,,,
845,920,1697,8/16/2024,,,
846,920,1698,8/16/2024,,,
677,921,878,8/16/2024,,,
947,922,170,8/16/2024,,,
948,922,171,8/16/2024,,,
949,922,172,8/16/2024,,,
945,922,2048,8/16/2024,,,
946,922,3412,8/16/2024,,,
970,923,2106,8/16/2024,,,
716,924,1067,8/16/2024,,,
2465,924,4274,1/22/2025,,,
490,925,56,8/16/2024,,,
928,926,2020,8/16/2024,,,
929,926,2024,8/16/2024,,,
930,926,2025,8/16/2024,,,
902,927,1874,8/16/2024,,,
901,927,1935,8/16/2024,,,
905,927,1940,8/16/2024,,,
904,927,2157,8/16/2024,,,
903,927,2159,8/16/2024,,,
2466,927,2161,1/22/2025,,,
884,928,1835,8/16/2024,,,
919,929,2007,8/16/2024,,,
920,929,2017,8/16/2024,スタ,,
921,929,3004,8/16/2024,,,
596,930,553,8/16/2024,,,
556,931,353,8/16/2024,,,
555,931,354,8/16/2024,,,
557,931,370,8/16/2024,,,
2992,931,4691,1/5/2026,,,
2467,932,981,1/22/2025,,,
882,933,1836,8/16/2024,,,
881,933,1838,8/16/2024,,,
883,933,1839,8/16/2024,,,
1148,934,3020,8/16/2024,,,
1155,935,3057,8/16/2024,,,
784,936,1367,8/16/2024,,,
2468,936,1368,1/22/2025,,,
2469,936,1369,1/22/2025,,,
491,937,86,8/16/2024,,,
533,938,252,8/16/2024,,,
532,938,253,8/16/2024,,,
973,939,2129,8/16/2024,,,
974,939,2139,8/16/2024,,,
934,940,1431,8/16/2024,,,
932,940,2019,8/16/2024,,,
931,940,2021,8/16/2024,,,
933,940,2022,8/16/2024,,,
870,941,1798,8/16/2024,,,
2470,942,1366,1/22/2025,,,
876,943,1300,8/16/2024,スタ254,,
875,943,1799,8/16/2024,,,
581,944,510,8/16/2024,,,
874,945,1812,8/16/2024,,,
461,946,21,8/16/2024,,,
2471,947,604,1/22/2025,,,
625,947,605,8/16/2024,,,
628,947,2007,8/16/2024,,,
868,948,1793,8/16/2024,,,
869,948,1794,8/16/2024,,,
1086,949,2885,8/16/2024,,,
758,950,1289,8/16/2024,,,
2938,950,4575,9/12/2025,,,
2981,950,4676,12/9/2025,,,
773,951,1362,8/16/2024,,,
774,951,1364,8/16/2024,,,
775,951,1365,8/16/2024,,,
779,951,1370,8/16/2024,,,
776,951,1371,8/16/2024,,,
778,951,1372,8/16/2024,,,
777,951,1375,8/16/2024,,,
589,952,530,8/16/2024,,,
2395,952,531,1/21/2025,,,
871,953,1813,8/16/2024,,,
873,953,1815,8/16/2024,,,
872,953,1817,8/16/2024,,,
879,955,1833,8/16/2024,,,
1130,956,2618,8/16/2024,,,
1131,956,2624,8/16/2024,,,
1132,956,2630,8/16/2024,,,
654,957,712,8/16/2024,,,
662,959,687,8/16/2024,,,
822,962,1618,8/16/2024,,,
1149,963,3015,8/16/2024,,,
2414,964,3112,1/22/2025,,,
2417,964,3113,1/22/2025,,,
2416,964,3121,1/22/2025,,,
2420,965,1813,1/22/2025,,,
2421,965,1815,1/22/2025,,,
2422,965,1817,1/22/2025,,,
665,966,669,8/16/2024,,,
663,966,723,8/16/2024,,,
664,966,724,8/16/2024,,,
995,967,2175,8/16/2024,,,
2413,967,3701,1/22/2025,,,
2419,968,966,1/22/2025,,,
655,969,750,8/16/2024,,,
657,969,752,8/16/2024,,,
656,969,753,8/16/2024,,,
658,969,754,8/16/2024,,,
823,970,1622,8/16/2024,,,
510,971,182,8/16/2024,,,
511,971,183,8/16/2024,,,
2423,971,1968,1/22/2025,,,
514,971,1969,8/16/2024,,,
513,971,2258,8/16/2024,,,
2424,971,2262,1/22/2025,,,
2425,971,2275,1/22/2025,,,
512,971,2985,8/16/2024,,,
2026,971,4082,12/16/2024,,,
1378,972,935,9/11/2024,,,
2418,973,191,1/22/2025,,,
519,973,198,8/16/2024,,,
518,973,199,8/16/2024,,,
520,973,200,8/16/2024,,,
521,973,202,8/16/2024,,,
522,973,203,8/16/2024,,,
523,973,212,8/16/2024,,,
517,973,1619,8/16/2024,ATS-002,,
492,974,54,8/16/2024,,,
456,975,3326,8/16/2024,,,
2426,975,4269,1/22/2025,,,
986,976,2096,8/16/2024,,,
735,977,1281,8/16/2024,,,
990,978,2126,8/16/2024,,,
1124,979,2424,8/16/2024,,,
2396,979,4222,1/21/2025,,,
1129,980,2493,8/16/2024,,,
1128,980,2871,8/16/2024,,,
3022,980,4768,3/27/2026,,,
865,981,1771,8/16/2024,,,
866,981,1772,8/16/2024,,,
1146,982,3017,8/16/2024,,,
1147,982,3028,8/16/2024,,,
864,983,1768,8/16/2024,,,
2427,984,3160,1/22/2025,,,
509,985,184,8/16/2024,,,
799,986,1533,8/16/2024,,,
969,987,2135,8/16/2024,,,
1145,988,3002,8/16/2024,,,
1360,989,1744,9/11/2024,,,
1359,989,3379,9/11/2024,,,
2407,989,4265,1/21/2025,,,
997,990,2183,8/16/2024,,,
1370,991,3413,9/11/2024,,,
1369,991,3418,9/11/2024,,,
2428,991,3419,1/22/2025,,,
1368,991,3550,9/11/2024,,,
1856,992,3112,12/9/2024,,,
1857,992,3113,12/9/2024,,,
1858,992,3121,12/9/2024,,,
666,993,775,8/16/2024,,,
851,994,1732,8/16/2024,,,
852,994,1734,8/16/2024,,,
1127,995,2720,8/16/2024,,,
1126,996,2776,8/16/2024,フィルム,,
595,997,551,8/16/2024,,,
1374,999,1861,9/11/2024,,,
1029,1001,2292,8/16/2024,,,
645,1006,747,8/16/2024,,,
525,1009,204,8/16/2024,,,
526,1010,205,8/16/2024,,,
1118,1011,2775,8/16/2024,,,
1119,1012,2470,8/16/2024,,,
1108,1013,2471,8/16/2024,,,
1047,1014,2778,8/16/2024,,,
568,1015,415,8/16/2024,,,
2444,1016,3300,1/22/2025,,,
2445,1017,3168,1/22/2025,,,
667,1018,785,8/16/2024,,,
1052,1019,2849,8/16/2024,,,
1043,1020,2641,8/16/2024,,,
1044,1020,2642,8/16/2024,,,
1045,1020,2643,8/16/2024,,,
1090,1021,2428,8/16/2024,,,
2446,1023,2428,1/22/2025,,,
1091,1023,2429,8/16/2024,,,
896,1024,1903,8/16/2024,,,
897,1024,1904,8/16/2024,,,
892,1025,1907,8/16/2024,,,
668,1026,814,8/16/2024,,,
536,1027,275,8/16/2024,,,
1379,1030,1861,9/11/2024,,,
1158,1033,397,8/17/2024,,,
1159,1034,397,8/17/2024,,,
1160,1035,2720,8/17/2024,,,
1161,1036,2720,,再作成抜き型,,
1169,1037,2366,8/26/2024,,,
1193,1038,176,9/3/2024,,,
1194,1038,177,9/3/2024,,,
1181,1039,176,,,,
1182,1039,177,,,,
1183,1039,1821,,,,
2887,1039,1823,7/10/2025,ハイ,,
1188,1040,1800,8/31/2024,,,
1218,1040,1801,9/4/2024,,,
1219,1041,2179,9/4/2024,,,
1223,1043,2430,9/4/2024,,,
1220,1043,2510,9/4/2024,,,
1184,1044,986,,,,
1228,1045,2122,9/4/2024,,,
1229,1046,3312,9/4/2024,,,
1237,1047,1804,9/4/2024,,,
1239,1047,1805,9/4/2024,,,
1185,1048,1495,,,,
1192,1049,3225,9/3/2024,,,
1241,1049,3449,9/4/2024,,,
1429,1050,3326,9/11/2024,,,
2472,1050,4030,1/22/2025,,,
1281,1052,3278,9/6/2024,,,
1431,1054,3313,9/11/2024,,,
1243,1055,289,9/4/2024,,,
2474,1055,367,1/22/2025,,,
2473,1055,368,1/22/2025,,,
2475,1055,373,1/22/2025,,,
2476,1055,380,1/22/2025,,,
2477,1055,383,1/22/2025,,,
2478,1055,389,1/22/2025,,,
2479,1056,614,1/22/2025,,,
1247,1056,615,9/4/2024,,,
2480,1056,616,1/22/2025,,,
1248,1056,622,9/4/2024,,,
1251,1057,2224,9/4/2024,,,
1254,1058,1583,9/4/2024,,,
1264,1060,1806,9/5/2024,,,
1249,1061,1712,9/4/2024,,,
1256,1061,1714,9/4/2024,,,
1277,1062,662,9/6/2024,,,
2481,1062,692,1/22/2025,,,
1276,1062,693,9/6/2024,,,
1278,1062,708,9/6/2024,,,
1279,1062,709,9/6/2024,,,
1282,1062,714,9/6/2024,,,
1266,1062,756,9/5/2024,,,
2387,1062,827,1/21/2025,,,
1283,1063,62,9/6/2024,,,
2482,1064,131,1/22/2025,,,
1285,1064,132,9/6/2024,,,
1284,1064,133,9/6/2024,,,
1286,1066,621,9/6/2024,,,
1292,1066,715,9/6/2024,,,
1289,1066,742,9/6/2024,,,
1288,1066,755,9/6/2024,,,
1290,1066,759,9/6/2024,,,
1287,1066,803,9/6/2024,,,
1291,1066,806,9/6/2024,,,
1293,1068,621,9/6/2024,８号機OK,,
1270,1069,1006,9/5/2024,,,
1295,1069,1007,9/6/2024,,,
2483,1069,1069,1/22/2025,別抜き,,
1294,1070,3077,9/6/2024,,,
1296,1072,620,9/6/2024,,,
1297,1072,629,9/6/2024,,,
1298,1072,630,9/6/2024,,,
1302,1072,653,9/6/2024,,,
1206,1072,701,9/4/2024,,,
1299,1072,733,9/6/2024,,,
1300,1072,734,9/6/2024,,,
1301,1072,735,9/6/2024,,,
1550,1072,3606,10/19/2024,VIET,,
2996,1072,3609,1/8/2026,,,
1217,1073,1776,9/4/2024,,,
1273,1074,1680,9/6/2024,,,
1303,1075,901,9/6/2024,,,
1304,1078,3521,9/9/2024,,,
1327,1085,1685,9/9/2024,,,
2485,1085,1691,1/22/2025,,,
1315,1085,3522,9/9/2024,,,
2484,1085,4275,1/22/2025,,,
1305,1086,623,9/9/2024,,,
1306,1086,624,9/9/2024,,,
1316,1087,3129,9/9/2024,,,
1307,1088,2071,9/9/2024,,,
1308,1090,64,9/9/2024,,,
1309,1092,1476,9/9/2024,,,
1310,1092,1477,9/9/2024,,,
1311,1092,1496,9/9/2024,,,
1318,1093,1612,9/9/2024,,,
1319,1094,2308,9/9/2024,,,
1320,1096,3523,9/9/2024,,,
1321,1097,69,9/9/2024,,,
1322,1097,84,9/9/2024,,,
1323,1097,3526,9/9/2024,,,
1324,1098,1483,9/9/2024,,,
1325,1099,42,9/9/2024,,,
1326,1103,2227,9/9/2024,,,
1313,1104,999,9/9/2024,,,
1312,1109,3524,9/9/2024,,,
1328,1110,626,9/9/2024,,,
1329,1112,3525,9/9/2024,,,
1330,1117,3527,9/9/2024,,,
1331,1119,3528,9/9/2024,,,
1332,1121,3528,9/9/2024,,,
1338,1122,1344,9/9/2024,,,
1337,1123,72,9/9/2024,,,
1333,1125,902,9/9/2024,,,
2486,1125,917,1/22/2025,,,
1334,1125,3529,9/9/2024,,,
1339,1126,1713,9/9/2024,,,
1340,1127,226,9/9/2024,,,
1341,1129,3530,9/9/2024,,,
1342,1131,3531,9/9/2024,,,
1343,1133,3533,9/9/2024,,,
1383,1136,3532,9/11/2024,,,
1384,1137,3045,9/11/2024,,,
1385,1138,577,9/11/2024,,,
1387,1138,578,9/11/2024,,,
1386,1139,3534,9/11/2024,,,
1346,1141,3219,9/9/2024,,,
1347,1144,3535,9/9/2024,,,
1349,1145,2322,9/10/2024,,,
1350,1145,2323,9/10/2024,,,
1351,1145,2324,9/10/2024,,,
1352,1145,2325,9/10/2024,,,
1353,1145,2326,9/10/2024,,,
1354,1145,2327,9/10/2024,,,
1430,1146,609,9/11/2024,,,
1483,1147,20,9/11/2024,,,
1376,1148,1487,9/11/2024,,,
1484,1149,19,9/11/2024,,,
1388,1152,3537,9/11/2024,,,
1403,1153,603,9/11/2024,,,
1428,1154,963,9/11/2024,,,
1390,1155,997,9/11/2024,,,
1389,1156,611,9/11/2024,,,
1392,1156,730,9/11/2024,,,
1393,1156,731,9/11/2024,,,
1391,1156,3547,9/11/2024,,,
1394,1156,3548,9/11/2024,,,
1396,1157,1306,9/11/2024,,,
2487,1158,116,1/22/2025,,,
1488,1158,176,9/11/2024,,,
1491,1158,898,9/11/2024,,,
1492,1158,899,9/11/2024,,,
1487,1158,2242,9/11/2024,,,
1397,1158,2245,9/11/2024,,,
1486,1158,2246,9/11/2024,,,
1490,1158,3235,9/11/2024,,,
1489,1158,3553,9/11/2024,,,
1400,1159,3538,9/11/2024,,,
1401,1160,1800,9/11/2024,,,
1402,1160,1801,9/11/2024,,,
1404,1161,552,9/11/2024,,,
1485,1162,22,9/11/2024,,,
2968,1162,4559,11/17/2025,,,
2970,1162,4652,11/20/2025,,,
1395,1163,2898,9/11/2024,,,
1493,1164,1806,9/11/2024,,,
1494,1165,300,9/11/2024,,,
1405,1166,2835,9/11/2024,,,
1407,1167,2909,9/11/2024,,,
1408,1168,3222,9/11/2024,,,
1406,1169,288,9/11/2024,,,
1409,1170,1802,9/11/2024,,,
1410,1170,1803,9/11/2024,,,
1412,1171,60,9/11/2024,,,
1413,1172,962,9/11/2024,,,
1414,1173,961,9/11/2024,,,
1498,1174,678,9/11/2024,,,
1499,1174,679,9/11/2024,,,
1495,1175,2960,9/11/2024,,,
1496,1175,2961,9/11/2024,,,
1497,1175,2962,9/11/2024,,,
1526,1177,664,9/11/2024,,,
1525,1177,704,9/11/2024,,,
1523,1177,3541,9/11/2024,,,
1524,1177,3551,9/11/2024,,,
2963,1177,3565,11/11/2025,,,
2961,1177,4438,11/11/2025,,,
2962,1177,4644,11/11/2025,,,
1423,1178,2757,9/11/2024,,,
1355,1180,3536,9/10/2024,,,
1422,1181,1897,9/11/2024,,,
1424,1181,1898,9/11/2024,,,
1421,1183,3542,9/11/2024,,,
1513,1184,546,9/11/2024,,,
1420,1186,265,9/11/2024,,,
1419,1188,3540,9/11/2024,,,
1418,1189,3005,9/11/2024,,,
1417,1190,1476,9/11/2024,,,
2488,1190,1477,1/22/2025,,,
1416,1191,985,9/11/2024,,,
1415,1192,2222,9/11/2024,,,
1515,1193,2329,9/11/2024,,,
1516,1193,2330,9/11/2024,,,
1517,1193,2331,9/11/2024,,,
2489,1194,381,1/22/2025,,,
1534,1194,3552,9/11/2024,,,
1427,1195,1766,9/11/2024,,,
1377,1196,1487,9/11/2024,,,
2490,1197,3014,1/22/2025,,,
1527,1197,3569,9/11/2024,,,
1528,1198,2126,9/11/2024,,,
1531,1199,158,9/11/2024,,,
1532,1199,3554,9/11/2024,,,
1520,1200,1022,9/11/2024,,,
1521,1200,1023,9/11/2024,,,
1522,1200,1024,9/11/2024,,,
1514,1200,2229,9/11/2024,,,
1518,1200,2230,9/11/2024,,,
1519,1200,2243,9/11/2024,,,
2491,1201,2132,1/22/2025,,,
1529,1201,2133,9/11/2024,,,
1530,1201,2134,9/11/2024,,,
1434,1202,1248,9/11/2024,,,
1433,1202,1553,9/11/2024,,,
1447,1206,3539,9/11/2024,,,
1448,1207,3159,9/11/2024,,,
1449,1208,2023,9/11/2024,,,
1435,1209,871,9/11/2024,,,
1446,1211,3156,9/11/2024,,,
1445,1212,2314,9/11/2024,,,
1444,1216,3131,9/11/2024,,,
1443,1218,3130,9/11/2024,,,
1442,1220,80,9/11/2024,,,
1440,1222,3229,9/11/2024,,,
1438,1224,1001,9/11/2024,,,
1439,1224,1002,9/11/2024,,,
1436,1226,2002,9/11/2024,,,
1437,1226,2003,9/11/2024,,,
1450,1228,3132,9/11/2024,,,
1451,1228,3139,9/11/2024,,,
1432,1229,2226,9/11/2024,,,
1454,1230,2216,9/11/2024,,,
1455,1232,378,9/11/2024,,,
2872,1232,4345,2/7/2025,,,
2873,1232,4346,2/7/2025,,,
1456,1234,725,9/11/2024,,,
1452,1235,741,9/11/2024,,,
1453,1235,749,9/11/2024,,,
2912,1235,4529,7/18/2025,,,
1473,1236,3228,9/11/2024,,,
2493,1236,3258,1/22/2025,,,
1471,1238,631,9/11/2024,,,
1472,1238,633,9/11/2024,,,
2494,1238,3652,1/22/2025,,,
1457,1240,3543,9/11/2024,,,
1470,1242,400,9/11/2024,,,
1458,1244,1928,9/11/2024,,,
1459,1246,77,9/11/2024,,,
1460,1247,3226,9/11/2024,,,
1477,1249,2617,9/11/2024,,,
1476,1249,2937,9/11/2024,,,
1474,1249,3544,9/11/2024,,,
1475,1249,3549,9/11/2024,,,
2495,1249,4276,1/22/2025,,,
2496,1252,2310,1/22/2025,,,
1461,1252,2311,9/11/2024,,,
1462,1254,3227,9/11/2024,,,
1463,1256,78,9/11/2024,,,
1464,1258,545,9/11/2024,,,
1465,1260,477,9/11/2024,,,
1466,1262,634,9/11/2024,,,
2497,1262,730,1/22/2025,,,
1467,1264,1861,9/11/2024,,,
1478,1265,1858,9/11/2024,,,
1479,1267,1973,9/11/2024,,,
1469,1269,3164,9/11/2024,,,
2498,1272,914,1/22/2025,,,
1468,1272,3546,9/11/2024,,,
1480,1273,3255,9/11/2024,,,
1482,1275,2649,9/11/2024,,,
1481,1276,2761,9/11/2024,,,
1504,1277,1539,9/11/2024,,,
1503,1279,765,9/11/2024,,,
1501,1281,3172,9/11/2024,,,
1505,1283,442,9/11/2024,,,
1511,1284,529,9/11/2024,,,
1502,1285,1020,9/11/2024,,,
3026,1285,4771,4/2/2026,,,
1512,1286,2345,9/11/2024,,,
1510,1287,385,9/11/2024,,,
1500,1288,1512,9/11/2024,,,
1509,1289,2217,9/11/2024,,,
1506,1291,3133,9/11/2024,,,
1507,1291,3136,9/11/2024,,,
1508,1291,3137,9/11/2024,,,
1545,1292,3605,10/8/2024,,,
1555,1293,1302,10/23/2024,,,
1556,1294,559,10/23/2024,,,
1557,1295,3623,10/23/2024,,,
1558,1297,888,10/23/2024,,,
1551,1299,2190,10/23/2024,,,
1552,1299,2191,10/23/2024,,,
1863,1300,2175,12/9/2024,,,
1864,1300,2176,12/9/2024,,,
1865,1300,3481,12/9/2024,,,
1559,1301,1834,10/23/2024,,,
1560,1302,1591,10/23/2024,,,
1561,1304,3624,10/23/2024,,,
1562,1305,1556,10/23/2024,,,
1553,1306,1588,10/23/2024,,,
1554,1306,1592,10/23/2024,,,
1563,1307,1587,10/23/2024,,,
1564,1308,598,10/23/2024,,,
1565,1309,1494,10/23/2024,,,
1566,1310,1405,10/23/2024,,,
1567,1312,631,10/23/2024,,,
2500,1312,3652,1/22/2025,,,
1568,1313,3625,10/23/2024,,,
1569,1314,3626,10/23/2024,,,
1570,1315,486,10/23/2024,,,
1571,1316,3627,10/23/2024,,,
1572,1317,3628,10/23/2024,,,
2501,1318,445,1/22/2025,,,
2502,1318,446,1/22/2025,,,
2503,1318,447,1/22/2025,,,
2504,1318,448,1/22/2025,,,
2505,1318,449,1/22/2025,,,
1573,1319,3417,10/23/2024,,,
1574,1320,485,10/23/2024,,,
1575,1321,3629,10/23/2024,,,
1870,1322,1787,12/9/2024,,,
1869,1323,3630,12/9/2024,,,
1868,1324,2068,12/9/2024,,,
1867,1325,250,12/9/2024,,,
1866,1326,3631,12/9/2024,,,
1884,1328,1857,12/9/2024,,,
1883,1329,1792,12/9/2024,,,
1882,1330,1791,12/9/2024,,,
1881,1331,3632,12/9/2024,,,
1880,1332,129,12/9/2024,,,
1878,1333,37,12/9/2024,,,
1879,1333,38,12/9/2024,,,
1877,1334,596,12/9/2024,,,
1876,1335,1383,12/9/2024,,,
1875,1336,2167,12/9/2024,,,
1872,1338,3633,12/9/2024,,,
1874,1340,3634,12/9/2024,,,
1873,1341,540,12/9/2024,,,
1871,1342,538,12/9/2024,,,
1577,1343,2351,10/23/2024,,,
1576,1343,3635,10/23/2024,,,
1578,1344,2349,10/23/2024,,,
1579,1344,2350,10/23/2024,,,
1580,1345,3636,10/23/2024,,,
1581,1346,3637,,,,
1584,1347,480,10/23/2024,,,
1583,1347,3638,10/23/2024,,,
2506,1347,4278,1/22/2025,,,
1587,1348,143,10/23/2024,,,
1589,1349,537,10/23/2024,,,
1591,1350,2497,10/23/2024,,,
2509,1352,1076,1/22/2025,,,
1593,1352,1081,11/19/2024,,,
1595,1353,1959,11/19/2024,,,
1596,1354,3692,,,,
1600,1356,3693,11/19/2024,,,
1608,1358,1608,,,,
1605,1358,3694,11/19/2024,,,
1606,1358,3695,,,,
1610,1358,3696,,,,
1612,1358,3697,,,,
1621,1359,3413,,,,
1618,1359,3418,,,,
1615,1359,3419,11/19/2024,,,
1616,1359,3550,,,,
1627,1363,1387,11/19/2024,,,
1626,1363,2931,11/19/2024,,,
1629,1363,3698,11/19/2024,,,
1631,1364,595,,,,
1640,1366,2354,,,,
1637,1366,2355,,,,
1638,1366,2357,,,,
1639,1366,2358,,,,
1643,1368,3699,,,,
1646,1369,3700,11/19/2024,,,
2510,1370,1861,1/22/2025,,,
1887,1371,2947,12/9/2024,,,
1888,1371,3924,12/9/2024,,,
1889,1372,3006,12/9/2024,,,
1886,1373,3004,12/9/2024,,,
1647,1374,3005,11/19/2024,,,
1648,1375,593,,,,
1649,1375,594,,,,
1650,1375,2184,,,,
1890,1377,151,12/9/2024,,,
1652,1378,890,,,,
1654,1379,3008,,,,
2511,1380,1597,1/22/2025,プレス,,
1655,1380,3701,,,,
1656,1381,379,,,,
1894,1383,555,12/9/2024,,,
1891,1383,3702,12/9/2024,,,
1892,1383,3703,12/9/2024,,,
1893,1383,3704,12/9/2024,,,
1895,1383,4013,12/9/2024,,,
1896,1383,4014,12/9/2024,,,
1897,1383,4015,12/9/2024,,,
2405,1384,4264,1/21/2025,,,
2392,1385,2404,1/21/2025,,,
2394,1385,2406,1/21/2025,,,
2393,1385,4261,1/21/2025,,,
1885,1386,3705,12/9/2024,,,
2409,1387,4266,1/21/2025,,,
1661,1389,3706,,,,
2512,1390,1861,1/22/2025,,,
1673,1391,3074,11/20/2024,,,
1662,1392,3707,,,,
1663,1392,3708,,,,
1664,1392,3709,,,,
1665,1392,3710,,,,
1667,1393,3055,,,,
1668,1393,3064,11/19/2024,,,
1671,1394,3711,11/19/2024,,,
1672,1394,3712,,,,
2514,1394,4202,1/22/2025,,,
2515,1394,4204,1/22/2025,,,
2516,1394,4206,1/22/2025,,,
2513,1394,4279,1/22/2025,,,
1674,1395,1377,11/20/2024,,,
1675,1395,1379,11/20/2024,,,
1676,1395,1381,11/20/2024,,,
1679,1396,987,11/20/2024,,,
1680,1397,1594,11/20/2024,,,
1682,1398,1305,11/20/2024,,,
1683,1399,3713,11/20/2024,,,
1684,1402,893,11/20/2024,,,
1688,1402,919,11/20/2024,,,
1687,1402,922,11/20/2024,,,
1685,1402,938,11/20/2024,,,
1689,1405,900,11/20/2024,,,
1691,1405,935,11/20/2024,,,
1692,1405,944,11/20/2024,,,
1690,1405,3714,11/20/2024,,,
1693,1406,2472,11/20/2024,,,
1694,1407,1415,11/20/2024,,,
1695,1408,2218,11/20/2024,,,
1696,1409,2219,11/20/2024,,,
1697,1412,2069,11/20/2024,,,
1698,1413,495,11/20/2024,,,
1699,1414,3715,11/20/2024,,,
1701,1415,3008,,,,
1702,1416,1378,11/21/2024,,,
1703,1416,1382,11/21/2024,,,
1705,1417,2220,11/21/2024,,,
1704,1422,2222,11/21/2024,,,
1706,1426,1357,11/21/2024,,,
1707,1430,3718,11/21/2024,,,
1708,1432,3054,11/21/2024,,,
1898,1434,1596,12/9/2024,,,
1899,1435,3719,12/9/2024,,,
1709,1437,1606,11/21/2024,,,
1710,1439,1484,11/21/2024,,,
1711,1441,3720,11/21/2024,,,
1712,1444,3722,11/21/2024,,,
1713,1446,3218,11/21/2024,,,
1714,1447,542,11/21/2024,,,
1715,1448,1765,11/21/2024,,,
1717,1450,543,11/21/2024,,,
1718,1451,602,11/21/2024,,,
1720,1452,998,11/21/2024,,,
1719,1452,3723,11/21/2024,,,
1721,1453,541,11/21/2024,,,
1723,1454,3458,11/21/2024,,,
1722,1454,3724,11/21/2024,,,
1724,1454,3725,11/21/2024,,,
1726,1455,1152,11/21/2024,,,
1727,1455,1153,11/21/2024,,,
1728,1455,1154,11/21/2024,,,
1729,1455,1155,11/21/2024,,,
1730,1455,1156,11/21/2024,,,
1731,1455,1157,11/21/2024,,,
1733,1455,1158,11/21/2024,,,
1725,1455,3726,11/21/2024,,,
1735,1458,2837,11/21/2024,,,
1736,1458,2838,11/21/2024,,,
1734,1458,3727,11/21/2024,,,
1737,1459,2221,11/21/2024,,,
1739,1460,1152,11/21/2024,,,
1740,1460,1153,11/21/2024,,,
1741,1460,1154,11/21/2024,,,
1742,1460,1155,11/21/2024,,,
1743,1460,1156,11/21/2024,,,
1744,1460,1157,11/21/2024,,,
1745,1460,1158,11/21/2024,,,
1746,1460,1159,11/21/2024,,,
1747,1460,1160,11/21/2024,,,
1748,1460,1161,11/21/2024,,,
1749,1460,1162,11/21/2024,,,
1750,1460,1163,11/21/2024,,,
1738,1460,3726,11/21/2024,,,
1751,1460,3728,11/21/2024,,,
1756,1464,1630,11/21/2024,,,
1758,1465,55,11/21/2024,,,
1759,1465,3729,11/21/2024,,,
1770,1475,541,11/21/2024,,,
1774,1479,555,11/21/2024,,,
1772,1479,1606,11/21/2024,,,
1775,1481,3006,11/21/2024,,,
1776,1481,3705,11/21/2024,,,
1777,1482,1506,11/21/2024,,,
1778,1483,2278,11/21/2024,,,
1785,1486,2501,11/21/2024,,,
1783,1486,2502,11/21/2024,,,
1786,1486,2504,11/21/2024,,,
1787,1486,2505,11/21/2024,,,
1781,1486,2895,11/21/2024,,,
1784,1486,3731,11/21/2024,,,
1782,1487,3730,11/21/2024,,,
1796,1501,3732,11/21/2024,,,
1797,1502,3733,11/21/2024,,,
1798,1503,75,11/22/2024,,,
1799,1504,70,11/22/2024,,,
1800,1505,3734,11/22/2024,,,
1801,1505,3735,11/22/2024,,,
1803,1506,2308,11/22/2024,,,
1804,1507,901,11/22/2024,,,
1806,1508,633,11/22/2024,,,
1805,1508,3652,11/22/2024,,,
1807,1509,399,11/22/2024,,,
1808,1511,2228,11/22/2024,,,
1809,1515,1803,11/22/2024,,,
1811,1517,633,11/22/2024,,,
1810,1517,3652,11/22/2024,,,
1813,1520,3228,11/22/2024,,,
1814,1522,3164,11/22/2024,,,
1815,1523,60,11/22/2024,,,
1816,1525,3738,11/22/2024,,,
1818,1526,2056,11/22/2024,,,
1821,1527,3528,11/22/2024,,,
1823,1528,510,11/22/2024,,,
1825,1529,584,11/22/2024,,,
2517,1530,3941,1/22/2025,,,
2519,1532,3852,1/22/2025,,,
2518,1532,3853,1/22/2025,,,
2520,1534,1861,1/22/2025,,,
1827,1535,3739,11/22/2024,,,
1828,1537,1380,11/22/2024,,,
1829,1539,1382,11/22/2024,,,
1830,1541,2332,11/22/2024,,,
1831,1543,2214,11/22/2024,,,
1832,1545,3740,11/22/2024,,,
1833,1548,3625,11/22/2024,,,
1834,1550,1786,11/22/2024,,,
1835,1551,262,11/22/2024,,,
1836,1552,3741,11/22/2024,,,
1837,1554,3742,11/22/2024,,,
1838,1556,3058,11/22/2024,,,
1839,1558,3163,11/22/2024,,,
1840,1560,2353,11/22/2024,,,
1841,1562,1511,11/22/2024,,,
1842,1564,573,11/22/2024,,,
1845,1569,3743,11/22/2024,,,
1846,1570,1491,11/22/2024,,,
1847,1572,3744,11/22/2024,,,
1848,1572,3745,11/22/2024,,,
1849,1573,3746,11/22/2024,,,
1850,1575,3747,11/22/2024,,,
1851,1577,1736,11/22/2024,,,
1852,1578,1506,11/22/2024,,,
1860,1598,135,12/9/2024,,,
2528,1608,4016,1/23/2025,,,
2529,1608,4280,1/23/2025,,,
1900,1611,4010,12/9/2024,,,
1902,1612,4001,12/9/2024,,,
1901,1612,4017,12/9/2024,,,
1903,1614,4018,12/9/2024,,,
1904,1614,4020,12/9/2024,,,
1905,1614,4021,12/9/2024,,,
1906,1614,4022,12/9/2024,,,
1907,1614,4023,12/9/2024,,,
1908,1614,4024,12/9/2024,,,
2525,1615,1861,1/22/2025,,,
1909,1617,1957,12/9/2024,,,
1912,1619,3948,12/9/2024,,,
1913,1619,3949,12/9/2024,,,
1910,1619,4026,12/9/2024,,,
1911,1619,4028,12/9/2024,,,
2524,1620,4029,1/22/2025,,,
1914,1621,1208,12/9/2024,,,
1915,1621,2370,12/9/2024,,,
1916,1622,4030,12/9/2024,,,
1917,1624,4031,12/9/2024,,,
2605,1625,4287,1/23/2025,,,
1918,1627,4032,12/9/2024,,,
1919,1627,4033,12/9/2024,,,
1920,1628,2103,12/9/2024,,,
1921,1628,3890,12/9/2024,,,
1922,1628,3910,12/9/2024,,,
1923,1628,4034,12/9/2024,,,
1924,1629,2107,12/9/2024,,,
1925,1630,3756,12/9/2024,,,
1926,1633,4035,12/9/2024,,,
1927,1633,4036,12/9/2024,,,
1928,1634,4008,12/9/2024,,,
1940,1636,1986,12/9/2024,,,
1941,1636,1987,12/9/2024,,,
1930,1636,2373,12/9/2024,,,
1929,1636,2374,12/9/2024,,,
1937,1636,2375,12/9/2024,,,
1932,1636,2556,12/9/2024,,,
1938,1636,2823,12/9/2024,,,
1939,1636,3110,12/9/2024,,,
1931,1636,4040,12/9/2024,,,
1933,1636,4042,12/9/2024,,,
1934,1636,4043,12/9/2024,,,
1935,1636,4044,12/9/2024,,,
1936,1636,4045,12/9/2024,,,
1942,1637,3734,12/9/2024,,,
1943,1637,3735,12/9/2024,,,
1944,1639,3873,12/9/2024,,,
1945,1640,1357,12/9/2024,,,
1946,1642,4050,12/9/2024,,,
1952,1643,1387,12/9/2024,,,
1947,1643,2931,12/9/2024,,,
1948,1643,4051,12/9/2024,,,
1949,1643,4052,12/9/2024,,,
1950,1643,4053,12/9/2024,,,
1951,1643,4054,12/9/2024,,,
1953,1643,4055,12/9/2024,,,
1955,1645,65,12/9/2024,,,
1954,1645,79,12/9/2024,,,
1956,1646,2684,12/9/2024,,,
1957,1648,4056,12/9/2024,,,
1958,1648,4057,12/9/2024,,,
1959,1649,2739,12/9/2024,,,
1960,1651,4058,12/9/2024,,,
1961,1651,4059,12/9/2024,,,
2404,1655,3692,1/21/2025,,,
1963,1657,2908,12/9/2024,,,
1962,1657,3950,12/9/2024,,,
1965,1659,3791,12/9/2024,,,
1964,1659,3922,12/9/2024,,,
1966,1661,1809,12/9/2024,,,
1967,1661,1810,12/9/2024,,,
1974,1663,2514,12/9/2024,,,
1968,1663,2809,12/9/2024,,,
1969,1663,2846,12/9/2024,,,
1970,1663,2847,12/9/2024,,,
1972,1663,2883,12/9/2024,,,
1973,1663,3878,12/9/2024,,,
1971,1663,4060,12/9/2024,,,
1975,1665,4061,12/9/2024,,,
1976,1669,4056,12/9/2024,,,
1977,1675,3952,12/9/2024,,,
1978,1675,3961,12/9/2024,,,
1980,1676,3753,12/9/2024,,,
1979,1676,3778,12/9/2024,,,
1981,1678,4063,12/9/2024,,,
1982,1678,4064,12/9/2024,,,
1984,1679,291,12/9/2024,,,
1983,1679,4065,12/9/2024,,,
1985,1681,3780,12/9/2024,,,
1987,1683,2404,12/9/2024,,,
1988,1683,2665,12/9/2024,,,
1986,1683,4066,12/9/2024,,,
1990,1685,581,12/9/2024,,,
1991,1685,582,12/9/2024,,,
1992,1685,1717,12/9/2024,,,
1989,1685,4067,12/9/2024,,,
2398,1689,4262,1/21/2025,,,
1993,1691,3220,12/9/2024,,,
1994,1693,4058,12/9/2024,,,
1995,1693,4059,12/9/2024,,,
1998,1696,37,12/9/2024,,,
1999,1696,38,12/9/2024,,,
2000,1700,236,12/9/2024,,,
2001,1700,1493,12/9/2024,,,
2002,1701,3966,12/9/2024,,,
2004,1703,3802,12/9/2024,,,
2003,1703,3918,12/9/2024,,,
2005,1705,3779,12/9/2024,,,
2006,1707,3776,12/9/2024,,,
2008,1709,3448,12/9/2024,,,
2007,1709,3812,12/9/2024,,,
2011,1711,160,12/9/2024,,,
2009,1711,3322,12/9/2024,,,
2010,1711,4069,12/9/2024,,,
2012,1715,4070,12/9/2024,,,
2013,1715,4071,12/9/2024,,,
2014,1717,2407,12/9/2024,,,
2015,1719,868,12/9/2024,,,
2016,1721,1755,12/9/2024,,,
2017,1723,2093,12/9/2024,,,
2018,1723,2095,12/9/2024,,,
2019,1723,3079,12/9/2024,,,
2020,1723,3080,12/9/2024,,,
2022,1725,3738,12/9/2024,,,
2023,1725,3921,12/9/2024,,,
2021,1725,4072,12/9/2024,,,
2025,1727,1380,12/9/2024,,,
2024,1729,4073,12/9/2024,,,
2027,1736,3886,12/24/2024,,,
2028,1737,1015,1/20/2025,,,
2029,1739,3031,1/20/2025,,,
2030,1741,964,1/20/2025,,,
2031,1743,4223,1/20/2025,,,
2032,1745,442,1/20/2025,,,
2033,1747,3861,1/20/2025,,,
2034,1749,115,1/20/2025,,,
2035,1751,3811,1/20/2025,,,
2036,1752,384,1/20/2025,,,
2037,1754,1775,1/20/2025,,,
2038,1756,2185,1/20/2025,,,
2039,1757,1309,1/20/2025,,,
2040,1759,1601,1/20/2025,,,
2041,1760,1547,1/20/2025,,,
2042,1760,1548,1/20/2025,,,
2043,1762,386,1/20/2025,,,
2044,1762,3930,1/20/2025,,,
2047,1762,3939,1/20/2025,,,
2048,1762,3940,1/20/2025,,,
2045,1762,4075,1/20/2025,,,
2046,1762,4079,1/20/2025,,,
2049,1764,24,1/20/2025,,,
2050,1766,3243,1/20/2025,,,
2051,1768,3774,1/20/2025,,,
2052,1770,3248,1/20/2025,,,
2053,1772,2343,1/20/2025,,,
2054,1774,4224,1/20/2025,,,
2055,1775,117,1/20/2025,,,
2056,1775,580,1/20/2025,,,
2057,1776,1607,1/20/2025,,,
2058,1778,966,1/20/2025,,,
2059,1780,2996,1/20/2025,,,
2060,1780,2998,1/20/2025,,,
2061,1780,3000,1/20/2025,,,
2062,1780,3001,1/20/2025,,,
2064,1782,1297,1/20/2025,,,
2063,1782,3467,1/20/2025,,,
2065,1783,1506,1/20/2025,,,
2066,1783,1510,1/20/2025,,,
2068,1785,2427,1/20/2025,,,
2067,1785,2442,1/20/2025,,,
2069,1787,2606,1/20/2025,,,
2072,1788,374,1/20/2025,,,
2070,1788,3561,1/20/2025,,,
2071,1788,3562,1/20/2025,,,
2073,1790,3860,1/20/2025,,,
2074,1792,3809,1/20/2025,,,
2075,1794,1342,1/20/2025,,,
2076,1796,2341,1/20/2025,,,
2078,1796,4225,1/20/2025,,,
2077,1798,4226,1/20/2025,,,
2082,1799,2347,1/20/2025,,,
2079,1799,3789,1/20/2025,,,
2081,1799,3817,1/20/2025,,,
2080,1799,3818,1/20/2025,,,
2083,1801,2130,1/20/2025,,,
2084,1803,2148,1/20/2025,,,
2085,1805,561,1/20/2025,,,
2086,1805,562,1/20/2025,,,
2087,1807,1646,1/20/2025,,,
2088,1809,1324,1/20/2025,,,
2089,1812,2593,1/20/2025,,,
2090,1812,2594,1/20/2025,,,
2092,1814,1018,1/20/2025,,,
2093,1814,1019,1/20/2025,,,
2091,1814,3810,1/20/2025,,,
2094,1816,4227,1/20/2025,,,
2095,1818,1613,1/20/2025,,,
2096,1818,1614,1/20/2025,,,
2097,1820,3166,1/20/2025,,,
2101,1823,3983,1/20/2025,,,
2100,1825,3794,1/20/2025,,,
2099,1827,3980,1/20/2025,,,
2102,1828,3230,1/20/2025,,,
2103,1830,1962,1/20/2025,,,
2104,1832,2808,1/20/2025,,,
2106,1834,1913,1/20/2025,,,
2105,1834,4230,1/20/2025,,,
2107,1836,290,1/20/2025,,,
2108,1838,4231,1/20/2025,,,
2109,1840,3165,1/20/2025,,,
2112,1842,23,1/20/2025,,,
2111,1842,70,1/20/2025,,,
2113,1844,903,1/20/2025,,,
2114,1846,3975,1/20/2025,,,
2115,1848,560,1/20/2025,,,
2116,1850,583,1/20/2025,,,
2117,1851,135,1/20/2025,,,
2118,1855,1518,1/20/2025,,,
2119,1855,1519,1/20/2025,,,
2120,1855,1520,1/20/2025,,,
2121,1858,3653,1/20/2025,,,
2122,1858,3656,1/20/2025,,,
2123,1859,2011,1/20/2025,,,
2124,1862,1472,1/20/2025,,,
2125,1863,1515,1/20/2025,,,
2126,1865,1840,1/20/2025,,,
2127,1867,173,1/20/2025,,,
2129,1869,294,1/20/2025,,,
2128,1869,297,1/20/2025,,,
2130,1871,4232,1/20/2025,,,
2131,1873,91,1/20/2025,,,
2132,1873,92,1/20/2025,,,
2133,1873,93,1/20/2025,,,
2134,1873,94,1/20/2025,,,
2135,1873,95,1/20/2025,,,
2136,1873,96,1/20/2025,,,
2137,1873,105,1/20/2025,,,
2138,1873,106,1/20/2025,,,
2139,1875,1581,1/20/2025,,,
2140,1880,290,1/20/2025,,,
2141,1882,2240,1/20/2025,,,
2144,1884,1208,1/20/2025,,,
2142,1886,626,1/20/2025,,,
2143,1886,628,1/20/2025,,,
2145,1889,940,1/20/2025,,,
2146,1891,1285,1/20/2025,,,
2147,1894,2064,1/20/2025,,,
2148,1896,958,1/20/2025,,,
2149,1898,3814,1/20/2025,,,
2150,1902,574,1/20/2025,,,
2151,1904,1350,1/20/2025,,,
2152,1904,1351,1/20/2025,,,
2154,1906,939,1/20/2025,,,
2153,1908,591,1/20/2025,,,
2155,1910,1522,1/20/2025,,,
2156,1912,1534,1/20/2025,,,
2157,1914,1021,1/20/2025,,,
2158,1915,554,1/20/2025,,,
2159,1918,3882,1/20/2025,,,
2160,1920,3254,1/20/2025,,,
2161,1920,3267,1/20/2025,,,
2162,1922,3455,1/20/2025,,,
2163,1924,3793,1/20/2025,,,
2164,1926,245,1/20/2025,,,
2165,1928,3822,1/20/2025,,,
2166,1930,2278,1/20/2025,,,
2167,1932,1859,1/20/2025,,,
2169,1934,565,1/20/2025,,,
2168,1934,4233,1/20/2025,,,
2170,1936,3877,1/20/2025,,,
2171,1937,3806,1/20/2025,,,
2172,1939,3740,1/20/2025,,,
2175,1941,1615,1/20/2025,,,
2176,1941,4234,1/20/2025,,,
2177,1943,194,1/20/2025,,,
2178,1945,3457,1/20/2025,,,
2179,1947,246,1/20/2025,,,
2180,1949,1004,1/20/2025,,,
2181,1951,4235,1/20/2025,,,
2182,1951,4236,1/20/2025,,,
2183,1953,3552,1/20/2025,,,
2187,1955,273,1/20/2025,,,
2184,1955,295,1/20/2025,,,
2185,1955,296,1/20/2025,,,
2186,1955,3198,1/20/2025,,,
2188,1957,2004,1/20/2025,,,
2189,1959,3487,1/20/2025,,,
2190,1960,909,1/20/2025,,,
2191,1960,910,1/20/2025,,,
2192,1960,911,1/20/2025,,,
2194,1960,924,1/20/2025,,,
2195,1960,1349,1/20/2025,,,
2193,1960,4238,1/20/2025,,,
2196,1960,4239,1/20/2025,,,
2197,1960,4240,1/20/2025,,,
2198,1961,1481,1/20/2025,,,
2199,1961,4214,1/20/2025,,,
2200,1963,506,1/20/2025,,,
2201,1965,2964,1/20/2025,,,
2202,1967,3689,1/20/2025,,,
2203,1969,1430,1/20/2025,,,
2205,1971,3819,1/20/2025,,,
2204,1971,3881,1/20/2025,,,
2209,1973,4232,1/20/2025,,,
2206,1973,4241,1/20/2025,,,
2207,1973,4242,1/20/2025,,,
2208,1973,4243,1/20/2025,,,
2210,1975,4244,1/20/2025,,,
2211,1977,3942,1/20/2025,,,
2212,1982,2927,1/20/2025,,,
2213,1984,2012,1/20/2025,,,
2214,1989,1815,1/20/2025,,,
2215,1993,506,1/20/2025,,,
2216,1994,324,1/20/2025,,,
2217,1996,592,1/20/2025,,,
2218,1996,3770,1/20/2025,,,
2219,1998,548,1/20/2025,,,
2220,2000,2338,1/20/2025,,,
2221,2003,4246,1/20/2025,,,
2222,2005,3765,1/20/2025,,,
2223,2005,3855,1/20/2025,,,
2224,2007,945,1/20/2025,,,
2225,2009,1623,1/20/2025,,,
2226,2011,2072,1/20/2025,,,
2227,2013,942,1/20/2025,,,
2228,2013,943,1/20/2025,,,
2229,2015,590,1/20/2025,,,
2230,2017,3177,1/20/2025,,,
2231,2019,201,1/20/2025,,,
2232,2021,3781,1/20/2025,,,
2233,2023,436,1/20/2025,,,
2234,2025,947,1/20/2025,,,
2235,2025,948,1/20/2025,,,
2236,2025,952,1/20/2025,,,
2237,2027,2908,1/20/2025,,,
2238,2031,140,1/20/2025,,,
2239,2033,1017,1/20/2025,,,
2240,2035,1005,1/20/2025,,,
2241,2037,4247,1/20/2025,,,
2242,2039,1600,1/20/2025,,,
2243,2041,333,1/20/2025,,,
2244,2043,339,1/20/2025,,,
2245,2045,45,1/20/2025,,,
2246,2048,1576,1/20/2025,,,
2247,2048,1577,1/20/2025,,,
2249,2050,1070,1/20/2025,,,
2248,2050,3931,1/20/2025,,,
2250,2052,2150,1/20/2025,,,
2251,2052,2151,1/20/2025,,,
2252,2054,3241,1/20/2025,,,
2253,2056,3974,1/20/2025,,,
2254,2058,4248,1/20/2025,,,
2255,2060,4249,1/20/2025,,,
2256,2062,2058,1/20/2025,,,
2257,2064,1921,1/20/2025,,,
2258,2066,3234,1/20/2025,,,
2259,2068,2336,1/20/2025,,,
2260,2070,181,1/20/2025,,,
2261,2072,244,1/20/2025,,,
2262,2074,4250,1/20/2025,,,
2263,2076,672,1/20/2025,,,
2264,2076,722,1/20/2025,,,
2265,2076,726,1/20/2025,,,
2266,2076,3595,1/20/2025,,,
2267,2078,103,1/20/2025,,,
2268,2080,4251,1/20/2025,,,
2269,2082,2126,1/20/2025,,,
2270,2084,311,1/20/2025,,,
2271,2084,312,1/20/2025,,,
2275,2085,1299,1/20/2025,,,
2272,2085,4252,1/20/2025,,,
2273,2085,4253,1/20/2025,,,
2274,2085,4254,1/20/2025,,,
2276,2087,3016,1/20/2025,,,
2279,2089,2602,1/20/2025,,,
2281,2089,2607,1/20/2025,,,
2280,2089,2608,1/20/2025,,,
2278,2089,2609,1/20/2025,,,
2282,2089,2611,1/20/2025,,,
2277,2089,2613,1/20/2025,,,
2283,2091,188,1/20/2025,,,
2284,2097,3285,1/20/2025,,,
2285,2100,131,1/20/2025,,,
2286,2100,3238,1/20/2025,,,
2287,2102,3288,1/20/2025,,,
2288,2104,1860,1/20/2025,,,
2289,2106,1543,1/20/2025,,,
2290,2108,87,1/20/2025,,,
2291,2110,197,1/20/2025,,,
2292,2112,1374,1/20/2025,,,
2293,2112,1542,1/20/2025,,,
2294,2114,1385,1/20/2025,,,
2295,2116,873,1/20/2025,,,
2296,2118,874,1/20/2025,,,
2297,2120,3161,1/20/2025,,,
2299,2122,2917,1/20/2025,,,
2298,2122,3277,1/20/2025,,,
2300,2124,2291,1/20/2025,,,
2301,2126,2615,1/20/2025,,,
2302,2126,2634,1/20/2025,,,
2303,2126,2635,1/20/2025,,,
2304,2127,2186,1/20/2025,,,
2305,2129,3262,1/20/2025,,,
2306,2129,3265,1/20/2025,,,
2307,2130,2281,1/20/2025,,,
2308,2131,215,1/20/2025,,,
2309,2131,218,1/20/2025,,,
2310,2133,2619,1/20/2025,,,
2311,2133,2624,1/20/2025,,,
2312,2133,2630,1/20/2025,,,
2313,2134,392,1/20/2025,,,
2314,2136,1376,1/20/2025,,,
2315,2138,3410,1/20/2025,,,
2316,2138,3416,1/20/2025,,,
2317,2138,3422,1/20/2025,,,
2318,2140,2428,1/20/2025,,,
2319,2142,3002,1/20/2025,,,
2965,2142,4646,11/13/2025,,,
2320,2144,112,1/20/2025,,,
2321,2146,1603,1/20/2025,,,
2322,2148,2063,1/20/2025,,,
2388,2150,3141,1/21/2025,,,
2323,2150,3142,1/20/2025,,,
2324,2150,3143,1/20/2025,,,
2325,2150,3144,1/20/2025,,,
2389,2152,3145,1/21/2025,,,
2326,2152,3146,1/20/2025,,,
2327,2152,3147,1/20/2025,,,
2328,2152,3148,1/20/2025,,,
2329,2154,818,1/20/2025,,,
2330,2154,819,1/20/2025,,,
2331,2154,831,1/20/2025,,,
2332,2156,2619,1/20/2025,,,
2333,2156,2624,1/20/2025,,,
2334,2156,2630,1/20/2025,,,
2527,2159,1861,1/23/2025,,,
2335,2161,2436,1/20/2025,,,
2336,2162,2770,1/20/2025,,,
2337,2164,4257,1/20/2025,,,
2338,2166,2015,1/20/2025,,,
2339,2168,272,1/20/2025,,,
2340,2169,3158,1/20/2025,,,
2342,2171,2639,1/20/2025,,,
2341,2171,2640,1/20/2025,,,
2343,2175,1447,1/20/2025,,,
2344,2175,1448,1/20/2025,,,
2345,2177,1616,1/20/2025,,,
2346,2178,2650,1/20/2025,,,
2347,2180,1828,1/20/2025,,,
3012,2180,4718,2/27/2026,,,
2348,2182,2654,1/20/2025,,,
2349,2182,2657,1/20/2025,,,
2350,2182,2919,1/20/2025,,,
2351,2182,2921,1/20/2025,,,
2352,2183,3202,1/20/2025,,,
2353,2186,110,1/20/2025,,,
2354,2188,2271,1/20/2025,,,
2355,2190,2659,1/20/2025,,,
2356,2190,2920,1/20/2025,,,
2357,2190,2921,1/20/2025,,,
2358,2192,111,1/20/2025,,,
2359,2194,1032,1/20/2025,,,
2360,2196,232,1/20/2025,,,
2361,2198,2424,1/20/2025,,,
2362,2198,4222,1/20/2025,,,
2363,2200,394,1/20/2025,,,
2364,2202,1892,1/20/2025,,,
2365,2203,1549,1/20/2025,,,
2366,2205,179,1/20/2025,,,
2367,2207,1833,1/20/2025,,,
2368,2209,1468,1/20/2025,,,
2371,2214,3603,1/20/2025,,,
2373,2216,3621,1/20/2025,,,
2374,2216,3622,1/20/2025,,,
3000,2216,4695,1/19/2026,,,
3010,2216,4732,2/26/2026,,,
3011,2216,4734,2/26/2026,,,
2375,2218,3683,1/20/2025,,,
2391,2219,4258,1/21/2025,,,
2376,2220,4033,1/20/2025,,,
2377,2224,2016,1/20/2025,,,
2378,2226,3684,1/20/2025,,,
2379,2227,3716,1/20/2025,,,
2380,2229,1010,1/20/2025,,,
2382,2232,4074,1/20/2025,,,
2384,2232,4259,1/20/2025,,,
2432,2237,309,1/22/2025,,,
2447,2238,1861,1/22/2025,,,
2448,2239,1861,1/22/2025,,,
2451,2241,397,1/22/2025,,,
2507,2247,3639,1/22/2025,,,
2521,2250,1504,1/22/2025,,,
2522,2251,3252,1/22/2025,,,
2523,2251,3253,1/22/2025,,,
2526,2252,840,1/23/2025,,,
2530,2253,542,1/23/2025,,,
2533,2254,33,1/23/2025,,,
2532,2254,3055,1/23/2025,専用,,
2531,2254,3058,1/23/2025,,,
2535,2255,283,1/23/2025,下,,
2534,2255,3401,1/23/2025,,,
2536,2258,4281,1/23/2025,,,
2539,2260,1152,1/23/2025,,,
2540,2260,1153,1/23/2025,,,
2541,2260,1154,1/23/2025,,,
2542,2260,1155,1/23/2025,,,
2543,2260,1156,1/23/2025,,,
2544,2260,1157,1/23/2025,,,
2538,2260,1158,1/23/2025,,,
2537,2260,3726,1/23/2025,,,
2545,2261,3220,1/23/2025,,,
2546,2263,3057,1/23/2025,,,
2547,2265,3057,1/23/2025,,,
2548,2267,176,1/23/2025,,,
2549,2267,177,1/23/2025,,,
2550,2269,3534,1/23/2025,,,
2551,2271,899,1/23/2025,,,
2552,2273,3542,1/23/2025,,,
2553,2275,4282,1/23/2025,S,,
2554,2277,54,1/23/2025,,,
2555,2279,2069,1/23/2025,,,
2556,2281,151,1/23/2025,,,
2557,2282,3530,1/23/2025,,,
2559,2284,555,1/23/2025,OK,,
2558,2284,3538,1/23/2025,,,
2560,2285,1800,1/23/2025,,,
2561,2287,1799,1/23/2025,,,
2562,2289,900,1/23/2025,,,
2563,2291,1804,1/23/2025,,,
2564,2291,1805,1/23/2025,,,
2565,2292,1712,1/23/2025,,,
2566,2294,621,1/23/2025,,,
2567,2296,2322,1/23/2025,,,
2569,2296,2323,1/23/2025,,,
2570,2296,2324,1/23/2025,,,
2571,2296,2325,1/23/2025,,,
2572,2296,2326,1/23/2025,,,
2568,2296,2327,1/23/2025,,,
2573,2298,963,1/23/2025,,,
2574,2300,3522,1/23/2025,,,
2575,2302,2071,1/23/2025,,,
2576,2304,622,1/23/2025,,,
2577,2305,3129,1/23/2025,,,
2578,2307,3521,1/23/2025,,,
2579,2309,2225,1/23/2025,,,
2582,2311,625,1/23/2025,,,
2583,2311,626,1/23/2025,,,
2584,2311,627,1/23/2025,,,
2580,2311,4283,1/23/2025,,,
2581,2311,4284,1/23/2025,,,
2585,2315,1583,1/23/2025,,,
2586,2317,902,1/23/2025,,,
2587,2317,917,1/23/2025,,,
2588,2319,3854,1/23/2025,,,
2589,2321,2224,1/23/2025,,,
2590,2323,4285,1/23/2025,,,
2591,2325,176,1/23/2025,,,
2592,2325,177,1/23/2025,,,
2593,2327,1006,1/23/2025,,,
2595,2329,288,1/23/2025,,,
2594,2329,289,1/23/2025,,,
2596,2331,42,1/23/2025,,,
2597,2331,3629,1/23/2025,,,
2598,2333,4217,1/23/2025,,,
2599,2333,4286,1/23/2025,,,
2600,2335,1766,1/23/2025,,,
2601,2337,2226,1/23/2025,,,
2602,2338,3797,1/23/2025,,,
2603,2340,3989,1/23/2025,,,
2604,2342,3525,1/23/2025,,,
2606,2344,2050,1/23/2025,,,
2610,2347,3742,1/23/2025,,,
2609,2347,4068,1/23/2025,,,
2612,2352,4288,1/24/2025,,,
2613,2352,4289,1/24/2025,,,
2614,2353,4290,1/24/2025,,,
2615,2355,1700,1/24/2025,,,
2616,2355,1701,1/24/2025,,,
2620,2360,1853,1/24/2025,,,
2623,2361,1473,1/24/2025,,,
2626,2362,1342,1/24/2025,,,
2627,2363,3133,1/24/2025,,,
2628,2364,1393,1/24/2025,,,
2629,2366,1473,1/24/2025,,,
2633,2435,1354,1/24/2025,,,
2634,2435,1355,1/24/2025,,,
2635,2435,1356,1/24/2025,,,
2637,2439,3887,1/24/2025,,,
2636,2439,4292,1/24/2025,,,
2638,2439,4293,1/24/2025,,,
2639,2439,4294,1/24/2025,,,
2640,2439,4295,1/24/2025,,,
2641,2439,4296,1/24/2025,,,
2642,2439,4297,1/24/2025,,,
2643,2439,4298,1/24/2025,,,
2644,2439,4299,1/24/2025,,,
2645,2439,4300,1/24/2025,,,
2646,2441,4300,1/24/2025,,,
2647,2445,535,1/24/2025,,,
2648,2449,4151,1/24/2025,,,
2649,2454,4301,1/24/2025,,,
2650,2458,3281,1/24/2025,,,
2651,2458,3282,1/24/2025,,,
2652,2458,3283,1/24/2025,,,
2653,2462,3430,1/24/2025,,,
2654,2466,4302,1/24/2025,,,
2655,2471,1330,1/24/2025,,,
2656,2471,1331,1/24/2025,,,
2661,2471,2394,1/24/2025,,,
2660,2471,2395,1/24/2025,,,
2659,2471,2403,1/24/2025,,,
2663,2471,2469,1/24/2025,,,
2664,2471,2544,1/24/2025,,,
2665,2471,2690,1/24/2025,,,
2666,2471,2691,1/24/2025,,,
2657,2471,3880,1/24/2025,,,
2669,2471,3892,1/24/2025,,,
2658,2471,4303,1/24/2025,,,
2662,2471,4304,1/24/2025,,,
2667,2471,4305,1/24/2025,,,
2668,2471,4306,1/24/2025,,,
2670,2475,33,1/24/2025,,,
2671,2479,2162,1/24/2025,,,
2672,2483,4112,1/24/2025,,,
2673,2487,621,1/24/2025,,,
2674,2492,2885,1/24/2025,,,
2675,2493,1685,1/24/2025,,,
2676,2493,1686,1/24/2025,,,
2677,2495,616,1/24/2025,,,
2678,2495,4307,1/24/2025,,,
2679,2497,712,1/24/2025,,,
2680,2498,302,1/24/2025,,,
2681,2503,1861,1/24/2025,,,
2682,2506,4124,1/24/2025,,,
2683,2510,4308,1/24/2025,,,
2684,2514,281,1/24/2025,,,
2685,2518,4309,1/24/2025,,,
2686,2522,1074,1/24/2025,,,
2687,2526,2045,1/24/2025,,,
2688,2526,2046,1/24/2025,,,
2689,2530,2878,1/24/2025,,,
2690,2535,3807,1/24/2025,,,
2692,2541,4310,1/24/2025,,,
2691,2541,4311,1/24/2025,,,
2693,2545,286,1/24/2025,,,
2694,2549,4312,1/24/2025,,,
2695,2552,2798,1/24/2025,,,
2696,2556,287,1/24/2025,,,
2697,2560,2978,1/24/2025,,,
2699,2560,3581,1/24/2025,,,
2700,2560,3582,1/24/2025,,,
2701,2560,3584,1/24/2025,,,
2702,2560,3585,1/24/2025,,,
2703,2560,4130,1/24/2025,,,
2698,2560,4313,1/24/2025,,,
2704,2562,563,1/24/2025,HKS-010（２）,,
2705,2565,3361,1/24/2025,,,
2910,2567,3194,7/15/2025,,,
2911,2567,3195,7/15/2025,,,
2709,2571,3026,1/28/2025,,,
2710,2573,1535,1/28/2025,,,
2711,2575,178,1/28/2025,,,
2712,2577,1537,1/28/2025,,,
2713,2579,3523,1/28/2025,,,
2714,2579,4315,1/28/2025,,,
2715,2581,1251,1/28/2025,,,
2716,2583,1541,1/28/2025,,,
2717,2586,2897,1/28/2025,,,
2721,2589,2235,1/28/2025,,,
2723,2590,3494,1/28/2025,,,
2724,2592,4316,1/28/2025,,,
2725,2592,4317,1/28/2025,,,
2726,2594,953,1/28/2025,,,
2727,2596,1939,1/28/2025,,,
2728,2598,1497,1/28/2025,,,
2729,2600,1733,1/28/2025,,,
2730,2602,159,1/28/2025,,,
2732,2604,407,1/28/2025,,,
2734,2606,189,1/28/2025,,,
2736,2608,2359,1/28/2025,,,
2737,2608,2361,1/28/2025,,,
2738,2608,2364,1/28/2025,,,
2739,2608,2365,1/28/2025,,,
2740,2609,837,1/28/2025,,,
2741,2611,946,1/28/2025,,,
2742,2613,2328,1/28/2025,,,
2743,2615,3201,1/28/2025,,,
2744,2618,3162,1/28/2025,,,
2745,2622,1980,1/28/2025,,,
2746,2624,3488,1/28/2025,,,
2748,2627,807,1/28/2025,,,
2747,2627,808,1/28/2025,,,
2749,2629,2319,1/28/2025,,,
2750,2632,4319,1/28/2025,,,
2751,2636,4320,1/28/2025,,,
2752,2640,3915,1/28/2025,,,
2753,2644,3896,1/28/2025,,,
2754,2648,276,1/28/2025,,,
2755,2652,3916,1/28/2025,,,
2756,2656,3763,1/28/2025,,,
2759,2661,4321,1/28/2025,,,
2760,2665,1687,1/28/2025,,,
2761,2669,3904,1/28/2025,,,
2762,2669,3906,1/28/2025,,,
2763,2673,280,1/28/2025,,,
2782,2716,3103,1/28/2025,,,
2783,2717,964,1/28/2025,,,
2784,2719,616,1/28/2025,,,
2785,2722,1948,1/28/2025,,,
2786,2723,1352,1/28/2025,,,
2787,2725,1861,1/28/2025,,,
2790,2729,1435,1/28/2025,,,
2789,2729,4325,1/28/2025,,,
2791,2737,1861,1/28/2025,,,
2792,2745,1321,1/28/2025,,,
2793,2745,1322,1/28/2025,,,
2794,2749,1807,1/28/2025,,,
2797,2764,4326,1/28/2025,,,
2798,2764,4327,1/28/2025,,,
2801,2779,2076,1/28/2025,,,
2802,2779,2080,1/28/2025,,,
2803,2779,4328,1/28/2025,,,
2804,2780,4330,1/28/2025,,,
2805,2785,4331,1/28/2025,,,
2806,2786,4332,1/28/2025,,,
2807,2790,4333,1/28/2025,,,
2808,2792,3118,1/28/2025,,,
2809,2792,3120,1/28/2025,,,
2810,2794,4269,1/28/2025,,,
2813,2797,1022,1/28/2025,,,
2814,2797,1023,1/28/2025,,,
2815,2797,1024,1/28/2025,,,
2811,2797,2230,1/28/2025,,,
2816,2800,992,1/28/2025,,,
2817,2804,993,1/28/2025,,,
2818,2810,1414,1/28/2025,,,
2819,2814,4198,1/28/2025,,,
2820,2818,4167,1/28/2025,,,
2821,2822,3175,1/28/2025,,,
2822,2826,1085,1/28/2025,,,
2823,2831,1861,1/28/2025,,,
2824,2835,4165,1/28/2025,,,
2825,2839,4335,1/28/2025,,,
2826,2843,4336,1/28/2025,,,
2827,2847,1084,1/28/2025,,,
2828,2851,3192,1/28/2025,,,
2829,2855,4175,1/28/2025,,,
2830,2893,990,1/28/2025,,,
2831,2897,50,1/28/2025,,,
2832,2903,230,1/28/2025,,,
2833,2907,4337,1/28/2025,,,
2834,2912,4338,1/28/2025,,,
2835,2919,63,1/28/2025,,,
2836,2923,1586,1/28/2025,,,
2837,2929,4188,1/28/2025,,,
2838,2933,4139,1/28/2025,,,
2839,2937,1557,1/28/2025,,,
2840,2937,1558,1/28/2025,,,
2841,2937,1559,1/28/2025,,,
2842,2937,1560,1/28/2025,,,
2843,2941,1557,1/28/2025,,,
2844,2941,1558,1/28/2025,,,
2845,2941,1559,1/28/2025,,,
2846,2941,1560,1/28/2025,,,
2847,2947,3173,1/28/2025,,,
2848,2951,885,1/28/2025,,,
2849,2955,39,1/28/2025,,,
2850,2962,260,1/28/2025,,,
2852,2965,4282,1/28/2025,,,
2853,2967,1861,1/28/2025,,,
2854,2971,4339,1/28/2025,,,
2856,2975,3102,1/28/2025,,,
2858,2978,4340,1/28/2025,,,
2859,2982,4068,1/28/2025,,,
2860,2984,2757,1/28/2025,,,
2861,2988,2407,1/28/2025,,,
2862,2992,1861,1/28/2025,,,
2863,2996,984,1/28/2025,,,
2864,3000,4126,1/28/2025,,,
2865,3004,2049,1/28/2025,,,
2866,3004,2050,1/28/2025,,,
2867,3008,1958,1/28/2025,,,
2868,3012,4113,1/28/2025,,,
2869,3015,1075,1/28/2025,,,
2870,3017,2127,1/28/2025,,,
2871,3019,4099,1/29/2025,,,
2876,3020,603,4/10/2025,,,
2877,3021,1731,4/10/2025,,,
2878,3022,4401,4/17/2025,,,
2885,3024,4455,6/27/2025,,,
2886,3024,4456,6/27/2025,,,
2951,3024,4625,10/14/2025,,,
2888,3025,4458,7/12/2025,,,
2889,3025,4459,7/12/2025,,,
2890,3025,4460,7/12/2025,,,
2891,3025,4461,7/12/2025,,,
2894,3025,4462,7/12/2025,,,
2895,3025,4463,7/12/2025,,,
2893,3025,4465,7/12/2025,,,
2892,3025,4466,7/12/2025,,,
2897,3026,1278,7/12/2025,,,
2898,3026,1807,7/12/2025,,,
2900,3027,4359,7/12/2025,,,
2903,3028,4419,7/12/2025,,,
2904,3029,4428,7/12/2025,,,
2905,3030,4443,7/12/2025,,,
2906,3030,4444,7/12/2025,,,
2907,3033,4428,7/12/2025,,,
2908,3033,4449,7/12/2025,,,
2955,3033,4627,10/22/2025,,,
2916,3036,4534,7/18/2025,,,
2918,3037,4532,7/24/2025,,,
2919,3038,4442,7/24/2025,,,
2920,3039,4536,7/24/2025,,,
2922,3040,4218,7/28/2025,,,
2960,3040,4637,10/31/2025,,,
2923,3041,4215,7/28/2025,,,
2924,3043,4367,7/28/2025,,,
2925,3045,4368,7/28/2025,,,
2926,3047,4419,7/28/2025,,,
2927,3047,4451,7/28/2025,,,
2929,3049,4436,7/28/2025,,,
2930,3050,4445,7/28/2025,,,
2931,3052,4529,7/28/2025,,,
2932,3053,4542,7/29/2025,,,
2933,3054,4554,8/26/2025,,,
2934,3055,4553,8/26/2025,,,
2939,3056,4563,9/16/2025,,,
2940,3057,1945,9/24/2025,,,
2941,3057,1946,9/24/2025,,,
2942,3058,4584,9/29/2025,,,
2949,3059,4574,10/10/2025,,,
2943,3059,4617,10/3/2025,,,
2944,3059,4618,10/3/2025,,,
2948,3059,4621,10/10/2025,,,
2945,3060,2663,10/7/2025,,,
2946,3061,2662,10/7/2025,,,
2947,3062,4620,10/10/2025,,,
2952,3063,4626,10/22/2025,,,
2953,3064,4629,10/22/2025,,,
2954,3064,4632,10/22/2025,,,
2956,3065,4630,10/22/2025,,,
2957,3066,4623,10/22/2025,,,
2966,3066,4645,11/14/2025,,,
2958,3068,4633,10/22/2025,,,
2959,3069,4636,10/22/2025,,,
2967,3070,4650,11/14/2025,,,
2969,3071,4653,11/20/2025,,,
2971,3072,4658,11/20/2025,,,
2978,3073,4668,12/1/2025,,,
2982,3073,4677,12/9/2025,,,
2980,3075,4670,12/8/2025,,,
2979,3075,4675,12/8/2025,,,
2983,3076,4679,12/9/2025,,,
2984,3077,4681,12/17/2025,,,
2985,3078,4683,12/17/2025,,,
2986,3079,4685,12/17/2025,,,
2987,3081,4687,1/5/2026,,,
2988,3083,4688,1/5/2026,,,
2990,3084,4217,1/5/2026,,,
2989,3084,4690,1/5/2026,,,
2993,3084,4692,1/8/2026,,,
2994,3084,4694,1/8/2026,,,
2995,3084,4698,1/8/2026,,,
2998,3085,3677,1/8/2026,,,
2999,3085,4697,1/8/2026,,,
3001,3086,4705,1/19/2026,,,
3003,3087,4713,2/4/2026,,,
3006,3089,4733,2/26/2026,,,
3007,3090,4730,2/26/2026,,,
3027,3090,4767,4/2/2026,,,
3008,3091,4418,2/26/2026,,,
3009,3091,4731,2/26/2026,,,
3013,3092,4739,3/6/2026,,,
3015,3093,4755,3/17/2026,,,
3016,3094,4751,3/17/2026,,,
3017,3095,4735,3/17/2026,,,
3018,3095,4758,3/17/2026,,,
3019,3095,4759,3/17/2026,,,
3020,3095,4760,3/17/2026,,,
3021,3095,4761,3/17/2026,,,
3023,3096,2187,3/27/2026,,,
3025,3096,4371,3/27/2026,,,
3028,3098,4765,4/2/2026,,,
3029,3099,4766,4/2/2026,,,
3030,3100,4769,4/2/2026,,,
3031,3101,4762,4/8/2026,,,
3033,3102,4783,4/15/2026,,,
