IDMaDHVT,MSVatTu,JobID,DonViDH,DonGiaDH,PhiVanChuyenVT,NgayNhanVT,SoLuongDH,GiaThanhDH,TongSoChiec,GiaBanLe,IDNhanVien,DaNhanHang,GhiChuDH,GiaThanh,UpdatedAt,UpdatedBy
2,GEL-10,,箱,1200,0,4/28/2022,10,1200,,,1,TRUE,Keo dan khuon nhanh,12000,,
4,SR44,,ケ,340,0,6/8/2022,10,3400,1,340,1,FALSE,,3400,,
5,THINNER SP600,,缶,5500,0,6/8/2022,2,11000,,,1,TRUE,,11000,,
7,DLCHD 6.0,,本,1397,,6/8/2022,2,2794,,,1,TRUE,,2794,,
8,DLCHDSL8.0,,本,4600,,6/8/2022,1,4600,,,1,TRUE,,4600,,
9,EX-REXL10.0,,本,13000,,6/10/2022,1,13000,,,1,TRUE,,13000,,
11,MILL S-FPAS18,,本,9562,,6/10/2022,2,19124,,,1,TRUE,,19124,,
12,EX-191D,,缶,13300,0,6/13/2022,1,13300,,,1,TRUE,,13300,,
13,7614,,本,800,,6/13/2023,2,1600,,,1,TRUE,,1600,,
14,BLADE S10,,P,2360,,6/14/2023,1,2360,,,1,TRUE,,2360,,
15,MILL WAF303161,,本,24400,0,6/14/2022,1,24400,1,24400,1,TRUE,,24400,,
16,ONIME M6x13,,ケ,19.5,0,6/17/2023,400,7800,,,1,TRUE,,7800,,
17,SLEML9x0,,ケ,3120,,6/17/2022,3,9360,,,1,TRUE,,9360,,
18,SLEML 8.6x5,,ケ,8760,,6/17/2022,3,26280,,,1,TRUE,,26280,,
19,7447-320,,枚,190,0,6/20/2022,20,3800,,,1,TRUE,,3800,,
20,MASK SSN-01,,ケ,1100,0,6/20/2022,3,3300,,,1,TRUE,,3300,,
21,OIL2M,,個,11000,,6/20/2022,1,11000,,,1,TRUE,,11000,,
22,ALD-CD35,,本,680,,3/23/2022,10,6800,,,1,TRUE,,6800,,
23,PKP4x90,,本,4750,0,7/5/2022,2,9500,,,1,TRUE,,9500,,
24,HYP-B171,,ケ,11025,0,7/5/2022,1,11025,,,1,TRUE,,11025,,
25,HYP-SH62,,ケ,4500,0,7/5/2022,1,4500,,,1,TRUE,,4500,,
26,BS85,,M,5600,,7/6/2022,20,5600,,,1,TRUE,,112000,,
27,MILL HLS2020-200,,本,1920,0,7/7/2022,1,1920,,,1,TRUE,,1920,,
28,AIR208,,本,1550,,7/7/2022,1,3100,,,1,TRUE,,1550,,
29,CUPLA200T,,ケ,3162,,7/7/2022,1,3162,,,1,TRUE,,3162,,
31,8447-280,,枚,225,,7/8/2022,20,4500,,,1,TRUE,,4500,,
32,SUS 1/4SPT,,ケ,28.4,,7/11/2022,200,5680,,,1,TRUE,,5680,,
33,KM20-11,,ケ,3287,,7/12/2022,1,3287,,,1,TRUE,,3287,,
34,KM20-5.5,,ケ,3287,0,7/15/2022,1,3287,,,1,TRUE,,3287,,
35,7440-180,,箱,4450,0,7/15/2022,1,4450,50,89,1,TRUE,,4450,,
36,BIS3.0x20,,箱,1764,0,7/21/2022,2,3528,,,1,TRUE,,3528,,
37,YSD60,,缶,6310,0,7/21/2022,2,12620,,,1,TRUE,,12620,,
38,EX-191D,,缶,13300,0,7/21/2022,1,13300,,,1,TRUE,,13300,,
39,K-601-DX,,ケ,3902,,7/22/2022,1,3902,,,1,TRUE,Voi hoi cho phong kensa,3902,,
40,SX-509,,缶,12940,0,7/22/2022,1,12940,,,1,TRUE,,12940,,
41,DLCHD3.3,,本,697,0,7/26/2022,1,697,,,1,TRUE,,697,,
42,SR35,,箱,1400,0,7/27/2022,1,1400,880,2,1,TRUE,,1400,,
43,TAPE 541-25x10,,ケ,1840,,7/28/2022,5,0,,,1,FALSE,,9200,,
44,DLCHD3.3,,本,743,0,8/2/2022,3,,,,1,TRUE,,2229,,
45,MCG701N,,ケ,2215,0,8/4/2022,5,,10,222,1,TRUE,,11075,,
46,SX-509,,缶,12940,0,8/8/2022,2,,,,1,TRUE,,25880,,
47,EX-191D,,缶,14600,0,8/8/2022,2,,,,1,TRUE,,29200,,
48,MILL HLS2020-200,,本,1920,0,8/9/2022,2,,,,1,TRUE,,3840,,
49,MI,,,485,0,8/9/2022,10,,,,1,TRUE,,4850,,
50,SP95,,缶,16600,1000,8/10/2022,1,,1,16600,1,TRUE,,16600,,
51,F649TX10,,本,17244,0,8/18/2022,1,,,,1,TRUE,,17244,,
52,3/8PT,,ケ,198,0,8/18/2022,100,,,,1,TRUE,,19800,,
53,LB50K,,ケ,1450,0,8/19/2022,1,,,,1,TRUE,,1450,,
54,TPDR37,,本,14400,0,8/19/2022,2,,,,1,TRUE,,28800,,
55,TPDS63,,本,5350,0,8/19/2022,1,,,,1,FALSE,,5350,,
56,7447-320,,枚,190,0,8/19/2022,20,,,,1,TRUE,,3800,,
57,CUPLA6220,,ケ,4235,2,8/19/2022,7,,,,1,TRUE,,29645,,
58,CUPLA6221,,ケ,4235,0,8/19/2022,3,,,,1,TRUE,,12705,,
59,LB50K,,ケ,1450,0,8/22/2022,1,,,,1,TRUE,,1450,,
60,PAPER120,,枚,89,0,8/22/2022,50,,,,1,TRUE,,4450,,
61,YSD60,,缶,6310,0,8/22/2022,1,,,,1,TRUE,,6310,,
62,silicon d11x1m,,ｍ,2880,0,8/25/2022,1,,,,1,TRUE,,2880,,
63,SPRAY1,,本,580,0,8/30/2022,2,,,,1,FALSE,,1160,,
64,AA120S 100x15,,枚,702,0,8/30/2022,5,,,,1,TRUE,,3510,,
65,TAPSPRAY,,本,1180,0,8/30/2022,1,,,,1,TRUE,,1180,,
66,HASAMI240,,ケ,2060,0,8/31/2022,5,,,,1,TRUE,,10300,,
67,DLCHDSL3.3,,本,1940,0,9/1/2022,1,,1,1940,1,TRUE,,1940,,
68,DLCHDSL4.2,,本,2370,0,9/1/2022,1,,,,1,TRUE,,2370,,
69,MASK SSN-01,,ケ,1100,0,9/1/2022,3,,,,1,TRUE,,3300,,
70,HSM-90,,台,16950,0,9/5/2022,1,,,,1,TRUE,,16950,,
71,EA12-525,,ケ,2200,0,9/9/2022,1,,,,1,TRUE,,2200,,
72,2XLF3x20,,ケ,2749,0,9/12/2022,2,,,,1,TRUE,,5498,,
73,2XLF3x30,,ケ,2749,0,9/12/2022,1,,,,1,TRUE,,2749,,
74,EA44SC-50,,ケ,940,0,9/12/2022,3,,,,1,TRUE,,2820,,
75,WEIAL115,,ケ,2420,0,9/21/2022,1,,,,1,TRUE,,2420,,
76,KM32-16,,ケ,4000,0,9/22/2022,1,,,,1,TRUE,,4000,,
77,KM20-5,,ケ,3320,0,9/22/2022,1,,,,1,TRUE,,3320,,
78,SHOWER568094113,,ケ,1390,0,9/22/2022,1,,,,1,TRUE,,1390,,
79,SR30,,箱,1415,0,9/26/2022,1,,910,2,1,TRUE,,1415,,
80,SX-509,,缶,12940,0,9/26/2023,1,,,,1,TRUE,,12940,,
81,YSD60,,缶,6310,0,9/26/2022,1,,,,1,TRUE,,6310,,
82,DLCHD3.0,,本,537,0,9/27/2022,2,,,,1,FALSE,,1074,,
83,EM4NT10,,ケ,2270,0,11/1/2022,1,,,,1,FALSE,,2270,,
84,THINNER SP600,,缶,5500,0,11/1/2022,1,,,,1,TRUE,,5500,,
85,SR44,,ケ,340,0,11/7/2022,10,,1,340,1,TRUE,,3400,,
86,BIS3.0x20,,箱,1950,0,11/7/2022,1,,,,1,FALSE,,1950,,
87,EA944SE-50,,ケ,3240,0,11/7/2022,1,,,,1,TRUE,,3240,,
89,ONIME M6x13,,ケ,22,0,11/7/2022,200,,,,1,TRUE,,4400,,
90,HYP-SH62,,ケ,4700,0,11/11/2022,1,,,,1,TRUE,,4700,,
91,HYP-B171,,ケ,11550,0,11/1/2022,1,,,,1,TRUE,,11550,,
92,YSD60,,缶,6310,0,11/17/2022,2,,,,1,TRUE,,12620,,
93,YSD30,,缶,0,1400,11/17/2022,1,,,,1,TRUE,サンプル,0,,
94,MAT GSA3-100,,ケ,11200,0,11/21/2022,1,,,,1,TRUE,,11200,,
95,BAND2M00,,ケ,175,0,11/21/2022,5,,,,1,TRUE,,875,,
96,7447-320,,箱,4520,0,11/21/2022,1,,,,1,TRUE,,4520,,
97,OIL68,,缶,9800,0,11/28/2022,1,,,,1,TRUE,,9800,,
98,MCN37P,,缶,14400,1000,12/13/2022,1,,,,1,TRUE,,14400,,
99,,,,0,0,,0,,,,1,FALSE,,0,,
100,EX-SUS-GDR-6.8,,本,2440,0,12/13/2022,1,,,,1,TRUE,,2440,,
101,DLCHDSL4.2,,本,2370,0,12/13/2022,1,,,,1,TRUE,,2370,,
102,CLOVEL MAX L,,ケ,350,0,12/13/2022,2,,,,1,TRUE,,700,,
103,SKL-WA60 100x2,,枚,216,0,12/14/2022,20,,,,1,TRUE,,4320,,
104,AF30P-060S,,ケ,345,1500,12/19/2022,3,,,,1,TRUE,,1035,,
105,20ShNBR00301,,ケ,832,0,12/19/2022,3,,1,832,1,TRUE,,2496,,
106,20SH00281,,ケ,282,0,12/19/2022,3,,,,1,TRUE,,846,,
107,BANDM00,,ケ,115,0,12/19/2022,5,,,,1,TRUE,,575,,
108,MASK SSN-01,,ケ,1100,0,12/20/2022,3,,,,1,TRUE,,3300,,
109,1814-TN,,ケ,418,0,12/21/2022,6,,,,1,TRUE,,2508,,
110,TPDS320,,本,39385,0,12/22/2022,1,,,,1,TRUE,,39385,,
111,ONIME M6x13,,ケ,22,0,12/22/2022,200,,,,1,TRUE,,4400,,
112,TAPE-159,,ケ,380,0,12/22/2022,5,,,,1,TRUE,,1900,,
113,7447-320,,箱,5200,0,12/22/2022,1,,,,1,TRUE,,5200,,
114,SR35,,箱,1600,0,12/23/2022,1,,880,2,1,TRUE,,1600,,
115,EX-REEL5,,本,8450,0,1/10/2023,2,,,,1,TRUE,,16900,,
116,LVS2T3x20,,本,1808,0,1/10/2023,2,,,,1,TRUE,,3616,,
118,2XLF3x30,,ケ,2565,0,1/10/2023,2,,,,1,TRUE,,5130,,
119,DLCHDSL6,,本,3813,0,1/12/2023,2,,1,3813,1,TRUE,,7626,,
120,N95,,箱,2666,0,1/16/2023,1,,,,1,TRUE,,2666,,
121,PKP4x90,,本,4750,0,1/17/2023,1,,,,1,TRUE,,4750,,
122,SR30,,箱,1520,0,1/18/2023,1,,910,2,1,TRUE,,1520,,
123,CV-300N,,袋,1300,0,1/19/2023,1,,,,1,TRUE,,1300,,
124,SLEM9.5x7x17.5,,ケ,750,0,1/23/2023,1,,,,1,TRUE,,750,,
125,SLEM9.5,,ケ,3620,0,1/23/2023,1,,,,1,TRUE,,3620,,
126,R8-LHC,,ケ,0,0,1/23/2023,1,,,,1,FALSE,小林さんを頼みました,0,,
127,SR30,,箱,1545,0,1/24/2023,1,,910,2,1,TRUE,,1545,,
128,OILSTONE13,,本,895,0,2/2/2023,1,,,,1,TRUE,,895,,
129,DLCHDSL4.2,,本,2370,0,2/3/2023,1,,,,1,TRUE,,2370,,
130,AB100W,,ケ,3.7,0,2/3/2023,100,,,,1,TRUE,,370,,
131,YSD60,,缶,6310,0,2/3/2023,1,,,,1,TRUE,,6310,,
132,BLADE BC1651,,本,2808,0,2/6/2023,1,,,,1,TRUE,,2808,,
133,HOLDER NG1000,,ケ,3060,0,2/6/2023,1,,,,1,TRUE,,3060,,
134,413J-RBB150,,ケ,3005,0,2/7/2023,2,,,,1,TRUE,,6010,,
136,420J-RBB151,,ケ,2705,0,2/7/2023,2,,,,1,TRUE,,5410,,
137,OILSTONE25,,本,2350,0,2/8/2023,1,,,,1,TRUE,,2350,,
138,SD6.5,,本,590,0,4/5/2023,2,,,,1,FALSE,**,1180,,
139,SD0.8,,本,255,0,2/8/2023,3,,,,1,TRUE,,765,,
140,ST76084,,ケ,1110,0,2/8/2023,1,,,,1,TRUE,,1110,,
141,No2SLC68,,缶,9600,0,2/10/2023,1,,1,9600,1,TRUE,,9600,,
142,DX32,,缶,7550,0,2/10/2023,1,,,,1,TRUE,,7550,,
143,KSEL-220100 2x10,,ケ,5616,0,2/14/2023,1,,,,1,TRUE,,5616,,
144,CB-JM6,,ケ,6540,0,2/14/2023,1,,,,1,TRUE,,6540,,
145,7447-320,,箱,4520,0,2/14/2023,1,,,,1,TRUE,,4520,,
146,CAPM16x45,,ケ,108,648,2/14/2023,6,,,,1,TRUE,,648,,
147,TAP HTP2M3.0.5 5P,,本,645,0,2/15/2023,2,,,,1,TRUE,,1290,,
148,GEL-10,,箱,1200,0,2/15/2023,10,,,,1,TRUE,,12000,,
149,MASK SSN-01,,ケ,375,0,2/16/2023,2,,,,1,TRUE,Doi loai moi,750,,
150,N95,,箱,2666,0,2/16/2023,1,,,,1,TRUE,,2666,,
151,BIS3.0x16,,箱,2650,0,2/20/2023,1,,,,1,TRUE,,2650,,
152,EX-191D,,缶,16400,0,2/20/2023,1,,,,1,TRUE,,16400,,
153,SR30,,箱,1865,0,2/22/2023,1,,910,2,1,TRUE,,1865,,
154,M３X12,,袋,300,0,3/1/2023,1,,,,1,FALSE,,300,,
155,FTS1618,,ケ,620,0,3/2/2023,12,,1,620,1,TRUE,,7440,,
156,EX-191D,,缶,16400,0,3/6/2023,1,,,,1,TRUE,,16400,,
158,YSD60,,缶,6310,0,3/6/2023,1,,,,1,TRUE,,6310,,
159,,,,0,0,,0,,,,1,FALSE,,0,,
160,SR20,,箱,1865,0,3/7/2023,1,,900,2,1,TRUE,,1865,,
161,SP95,,缶,16600,1000,3/10/2023,1,,1,16600,1,TRUE,,16600,,
162,HYP-SH62,,ケ,4700,1000,3/13/2023,1,,,,1,TRUE,,4700,,
163,SR30,,箱,1865,0,3/17/2023,1,,910,2,1,TRUE,,1865,,
164,DLCHDSL4.0,,本,2280,0,3/14/2023,2,,,,1,TRUE,,4560,,
166,DLCHDSL3.3,,本,1695,0,3/16/2023,2,,1,1695,1,TRUE,,3390,,
167,TAP SP P2 M4X0.7,,本,705,0,3/16/2023,3,,,,1,TRUE,,2115,,
168,CAP M4x15,,箱,1430,0,3/16/2023,1,,,,1,TRUE,,1430,,
169,CAP M5x20,,箱,1685,0,3/16/2023,1,,,,1,TRUE,,1685,,
170,CAP M6x25,,箱,1260,0,3/16/2023,1,,,,1,TRUE,,1260,,
171,KF13-20 2M,,ケ,400,0,3/22/2023,3,,,,1,TRUE,,1200,,
172,PAPER 80,,枚,89,0,3/23/2023,50,,,,1,TRUE,,4450,,
173,1/8X3/8,,ケ,395,0,3/23/2023,10,,,,1,TRUE,,3950,,
174,N95,,箱,2666,0,3/23/2023,1,,,,1,TRUE,,2666,,
175,CAPM16x45,,ケ,108,0,3/27/2023,12,,,,1,TRUE,,1296,,
176,PC10-02,,ケ,243,0,3/29/2023,5,,1,243,1,TRUE,,1215,,
177,TAP SP P2 M6x1,,本,784,0,3/28/2023,3,,,,1,TRUE,,2352,,
178,1/2X1/4,,ケ,305,0,3/30/2023,6,,1,305,1,TRUE,,1830,,
179,Magnet MG-752-W,,ケ,680,0,3/29/2023,20,,,,1,TRUE,,13600,,
180,CAP M5X30,,箱,1140,0,4/5/2023,1,,,,1,TRUE,,1140,,
181,CAP M6X20,,箱,1140,0,4/5/2023,1,,,,1,TRUE,,1140,,
182,KM20-6.2,,ケ,3320,0,4/5/2023,1,,,,1,TRUE,,3320,,
183,KM20-7,,ケ,3165,0,4/5/2023,1,,,,1,TRUE,,3165,,
184,52S 40x348x500,,S,19755,0,4/6/2023,2,,1,19755,1,TRUE,,39510,,
185,52S 45x176x339,,S,7793,0,4/6/2023,2,,,,1,TRUE,,15586,,
186,52S 60x331x461,,S,26042,0,4/6/2023,1,,1,26042,1,TRUE,,26042,,
187,N95,,箱,2666,0,4/7/2023,1,,,,1,TRUE,,2666,,
188,52S 25x241x356,,S,6185,0,4/7/2023,2,,,,1,TRUE,,12370,,
189,SUS430 2x525x540,,S,3100,0,4/7/2023,1,,,,1,TRUE,,3100,,
190,SUS430 2x660x680,,S,4850,0,4/7/2023,1,,,,1,TRUE,,4850,,
191,SUS430 2x700x1200,,S,9060,0,4/7/2023,1,,,,1,TRUE,,9060,,
192,52S 40x348x500,,S,19785,0,4/11/2023,1,,1,19785,1,TRUE,不具合の再製作　8-912162-4,19785,,
193,52S 25x211x311,,S,4795,0,4/11/2023,1,,,,1,TRUE,,4795,,
194,52S 30x381x531,,S,17232,0,4/12/2023,1,,,,1,TRUE,,17232,,
195,YTMStone,,本,544,0,4/17/2023,10,,,,1,TRUE,,5440,,
196,diamonyasuri200,,ケ,792,0,4/17/2023,1,,,,1,TRUE,,792,,
197,52S 35x535x735 4F,,S,41398,0,4/19/2023,1,,,,1,TRUE,,41398,,
198,52S 80x301x591,,S,40399,0,4/19/2023,1,,,,1,TRUE,JAE-289M,40399,,
199,52S 65x331x461,,S,28205,0,4/24/2023,1,,,,1,TRUE,,28205,,
200,52S 35x160x210,,S,3481,0,4/24/2023,4,,1,3481,1,TRUE,,13924,,
201,52S 60x160x210,,S,5932,0,4/25/2023,4,,1,5932,1,TRUE,,23728,,
202,52S 70x348x500,,S,34564,0,4/26/2023,1,,,,1,TRUE,,34564,,
203,52S 35x351x591,,S,20602,0,4/27/2023,1,,,,1,TRUE,SAM-001,20602,,
204,YSD60,,缶,6310,0,4/28/2023,1,,,,1,TRUE,,6310,,
205,SX-509,,缶,13853,0,4/28/2023,1,,,,1,TRUE,,13853,,
206,MASK SSN-01,,ケ,375,0,4/28/2023,3,,,,1,TRUE,,1125,,
207,7447-320,,箱,4520,0,4/28/2023,1,,,,1,TRUE,,4520,,
208,52S 50x300x470,,S,20098,0,5/1/2023,1,,1,20098,1,TRUE,,20098,,
209,HYP-SH62,,ケ,4700,1000,5/8/2023,2,,,,1,TRUE,,9400,,
210,MCG701N,,ケ,2215,0,5/8/2023,5,,10,222,1,TRUE,,11075,,
211,52S 55x348x471,,S,25619,0,5/8/2023,1,,,,1,TRUE,SSM-050用,25619,,
212,52S 45x300x470,,S,18096,0,5/9/2023,1,,,,1,TRUE,TOK-010,18096,,
213,AirSonic L-35RA,,ケ,41594,0,5/10/2023,1,,,,1,TRUE,,41594,,
214,YSD60,,缶,6310,0,5/10/2023,1,,,,1,TRUE,,6310,,
215,52S 15x395.8x584 4F,,S,11580,0,5/11/2023,1,,,,1,TRUE,CUTTER BASE　ADY　（310ｘ210）　ＪＡＥ,11580,,
216,SR20,,箱,1865,0,5/11/2023,1,,900,2,1,TRUE,,1865,,
217,TSG-814TM,,ケ,850,0,5/15/2023,1,,1,850,1,TRUE,,850,,
218,52S 30X261X356,,S,8041,0,5/17/2023,1,,,,1,TRUE,SSK-008,8041,,
219,WG310-RD-M,,ケ,440,0,5/17/2023,1,,,,1,TRUE,,440,,
220,,,,0,0,,0,,,,1,FALSE,,0,,
221,CSMK-S 6x2,,ケ,10880,0,5/18/2023,1,,,,1,TRUE,,10880,,
222,2LF 4X20,,ケ,2749,0,5/18/2023,2,,,,1,TRUE,,5498,,
224,52S 35X100X620,,S,6397,0,5/25/2023,3,,,,1,TRUE,"TKD-020,021,022",19191,,
225,KENMA10,,ケ,860,0,5/25/2023,2,,,,1,TRUE,,1720,,
226,KENMA6,,ケ,840,0,5/25/2023,1,,,,1,TRUE,,840,,
227,PAPER 80,,枚,97,0,5/26/2023,50,,,,1,TRUE,,4850,,
228,52S 40x348x500,,S,19755,0,5/26/2023,2,,1,19755,1,TRUE,2457435-1、　2457436-1,39510,,
229,52S 35X331X461,,S,15192,0,5/29/2023,1,,,,1,TRUE,SSM-052　材料35ｘ331ｘ460,15192,,
230,52S 25X331X461,,S,10874,0,5/29/2023,1,,1,10874,1,TRUE,SSM-053　材料25X331X460,10874,,
231,52S 25X300X470,,S,10089,0,5/30/2023,1,,,,1,TRUE,,10089,,
232,52S 25X201X371,,S,5431,0,5/30/2023,1,,,,1,TRUE,,5431,,
233,52S 20X211X441,,S,5374,0,5/30/2023,2,,1,5374,1,TRUE,,10748,,
234,FP5865,,ケ,1714,0,6/2/2023,1,,,,1,TRUE,,1714,,
235,52S 50X348X500,,S,24711,0,6/2/2023,1,,,,1,TRUE,YMT-010,24711,,
236,52S 65X401X591,,S,43545,0,6/2/2023,1,,,,1,TRUE,,43545,,
237,52S 45X331X461,,S,19551,0,6/6/2023,1,,,,1,TRUE,TKD-020,19551,,
238,52S 35x351x591,,S,20572,0,6/6/2023,2,,,,1,TRUE,TKD-021,41144,,
239,MAT154A,,箱,23000,0,6/6/2023,1,,100,230,1,TRUE,,23000,,
240,BIS M3x10,,箱,643,0,6/8/2023,1,,,,1,TRUE,,643,,
241,52S 10X395.8X584 4F,,S,8269,0,6/8/2023,1,,,,1,TRUE,,8269,,
242,52S 25x210x310,,S,4758,0,6/9/2023,1,,,,1,TRUE,,4758,,
243,KM20-5.5,,ケ,3287,0,6/7/2023,1,,,,1,TRUE,,3287,,
244,KM20-4,,ケ,3287,0,6/7/2023,1,,,,1,TRUE,,3287,,
245,N95,,箱,2666,0,6/9/2023,1,,,,1,TRUE,,2666,,
246,52S 85X371X541,,S,48273,0,6/13/2023,2,,,,1,TRUE,OOT-041M,96546,,
247,KENMA TEPA,,ケ,1650,0,6/13/2023,1,,,,1,TRUE,研磨　テーパーエンドミル　刃先ノミ　3.5Ｘ15°,1650,,
248,KENMA TEPA,,ケ,1650,0,6/13/2023,1,,,,1,TRUE,研磨　テーパーエンドミル　刃先ノミ　3Ｘ15°,1650,,
249,KENMA TEPA,,ケ,1650,0,6/13/2023,1,,,,1,TRUE,研磨　テーパーエンドミル　刃先ノミ　4.5Ｘ15°,1650,,
250,KENMA ENDMILL,,ケ,780,0,6/14/2023,1,,,,1,TRUE,研磨　ハイスエンドミル　刃先ノミ　2F　25ｘ80,780,,
251,52S 65X300X470,,S,26073,0,6/15/2023,2,,,,1,TRUE,TOK-011、　TOK-013,52146,,
252,52S 45x300x470,,S,18066,0,6/15/2023,2,,,,1,TRUE,TOK-012、 TOK-014,36132,,
253,YSD60,,缶,6310,0,6/15/2023,1,,,,1,TRUE,,6310,,
254,Veneer 3x6x12,,式,15950,0,6/17/2023,10,,3,5317,1,TRUE,,159500,,
255,EX-191D,,缶,16400,0,6/19/2023,2,,,,1,TRUE,,32800,,
256,52S 65x331x461,,S,28205,0,6/19/2023,1,,,,1,TRUE,ＷＴＮ-006,28205,,
257,IMAO　BJ102-16130,,ケ,26860,0,6/26/2023,1,,,,1,TRUE,264561,26860,,
260,rotary6x13,,ケ,0,0,,1,,,,1,FALSE,,0,,
262,rotary3x13,,ケ,0,0,,1,,,,1,FALSE,,0,,
263,CAPM16x55,,ケ,112.5,0,6/21/2023,6,,,,1,TRUE,,675,,
264,7447-320,,箱,4520,0,6/21/2023,1,,,,1,TRUE,,4520,,
265,BC2042 B2096,,ケ,3910,0,6/22/2023,1,,,,1,TRUE,,3910,,
266,52S 65X300X470,,S,26103,0,6/22/2023,1,,,,1,TRUE,TOK-013　不具合為再加工,26103,,
267,52S 45X301X355,,S,13749,0,6/22/2023,2,,,,1,TRUE,TOK-015、TOK-016,27498,,
268,52S 35X348X471,,S,16332,0,6/22/2023,1,,,,1,TRUE,JAE-290,16332,,
269,BC2036　D3,,ケ,2790,0,6/23/2023,1,,,,1,TRUE,,2790,,
270,52S 10x600x745 4F,,S,14900,0,6/23/2023,1,,,,1,TRUE,,14900,,
271,ACCU CENTER C10,,ケ,6667,0,6/21/2023,1,,,,1,TRUE,,6667,,
272,HLS 2040-300,,本,3999,0,6/26/2023,2,,1,3999,1,TRUE,,7998,,
273,SUS430(2B) 3x640x680,,S,7370,0,6/26/2023,2,,,,1,TRUE,,14740,,
274,52S 45X301X355,,S,13749,0,6/27/2023,2,,,,1,TRUE,TOK-017、TOK-018,27498,,
275,52S 25X300X470,,S,10089,0,6/27/2023,1,,,,1,TRUE,,10089,,
276,52S 25x211x441,,S,6735,0,6/27/2023,1,,,,1,TRUE,,6735,,
277,52S 35x348x500,,S,17292,0,6/27/2023,2,,1,17292,1,TRUE,2423252-1、2423252-3,34584,,
278,52S 20x160x210,,S,2010,0,6/27/2023,4,,,,1,TRUE,,8040,,
279,YCC10-6 AA,,ケ,4950,0,6/27/2023,1,,,,1,TRUE,,4950,,
280,52S 25X300X470,,S,10059,0,6/28/2023,2,,,,1,TRUE,JAE-292、JAE-293,20118,,
282,52S 25X201X371,,S,5431,0,6/29/2023,1,,,,1,TRUE,,5431,,
283,SLEM 8.5,,ケ,3620,0,6/28/2023,1,,,,1,TRUE,8.0ｘ5 understack,3620,,
284,Kenma 8.0x5,,ケ,6825,0,6/28/2023,1,,,,1,TRUE,8.0ｘ5　Ｌ１５,6825,,
285,Hitachi Babycon 4L,,缶,4600,1500,6/29/2023,1,,1,4600,1,TRUE,Dau may nen khi Hitachi 4L,4600,,
286,52S 45x176x339,,S,7823,0,6/30/2023,1,,,,1,TRUE,,7823,,
287,52S 35x286x586,,S,16714,0,6/30/2023,1,,1,16714,1,TRUE,,16714,,
288,52S 30x286x586,,S,14338,0,6/30/2023,1,,,,1,TRUE,,14338,,
289,52S 45x348x500,,S,22030,0,7/5/2023,1,,,,1,TRUE,,22030,,
290,52S 55x348x471,,S,25367,0,7/6/2023,1,,,,1,TRUE,,25367,,
291,52S 55x435x505,,S,33851,0,7/6/2023,1,,,,1,TRUE,,33851,,
292,SR20,,箱,1865,0,7/7/2023,1,,900,2,1,TRUE,,1865,,
293,52S 85x401x471,,S,45028,0,7/7/2023,1,,1,45028,1,TRUE,DIC-143,45028,,
294,No70x2 Hammer,,ケ,485,0,7/10/2023,4,,,,1,TRUE,,1940,,
295,TC25x4 Tslot,,本,10600,0,7/10/2023,1,,,,1,TRUE,,10600,,
296,52S 2x20x150,,S,83,0,7/10/2023,2,,,,1,TRUE,,166,,
297,52S 1x40x150,,S,84,0,7/10/2023,2,,,,1,TRUE,,168,,
298,52S 40x301x471,,S,16022,0,7/13/2023,1,,,,1,TRUE,,16022,,
299,52S 25x211x441,,S,6670,0,7/13/2023,1,,,,1,TRUE,MTM-178M,6670,,
300,52S 20x320x490 4F,,S,10587,0,7/14/2023,1,,,,1,TRUE,,10587,,
301,DLCPLSD8x165x109,,ケ,6760,0,7/14/2023,1,,,,1,TRUE,,6760,,
302,AGREX 10X130L,,ケ,10085,0,7/14/2023,1,,,,1,TRUE,,10085,,
303,C-CES 2120-3600,,本,5585,0,7/14/2023,1,,,,1,TRUE,,5585,,
304,52S 110x451x591,,S,85470,0,7/20/2023,1,,1,85470,1,TRUE,MTM-182,85470,,
305,52S 65X401X591,,S,43118,0,7/20/2023,1,,,,1,TRUE,,43118,,
306,52S 45x348x356,,S,15771,0,7/20/2023,1,,1,15771,1,TRUE,,15771,,
307,52S 55X261X356,,S,14531,0,7/20/2023,1,,,,1,TRUE,,14531,,
312,BE1.0 HSLB 2020-200,,本,1730,0,7/25/2023,1,,,,1,TRUE,,1730,,
313,AL-SP 1B STI M8x1.25,,本,1920,0,7/25/2023,1,,,,1,TRUE,,1920,,
314,EM TPDR 6x3x42L,,本,12264,0,7/25/2023,1,,,,1,TRUE,,12264,,
315,52S 30x331x461,,S,12933,0,7/28/2023,1,,,,1,TRUE,KOS-015,12933,,
316,SX-509,,缶,13853,0,7/31/2023,1,,,,1,TRUE,,13853,,
317,YSD60,,缶,6310,0,7/31/2023,1,,,,1,TRUE,,6310,,
318,SPKN1203EDTR,,ケ,725,0,8/1/2023,10,,,,1,TRUE,,7250,,
319,N95,,箱,2666,0,8/2/2023,1,,,,1,TRUE,,2666,,
320,S45C 55x73x263 切板,,S,4160,0,8/2/2023,4,,,,1,TRUE,,16640,,
321,TAPE CT405AP-14,,袋,1000,0,8/3/2023,1,,,,1,TRUE,,1000,,
322,KENMA ENDMILL,,ケ,1600,0,8/7/2023,2,,,,1,TRUE,2F　10Φ　刃先カット,3200,,
323,52S 30X261X356,,S,7962,0,8/9/2023,1,,,,1,TRUE,KOS-016M　R3,7962,,
324,52S 35x160x210,,S,3447,0,8/9/2023,4,,1,3447,1,TRUE,,13788,,
325,52S 45x160x210,,S,4418,0,8/9/2023,4,,1,4418,1,TRUE,,17672,,
326,E36079A01,,ケ,0,0,8/9/2023,2,,,,1,TRUE,Bong den DuraVertical 5080,0,,
327,63S-アングル 3x40x40x4000,,P,2400,0,8/10/2023,12,,,,1,TRUE,,28800,,
328,52S 55x451x591,,S,40981,0,8/10/2023,1,,,,1,TRUE,JAE-297,40981,,
329,52S 35x451x591,,S,26108,0,8/10/2023,1,,,,1,TRUE,JAE-298,26108,,
330,MILL HLS2020-200,,本,1920,0,8/21/2023,2,,,,1,TRUE,,3840,,
331,DD 100x15 AA 60S,,枚,941,0,8/22/2023,5,,,,1,TRUE,,4705,,
332,52S 45x384x500,,S,24269,0,8/23/2023,1,,,,1,TRUE,JAE-299,24269,,
333,52S 40x286x586,,S,18903,0,8/23/2023,1,,1,18903,1,TRUE,,18903,,
334,52S 30x286x586,,S,14197,0,8/23/2023,1,,,,1,TRUE,,14197,,
335,MILL WAF303161,,本,19200,0,8/25/2023,1,,1,19200,1,TRUE,,19200,,
336,AL-SP 1b M8x1.25,,本,1920,0,8/24/2023,1,,,,1,TRUE,,1920,,
337,CV-300N,,袋,1455,0,8/25/2023,1,,,,1,TRUE,,1455,,
338,52S 40x401x591,,S,26564,0,8/25/2023,1,,,,1,TRUE,,26564,,
339,A-P#180,,枚,100,0,8/25/2023,50,,1,100,1,TRUE,,5000,,
340,KM20-4,,ケ,3287,0,8/28/2023,1,,,,1,TRUE,,3287,,
341,7447-320,,箱,4520,0,9/2/2023,1,,,,1,TRUE,,4520,,
342,52S 12X558X704 4F,,S,15350,0,8/31/2023,1,,1,15350,1,TRUE,JAE CUTTER BASE - PLATE,15350,,
343,52S 12x557x704 4F,,S,15325,0,8/31/2023,1,,,,1,TRUE,74C CUTTER BASE ALUM,15325,,
344,52S 12x40x150 4F,,S,926,0,8/31/2023,2,,1,926,1,TRUE,PART,1852,,
345,52S 55x348x500,,S,26908,0,9/1/2023,1,,,,1,TRUE,JAE-090,26908,,
346,52S 45x348x356,,S,15771,0,9/1/2023,1,,1,15771,1,TRUE,PNS-010,15771,,
347,E1-001 BRUSH,,本,100,,9/6/2023,5,,,,1,TRUE,,500,,
348,GLOVE MAX LL,,ケ,350,0,9/7/2023,2,,,,1,TRUE,,700,,
349,M6x15 CAP,,箱,1100,0,9/7/2023,1,,,,1,TRUE,,1100,,
350,52S 45x348x500,,S,22030,0,9/8/2023,1,,,,1,TRUE,JAE-296M,22030,,
351,52S 25x211x311,,S,4749,0,9/11/2023,1,,,,1,TRUE,Dat nham TBG-032,4749,,
352,52S 50x461x601,,S,38716,0,9/11/2023,1,,,,1,TRUE,DIM-019,38716,,
353,52S 95x461x601,,S,73488,0,9/11/2023,1,,,,1,TRUE,DIM-018,73488,,
354,52S 45x211x311,,S,8484,0,9/12/2023,1,,1,8484,1,TRUE,TBG-032,8484,,
355,K6142 CUTTER,,本,3960,0,9/15/2023,1,,,,1,TRUE,,3960,,
356,B4220 BRUSH,,袋,2150,0,9/15/2023,1,,,,1,TRUE,,2150,,
357,Veneer 12x600x910,,枚,5320,0,,30,,,,1,TRUE,,159600,,
358,DZ142110 DRIVE,,袋,470,0,9/21/2023,1,,2,235,1,TRUE,,470,,
359,BC22054 D6.4,,ケ,4440,0,9/20/2023,1,,1,4440,1,TRUE,,4440,,
360,BC2402 CUTTER,,袋,4620,0,9/19/2023,1,,1,4620,1,TRUE,,4620,,
361,52S 35x348x500,,S,17122,0,9/19/2023,2,,1,17122,1,TRUE,2423252-1R1、2423252-3R1,34244,,
362,52S 5X600X745,,S,8503,0,9/19/2023,1,,1,8503,1,TRUE,,8503,,
363,NSE-104 YASURI,,ケ,1000,0,9/19/2023,1,,1,1000,1,TRUE,,1000,,
364,52S 65x351x591,,S,37817,0,9/21/2023,1,,1,37817,1,TRUE,,37817,,
365,52S 50x382x622,,S,33278,0,9/21/2023,1,,1,33278,1,TRUE,,33278,,
366,52S 25X300X470,,S,9990,0,9/22/2023,1,,1,9990,1,TRUE,JAE-302M,9990,,
367,52S 45x160x210,,S,4418,0,9/22/2023,4,,1,4418,1,TRUE,,17672,,
368,52S 25x160x210,,S,2476,0,9/22/2023,4,,1,2476,1,TRUE,,9904,,
369,52S 35x286x586,,S,16550,0,9/25/2023,1,,1,16550,1,TRUE,,16550,,
370,52S 50x286x586,,S,23609,0,9/25/2023,1,,1,23609,1,TRUE,,23609,,
371,52S 3x246x335,,S,959,0,9/26/2023,2,,1,959,1,TRUE,,1918,,
372,52S 20x35x246,,S,654,0,9/26/2023,4,,1,654,1,TRUE,,2616,,
373,52S 40x274x504,,S,15623,0,9/26/2023,1,,1,15623,1,TRUE,,15623,,
374,52S 40x348x500,,S,19591,0,9/30/2023,1,,1,19591,1,TRUE,,19591,,
375,S-70,,組,6456,0,9/28/2023,2,,2,3228,1,TRUE,,12912,,
376,DRILL EX-GDR 6.8,,本,3182,0,9/28/2023,1,,1,3182,1,TRUE,,3182,,
377,52S 25X300X470,,S,9980,0,10/2/2023,1,,1,9980,1,TRUE,MTM-179 cav3 cav4 vn,9980,,
379,52S 25x211x441,,S,6663,0,10/2/2023,1,,1,6663,1,TRUE,,6663,,
380,52S 25X201X371,,S,5373,0,10/2/2023,1,,1,5373,1,TRUE,,5373,,
381,52S 50x331x461,,S,21450,0,10/3/2023,2,,1,21450,1,TRUE,,42900,,
382,TR エホマクランプ　NA20-5,,ケ,2585,0,10/3/2023,2,,1,2585,1,TRUE,,5170,,
383,52S 2x50x450,,S,254,0,10/4/2023,4,,1,254,1,TRUE,,1016,,
384,52S 1x50x450,,S,172,0,10/4/2023,2,,1,172,1,TRUE,,344,,
385,52S 45x176x339,183,s,7739,0,10/5/2023,1,,1,7739,1,TRUE,DIC-145M,7739,,
386,52S 30x348x500,,S,14699,0,10/5/2023,1,,1,14699,1,TRUE,,14699,,
387,N95,,箱,2666,0,10/6/2023,1,,10,267,1,TRUE,,2666,,
388,52S 60x331x461,,S,25760,0,10/6/2023,1,,1,25760,1,TRUE,,25760,,
389,52S 55x282x652,,S,28429,0,10/6/2023,1,,1,28429,1,TRUE,水冷盤,28429,,
390,52S 15x295x435,,S,5492,0,10/6/2023,1,,1,5492,1,TRUE,MTM,5492,,
391,52S 20X211X441,,S,5346,0,10/6/2023,1,,1,5346,1,TRUE,MTM,5346,,
392,B4221 brush,,袋,4180,0,10/10/2023,1,,5,836,1,TRUE,,4180,,
393,WG-310-RD-L,,ケ,386,0,10/10/2023,1,,1,386,1,TRUE,,386,,
394,THINNER SP600,,缶,5500,0,10/5/2023,1,,0,11,1,TRUE,,5500,,
395,52S 15X50X100 4F,,S,882,0,10/11/2023,3,,1,882,1,TRUE,,2646,,
396,52S 15x47.5x100 4F,,S,784,0,10/11/2023,6,,1,784,1,TRUE,,4704,,
397,52S 15x295x455,,S,5738,0,10/11/2023,1,,1,5738,1,TRUE,,5738,,
398,52S 45x251x621,,S,19793,0,10/11/2023,1,,1,19793,1,TRUE,,19793,,
399,52S 30x368x536,,S,16628,0,10/11/2023,1,,1,16628,1,TRUE,,16628,,
400,52S 40x348x516,,S,20159,0,10/11/2023,2,,1,20159,1,TRUE,,40318,,
401,52S 15x10.5x400 4F,,S,1285,0,10/11/2023,3,,1,1285,1,TRUE,,3855,,
402,52S 15x30x980 4F,,S,3209,0,10/11/2023,3,,1,3209,1,TRUE,,9627,,
403,52S 15x93x100 4F,,S,1173,0,10/11/2023,3,,1,1173,1,TRUE,,3519,,
404,52S 35x348x500,,S,17135,0,10/11/2023,1,,1,17135,1,TRUE,,17135,,
405,52S 30x367x535,,S,18418,0,10/12/2023,1,,1,18418,1,TRUE,,18418,,
406,M8x15CAP,,ケ,11.02,0,10/13/2023,100,,1,11,1,TRUE,,1102,,
407,14M-FN,,ケ,455,0,10/17/2023,6,,1,455,1,TRUE,,2730,,
408,FTS1418,,ケ,640,0,10/17/2023,4,,1,640,1,TRUE,,2560,,
409,FTS1416,,ケ,600,0,10/17/2023,4,,1,600,1,TRUE,,2400,,
410,SUS430(2B) 2x540x900,,S,5380,0,10/17/2023,1,,1,5380,1,TRUE,,5380,,
411,SUS430(2B) 1x490x680,,S,2740,0,10/17/2023,1,,1,2740,1,TRUE,,2740,,
412,52S 25x423.4x535.1 4F,,S,17664,0,10/17/2023,1,,1,17664,1,TRUE,ADY　CUTTER,17664,,
413,52S 25X300X470,,S,9980,0,10/17/2023,1,,1,9980,1,TRUE,YCM-069,9980,,
414,52S 45X331X461,,S,19340,0,10/18/2023,1,,1,19340,1,TRUE,ATS-027,19340,,
415,52S 45X331X461,,S,19340,0,10/19/2023,1,,1,19340,1,TRUE,,19340,,
416,3/8PT,,ケ,230,0,10/20/2023,100,,1,230,1,TRUE,,23000,,
417,1/2x3/8,,ケ,650,0,10/20/2023,10,,1,650,1,TRUE,,6500,,
418,52S 45x348x471,,S,20719,0,10/20/2023,2,,1,20719,1,TRUE,,41438,,
419,Magnet trusco,,袋,480,0,10/19/2023,1,,10,48,1,TRUE,,480,,
420,7447-320,,箱,4520,0,10/24/2023,1,,10,452,1,TRUE,,4520,,
421,PC10-02,,ケ,200,0,10/23/2023,5,,1,200,1,TRUE,,1000,,
422,YSD60,,缶,6310,0,10/23/2023,1,,1,6310,1,TRUE,,6310,,
423,silicon d11x1m,,ｍ,2880,0,10/23/2023,1,,1,2880,1,TRUE,,2880,,
424,52S 60x300x470,,S,23841,0,10/23/2023,1,,1,23841,1,TRUE,,23841,,
425,52S 15X50X100 4F,,S,882,0,10/25/2023,3,,1,882,1,TRUE,,2646,,
426,52S 15x93x100 4F,,S,1173,0,10/25/2023,3,,1,1173,1,TRUE,,3519,,
427,52S 15x47.5x100 4F,,S,784,0,10/25/2023,9,,1,784,1,TRUE,予備３個,7056,,
428,NG3000,,本,1290,0,10/24/2023,1,,1,1290,1,TRUE,,1290,,
429,NG3100,,本,5250,0,10/24/2023,1,,10,525,1,TRUE,,5250,,
430,CH3000,,本,1180,0,10/24/2023,1,,1,1180,1,TRUE,,1180,,
431,BC2214,,ケ,4440,0,10/24/2023,1,,1,4440,1,TRUE,,4440,,
432,ONIME M6x13,,ケ,22,0,10/24/2023,200,,1,22,1,TRUE,,4400,,
433,52S 35x401x471,,S,18569,0,10/27/2023,1,,1,18569,1,TRUE,,18569,,
434,52S 40x286x586,,S,18885,0,10/27/2023,1,,1,18885,1,TRUE,,18885,,
435,PKP2x90 DLC,,本,5415,0,10/27/2023,1,,1,5415,1,TRUE,,5415,,
436,PKP4x90,,本,4750,0,10/27/2023,1,,1,4750,1,TRUE,Mua truoc khi tang gia,4750,,
437,52S 80x331x461,,S,34321,0,10/30/2023,1,,1,34321,1,TRUE,,34321,,
438,52S 12x560x704,,S,13220,0,10/30/2023,1,,1,13220,1,TRUE,,13220,,
439,52S 25x202x254,,S,4718,0,10/30/2023,3,,1,4718,1,TRUE,ALUMCUTTER YMS,14154,,
440,TEL 3x7,,ケ,14160,0,10/31/2023,1,,1,14160,1,TRUE,,14160,,
441,TSG-814TM,,ケ,905,,10/31/2023,1,,1,905,1,TRUE,,905,,
442,DLCHDSL4.2,,本,2330,0,11/1/2023,3,,1,2330,1,TRUE,,6990,,
443,DLCHDSL3.3,,本,1920,0,11/1/2023,3,,1,1920,1,TRUE,,5760,,
444,DLCHDSL6,,本,3815,0,11/2/2023,3,,1,3815,1,TRUE,,11445,,
445,52S 40x348x500,,S,19572,0,11/1/2023,1,,1,19572,1,TRUE,JAE-304,19572,,
446,52S 25x348x500,,S,12262,0,11/1/2023,1,,1,12262,1,TRUE,JAE-305,12262,,
447,52S 55x363x493,,S,27633,0,11/2/2023,1,,1,27633,1,TRUE,PB　460ｘ330　ＷＴＮ－００７,27633,,
448,Veneer 12x600x910,,枚,5320,0,11/1/2023,30,,1,5320,1,TRUE,thue 10%,159600,,
449,EM D12 2F,,ケ,20000,0,11/2/2023,1,,0,11,1,TRUE,,20000,,
450,52S 12x40x150 4F,,S,926,0,11/7/2023,2,,1,926,1,TRUE,PART PB WTN-007,1852,,
451,52S 100x210x310,,S,18593,0,11/7/2023,1,,1,18593,1,TRUE,,18593,,
452,52S 50x160x210,,S,4898,0,11/7/2023,4,,1,4898,1,TRUE,,19592,,
453,52S 65x401x471,,S,34418,0,11/8/2023,1,,1,34418,1,TRUE,,34418,,
454,52S 45x241x356,,S,11004,0,11/8/2023,1,,1,11004,1,TRUE,,11004,,
455,SR20,,箱,1865,0,11/9/2023,1,,900,2,1,TRUE,,1865,,
456,anex 336-7614 90,,本,800,0,11/14/2023,2,,1,800,1,TRUE,,1600,,
457,Cap M5x40,,ケ,8.5,0,11/10/2023,200,,1,8,1,TRUE,,1700,,
458,SP95,,缶,16600,1000,11/13/2023,1,,1,16600,1,TRUE,,16600,,
459,SR20,,箱,1865,0,11/9/2023,1,,900,2,1,TRUE,,1865,,
460,52S 40x348x500,,S,19572,0,11/13/2023,1,,1,19572,1,TRUE,,19572,,
461,52S 4x50x450,,S,405,0,11/15/2023,4,,1,405,1,TRUE,,1620,,
462,Hitachi Babycon 4L,,缶,4600,1500,11/16/2023,1,,1,4600,1,TRUE,Dau may nen khi Hitachi,4600,,
463,52S 30x241x356,,S,7362,0,11/16/2023,1,,1,7362,1,TRUE,SMK-217,7362,,
464,EX-191D,,缶,16400,0,11/17/2023,2,,1,16400,1,TRUE,,32800,,
465,YSD60,,缶,6310,0,11/17/2023,1,,1,6310,1,TRUE,,6310,,
466,52S 35X331X461,,S,15060,0,11/21/2023,1,,1,15060,1,TRUE,,15060,,
467,52S 95x481x641,,S,81611,0,11/21/2023,1,,1,81611,1,TRUE,ATS-032M,81611,,
468,SUS2B 4x10x490,,S,600,0,11/21/2023,1,,0,11,1,TRUE,,600,,
469,SUS2B 2x490x680,,S,3870,0,11/21/2023,1,,1,3870,1,TRUE,,3870,,
470,OGS TPDl 3x2x60L,,本,12800,0,11/20/2023,1,,1,12800,1,TRUE,,12800,,
471,Hitachi Babycon 4L,,缶,4600,1500,11/20/2023,1,,1,4600,1,TRUE,Dau may nen khi,4600,,
472,52S 5X600X745,,S,8497,0,11/22/2023,1,,1,8497,1,TRUE,ATS-032　Plate,8497,,
473,52S 20x30x370,,S,1679,0,11/22/2023,4,,1,1679,1,TRUE,OOT-042　Part,6716,,
474,52S 110x371x541,,S,67080,0,11/24/2023,2,,1,67080,1,TRUE,OOT-042,134160,,
475,52S 5X600X745,,S,8497,0,11/27/2023,1,,1,8497,1,TRUE,ATS-032　Plate　再作成,8497,,
476,52S 55x431x531,,S,35215,0,11/27/2023,1,,1,35215,1,TRUE,,35215,,
477,SUS2B 2x40x680,,S,3870,0,11/27/2023,2,,1,3870,1,TRUE,,7740,,
478,SUS2B 2x530x900,,S,5830,0,11/27/2023,1,,1,5830,1,TRUE,,5830,,
479,52S 60x432x622,,S,45020,0,11/28/2023,1,,1,45020,1,TRUE,,45020,,
480,52S 55x432x532,,S,35362,0,11/28/2023,1,,1,35362,1,TRUE,,35362,,
481,52S 60x401x591,,S,39767,0,11/28/2023,1,,1,39767,1,TRUE,,39767,,
482,CAP M5x35,,箱,1310,0,11/29/2023,1,,200,7,1,TRUE,,1310,,
483,MASK SSN-01,,ケ,375,0,11/29/2023,1,,50,8,1,TRUE,,375,,
484,52S 50x301x355,,S,15136,0,11/29/2023,1,,1,15136,1,TRUE,,15136,,
485,52S 45x286x586,,S,21235,0,11/29/2023,1,,1,21235,1,TRUE,JAE-308M,21235,,
486,52S 12x560x704,,S,15387,0,11/30/2023,1,,1,15387,1,TRUE,,15387,,
487,52S 25x198.4x248.4,,S,4690,0,11/30/2023,1,,1,4690,1,TRUE,,4690,,
488,HLS 2040-300,,本,3999,0,12/6/2023,2,,1,3999,1,TRUE,,7998,,
489,N CUT No.107,,缶,9800,0,12/1/2023,1,,1,9800,1,TRUE,,9800,,
490,DLCHDSL8x64,,ケ,5300,0,11/30/2023,1,,1,5300,1,TRUE,,5300,,
491,FC4601 BRUSH,,ケ,2080,0,11/30/2023,1,,5,416,1,TRUE,,2080,,
492,52S 45x241x356,,S,11004,0,11/30/2023,1,,1,11004,1,TRUE,,11004,,
493,52S 45x401x501,,S,25351,0,11/30/2023,1,,1,25351,1,TRUE,,25351,,
494,52S 25x202x254,,S,3926,0,12/7/2023,1,,1,3926,1,TRUE,ALCUTTER　YMS-001　4P,3926,,
495,52S 25X331X461,,S,11312,0,12/7/2023,1,,1,11312,1,TRUE,,11312,,
496,MBK,,ケ,200,0,12/7/2023,2,,1,200,1,TRUE,,400,,
497,HLS 2030-300,,本,4162,0,12/7/2023,1,,1,4162,1,TRUE,,4162,,
498,ZC4520,,ケ,4440,0,12/7/2023,1,,8,555,1,TRUE,,4440,,
499,BANDM00,,ケ,115,0,12/8/2023,10,,1,115,1,TRUE,,1150,,
500,220M glove,,箱,1580,0,12/8/2023,1,,0,11,1,TRUE,,1580,,
501,52S 40x301x591,,S,21013,0,12/13/2023,1,,1,21013,1,TRUE,JAE-309,21013,,
502,Glove　２２０S,,箱,2050,0,12/18/2023,1,,0,11,1,TRUE,,2050,,
503,20PF 00283,,ケ,282,0,12/12/2023,10,,1,282,1,TRUE,,2820,,
504,20ShNBR00301,,ケ,832,0,12/18/2023,5,,1,832,1,TRUE,,4160,,
505,ACCU CENTER C10,,ケ,6667,0,12/19/2023,2,,0,11,1,TRUE,,13334,,
506,3.8x40L mokuneji,,箱,5770,0,12/19/2023,1,,500,12,1,TRUE,,5770,,
507,52S 50x300x470,,S,20866,0,12/20/2023,1,,1,20866,1,TRUE,JAE-310,20866,,
508,52S 45x286x586,,S,22288,0,12/19/2023,1,,1,22288,1,TRUE,,22288,,
509,52S 65x286x586,,S,32158,0,12/19/2023,1,,1,32158,1,TRUE,,32158,,
510,52S 35x261x356,,S,9724,0,12/20/2023,1,,1,9724,1,TRUE,8-912162-5 lam lai vi sai kieu chu,9724,,
511,52S 75x210x310,,S,14655,0,12/22/2023,1,,1,14655,1,TRUE,,14655,,
512,52S 25x290x290,,S,6293,0,12/22/2023,2,,1,6293,1,TRUE,,12586,,
513,52S 30x121x521,,S,5785,0,12/22/2023,1,,1,5785,1,TRUE,,5785,,
514,52S 45X331X461,,S,20268,0,12/22/2023,2,,1,20268,1,TRUE,,40536,,
515,52S 30x241x356,,S,7870,0,1/5/2024,1,,1,7870,1,TRUE,SMK-217 R6　再作成,7870,,
516,52S 35x348x500,,s,18293,0,1/10/2024,3,,1,18293,1,TRUE,"2423252-1R2, 2R4, 3R2",54879,,
517,52S 12X558X704 4F,,S,16258,0,1/9/2024,1,,1,16258,1,TRUE,JAE CUTTER BASE　PLATE 270x270,16258,,
518,52S 35x266x386,,S,10722,0,12/27/2023,1,,1,10722,1,TRUE,CBS-001,10722,,
519,52S 50x210x310,,S,9797,0,12/27/2023,1,,1,9797,1,TRUE,YCM-073D,9797,,
521,52S 25x417x530,,S,16583,0,1/15/2024,1,,1,16583,1,TRUE,,16583,,
522,EX-191D,,缶,16400,0,1/12/2024,2,,1,16400,1,TRUE,,32800,,
523,CAP M14x45,,ケ,80,0,1/11/2024,6,,1,80,1,TRUE,,480,,
524,Hicupla 30PH STEEL 00284,,ケ,282,0,1/12/2024,5,,1,282,1,TRUE,,1410,,
525,52S 30x286x301,,S,7891,0,1/12/2024,1,,1,7891,1,TRUE,JAE-313M,7891,,
526,52S 35x160x210,,S,3680,0,1/12/2024,3,,1,3680,1,TRUE,,11040,,
527,52S 45x160x210,,S,4717,0,1/12/2024,3,,1,4717,1,TRUE,,14151,,
528,TPDR 2x1,,本,4950,0,10/19/2020,3,,1,4950,1,TRUE,,14850,,
529,ONIME M6x13,,ケ,18,0,1/24/2019,400,,1,18,1,TRUE,,7200,,
530,52S 30x302x356,,S,6953,0,5/19/2020,1,,1,6953,1,TRUE,,6953,,
531,MILL WAF303161,,本,19200,0,1/15/2024,1,,1,19200,1,TRUE,,19200,,
532,52S 80x331x461,,S,36706,0,1/16/2024,1,,1,36706,1,TRUE,,36706,,
533,52S 25x381x531,,S,15204,0,1/17/2024,1,,1,15204,1,TRUE,,15204,,
534,MASK SSN-01,,ケ,375,0,1/18/2024,3,,50,8,1,TRUE,,1125,,
535,220L Glove,,箱,1900,0,1/11/2024,1,,100,19,1,TRUE,,1900,,
536,HB-244 houki,,本,230,0,1/11/2024,1,,1,230,1,TRUE,,230,,
537,TSG-814TM,,ケ,1000,0,1/11/2024,1,,0,11,1,TRUE,,1000,,
538,MG-CT20,,ケ,1795,0,1/11/2024,1,,1,1795,1,TRUE,,1795,,
540,Veneer 3x6x12,,式,14500,0,1/17/2024,10,,3,4833,1,TRUE,Dat hang truoc 1 tuan,145000,,
541,veneer 3x6x18,,式,17400,0,1/17/2024,10,,3,5800,1,TRUE,Dat truoc 1 tuan,174000,,
542,52S 50x300x470,,S,21260,0,1/22/2024,1,,1,21260,1,TRUE,YCM-073,21260,,
543,UnderStack 12x10dox35L,,ケ,8650,0,1/24/2024,1,,1,8650,1,TRUE,,8650,,
544,SLEML 12x40xd12,,ケ,7440,0,1/24/2024,1,,1,7440,1,TRUE,,7440,,
545,7447-320,,箱,4520,0,1/19/2024,1,,10,452,1,TRUE,,4520,,
546,52S 20x300x470,,S,8552,0,1/24/2024,1,,1,8552,1,TRUE,DIC-147,8552,,
547,52S 45x211x311,,S,9061,0,,1,,1,9061,1,TRUE,NGS-017,9061,,
548,52S 45x348x356,,S,23536,0,1/25/2024,1,,1,23536,1,TRUE,JAE-314M,23536,,
549,HT6x1-L#2,,本,1275,0,1/26/2024,1,,1,1275,1,TRUE,,1275,,
550,L bolt M6x60,,ケ,585,0,1/26/2024,2,,1,585,1,TRUE,,1170,,
551,N95,,箱,2666,0,1/29/2024,2,,10,267,1,TRUE,,5332,,
552,B0500 M Clove,,ケ,253,0,1/29/2024,10,,1,253,1,TRUE,,2530,,
553,B0500 L Clove,,ケ,253,0,1/29/2024,10,,1,253,1,TRUE,,2530,,
554,002-4 3V  CR8-LHC (FDK),644,ケ,9998,1000,1/30/2024,1,,0,11,1,TRUE,森精機 Dat truc tiep hang,9998,,
555,52S 5x14x510,,S,1204,0,2/1/2024,2,,1,1204,1,TRUE,NFC-001M　JIG,2408,,
557,52S 20x14x470,,S,1699,0,2/1/2024,2,,1,1699,1,TRUE,NFC-001M　JIG,3398,,
558,52S 5X600X745,,S,8933,0,2/1/2024,1,,1,8933,1,TRUE,NFC-001　Plate,8933,,
559,Drill D0.6,,本,0,0,2/5/2024,500,,1,0,1,TRUE,,0,,
560,CRC 556,,本,690,0,2/9/2024,3,,1,690,1,TRUE,,2070,,
561,PC10-02,,ケ,267,0,2/9/2024,5,,1,267,1,TRUE,,1335,,
562,3/8PT,,ケ,230,0,2/9/2024,20,,1,230,1,TRUE,,4600,,
563,52S 30x331x461,,S,13814,0,2/14/2024,1,,0,11,1,TRUE,ASH-005,13814,,
564,52S 60x286x586,,S,30252,0,2/8/2024,1,,1,30252,1,TRUE,JAE-315,30252,,
565,SUS430 2x520x680,,S,4130,0,2/9/2024,2,,1,4130,1,TRUE,,8260,,
566,HSLB 2020-160,,本,2353,0,2/7/2024,2,,1,2353,1,TRUE,,4706,,
567,PBS C5210P - H,,S,2780,0,2/15/2024,20,,1,2780,1,TRUE,,55600,,
568,52S 25x176x339,,S,4631,0,2/16/2024,1,,1,4631,1,TRUE,PLX-002D,4631,,
569,52S 35x176x339,,S,6452,0,2/19/2024,1,,1,6452,1,TRUE,ADY-126M,6452,,
570,No2SLC68,,缶,9600,0,2/19/2024,1,,1,9600,1,TRUE,,9600,,
571,HLS 2020-200,,本,2612,0,2/21/2024,2,,1,2612,1,TRUE,,5224,,
572,52S 40x348x500,,S,20929,0,2/20/2024,1,,1,20929,1,TRUE,2457436-1,20929,,
573,61S 25x80x580 4F,,S,7887,0,2/20/2024,1,,1,7887,1,TRUE,Jig may Viet,7887,,
574,SR20,,箱,1865,0,2/29/2024,1,,900,2,1,TRUE,,1865,,
575,SR30,,箱,1865,0,2/29/2024,1,,910,2,1,TRUE,,1865,,
576,52S 25x348x471,,S,12362,0,3/1/2024,1,,1,12362,1,TRUE,PLX－００２MR2,12362,,
577,A-P#180,,枚,100,0,3/4/2024,50,,1,100,1,TRUE,,5000,,
578,52S 40x348x500,,S,20899,0,3/4/2024,2,,1,20899,1,TRUE,"JAE-316,　2457436-1R5NEW",41798,,
580,maegawa12cm,,ケ,800,0,3/5/2024,1,,1,800,1,TRUE,,800,,
581,N95,,箱,2666,0,3/7/2024,1,,10,267,1,TRUE,,2666,,
583,52S 40x348x500,,S,20899,0,3/6/2024,2,,1,20899,1,TRUE,8-162-5MR1、2457435-1R1,41798,,
584,7447-320,,箱,4520,0,3/8/2024,1,,10,452,1,TRUE,,4520,,
585,220M glove,,箱,1900,0,3/8/2024,1,,0,11,1,TRUE,,1900,,
586,2116-10F INSIZE,,ケ,9440,0,3/8/2024,1,,1,9440,1,TRUE,,9440,,
587,LB-HU-61,,ケ,1440,0,3/8/2024,1,,1,1440,1,TRUE,,1440,,
588,52S 40x351x591,,S,24896,0,3/8/2024,1,,1,24896,1,TRUE,,24896,,
589,52S 45x211x311,,S,9061,0,3/8/2024,1,,1,9061,1,TRUE,,9061,,
590,52S 35x351x591,,S,21794,0,3/11/2024,1,,1,21794,1,TRUE,SAM-002M,21794,,
591,GL16-35BL,,ケ,1355,0,3/11/2024,1,,1,1355,1,TRUE,Thuoc day,1355,,
592,sara 3x10,,箱,643,0,3/11/2024,1,,214,3,1,TRUE,,643,,
593,EX-191D,,缶,16400,0,3/11/2024,1,,1,16400,1,TRUE,,16400,,
594,52S 30x301x355,,S,9743,0,3/15/2024,1,,1,9743,1,TRUE,,9743,,
595,kokuyo magnet 300x200,,枚,1005,0,3/15/2024,1,,1,1005,1,TRUE,,1005,,
596,TPM-BK,,ケ,158,0,3/12/2024,1,,1,158,1,TRUE,,158,,
597,kokuyo magnet 300x200,,枚,1005,0,3/18/2024,4,,1,1005,1,TRUE,,4020,,
598,52S 30x286x585,,S,15140,0,3/19/2024,1,,1,15140,1,TRUE,JAE-318,15140,,
599,52S 35x286x586,,S,17680,0,3/21/2024,1,,1,17680,1,TRUE,JAE-317,17680,,
600,52S 55x301x401,5,S,20059,0,3/25/2024,1,,1,20059,1,TRUE,1-141-3,20059,,
601,52S 45x348x471,,S,22189,0,3/25/2024,1,,1,22189,1,TRUE,ASH-006,22189,,
602,52S 70x348x471,,S,34471,0,3/25/2024,1,,1,34471,1,TRUE,ASH-007,34471,,
603,CH700,,ケ,3075,0,3/25/2024,1,,1,3075,1,TRUE,750ｃｍ,3075,,
604,FS-50S,,組,6700,0,3/25/2024,1,,2,3350,1,TRUE,,6700,,
605,52S 45x348x471,,S,22189,0,3/26/2024,1,,1,22189,1,TRUE,,22189,,
606,52S 45x160x210,,s,4717,0,3/27/2024,4,,1,4717,1,TRUE,,18868,,
607,20SM NBR 00302,,ケ,832,0,4/3/2024,1,,1,832,1,TRUE,,832,,
608,20PM 00282,,ケ,282,0,4/3/2024,1,,1,282,1,TRUE,,282,,
609,YSD60,,缶,6310,0,4/3/2024,1,,1,6310,1,TRUE,,6310,,
610,MASK SSN-01,,ケ,375,0,4/2/2024,3,,50,8,1,TRUE,,1125,,
611,HB-244 houki,,本,230,0,4/2/2024,2,,1,230,1,TRUE,,460,,
612,EP-306 Pump,,ケ,1585,0,4/3/2024,1,,1,1585,1,TRUE,,1585,,
613,KGM-1 MAGIC PEN,,ケ,230,0,4/3/2024,2,,1,230,1,TRUE,,460,,
614,52S 35x348x500,,S,18123,0,4/3/2024,3,,1,18123,1,TRUE,,54369,,
615,52S 35x261x356,,S,9785,0,4/5/2024,2,,1,9785,1,TRUE,"ATS-028R1,　ATS-029R2",19570,,
616,MCG701N,,ケ,2215,0,4/11/2024,5,,10,222,1,TRUE,,11075,,
617,TEL 3x5 ENDMILL,,ケ,11350,0,4/12/2024,1,,1,11350,1,TRUE,,11350,,
618,TL2020S,,袋,1868,0,4/12/2024,1,,0,11,1,TRUE,,1868,,
619,52S 85x401x471,,S,47665,0,4/12/2024,1,,1,47665,1,TRUE,DIC-148,47665,,
620,52S 45x300x470,,Ｓ,18965,0,4/15/2024,1,,1,18965,1,TRUE,DIC-146,18965,,
621,7447-320,,箱,4520,0,4/16/2024,1,,10,452,1,TRUE,,4520,,
622,22024 HOUKI,,ケ,280,0,4/16/2024,1,,1,280,1,TRUE,,280,,
623,ONIME M6x13,,ケ,22,0,4/16/2024,200,,1,22,1,TRUE,,4400,,
624,52S 40x348x471,,S,19549,0,4/18/2024,1,,1,19549,1,TRUE,,19549,,
625,N CUT No.107,,缶,9900,0,4/18/2024,1,,1,9900,1,TRUE,,9900,,
626,YSD60,,缶,6310,0,4/18/2024,1,,1,6310,1,TRUE,,6310,,
627,TPDR 3x2 x30L,,本,7820,0,4/18/2024,1,,1,7820,1,TRUE,,7820,,
628,B344J-W10 magnet,,箱,1735,0,4/24/2024,3,,10,174,1,TRUE,,5205,,
629,SUS430 2x640x900,,S,6730,0,4/22/2024,1,,1,6730,1,TRUE,,6730,,
630,B344J-W10 magnet,,箱,1735,0,4/24/2024,1,,10,174,1,TRUE,,1735,,
631,JIC1524,,ケ,17800,0,4/25/2024,1,,1,17800,1,TRUE,,17800,,
632,SR35,,箱,1865,0,4/25/2024,1,,880,2,1,TRUE,,1865,,
633,52S 20x218x478 4F,,S,7828,0,5/7/2024,1,,1,7828,1,TRUE,,7828,,
634,52S 40x351x531,,S,22190,0,5/7/2024,1,,1,22190,1,TRUE,,22190,,
635,52S 40x381x561,,S,25395,0,5/7/2024,1,,1,25395,1,TRUE,,25395,,
636,52S 55x346x651,,S,36765,0,5/7/2024,1,,1,36765,1,TRUE,,36765,,
637,52S 50x348x515,,S,26636,0,5/9/2024,3,,1,26636,1,TRUE,"Z-020-1, Z-050-3, Z-100-2",79908,,
638,52S 40x300x470,,S,16866,0,5/9/2024,1,,1,16866,1,TRUE,STF-010（不具合）,16866,,
639,52S 40x348x500,,s,20735,0,5/10/2024,1,,1,20735,1,TRUE,,20735,,
640,52S 40x300x470,,S,16866,0,5/13/2024,1,,1,16866,1,TRUE,STF-010再加工,16866,,
641,52S 12x40x150 4F,,S,941,0,5/13/2024,3,,1,941,1,TRUE,PART AL BASE,2823,,
642,52S 10x557x704 4F,,S,13766,0,5/13/2024,1,,1,13766,1,TRUE,アルミベース　10ｔ　Ｖｅｒ,13766,,
646,FTS1416,,ケ,600,0,5/13/2024,6,,1,600,1,TRUE,,3600,,
648,FTS1618,,ケ,700,0,5/13/2024,6,,1,700,1,TRUE,,4200,,
649,20PM 00282,,ケ,282,0,5/13/2024,1,,1,282,1,TRUE,,282,,
650,20SM NBR 00302,,ケ,832,0,5/13/2024,1,,1,832,1,TRUE,Dau noi ong hoi lo xo,832,,
651,M14x55,,ケ,150,0,5/10/2024,6,,1,150,1,TRUE,,900,,
652,M16x55,,ケ,180,0,5/10/2024,6,,1,180,1,TRUE,,1080,,
653,CH700,,ケ,3075,0,5/14/2024,1,,1,3075,1,TRUE,,3075,,
654,52S 65x351x591,,S,40031,0,5/14/2024,1,,1,40031,1,TRUE,2486848-1,40031,,
655,52S 45x351x591,,S,27738,0,5/14/2024,1,,0,11,1,TRUE,2486848-2,27738,,
656,ING,,ケ,6730,0,5/17/2024,1,,1,6730,1,TRUE,,6730,,
657,EX-191D,,缶,16400,0,5/17/2024,1,,1,16400,1,TRUE,,16400,,
658,2007L,,ケ,429,0,5/17/2024,1,,1,429,1,TRUE,,429,,
659,BL1013,,ケ,6530,0,5/20/2024,1,,1,6530,1,TRUE,,6530,,
660,52S 50x384x624,,S,35519,0,5/20/2024,1,,1,35519,1,TRUE,,35519,,
661,PS-SF-01M60,,ケ,6750,0,5/21/2024,1,,1,6750,1,TRUE,小比類巻さん,6750,,
662,silicon d11x1m,,m,5760,0,5/21/2024,2,,2,2880,1,TRUE,,11520,,
663,LED headlight,,ケ,3745,0,5/22/2024,1,,1,3745,1,TRUE,,3745,,
664,N95,,箱,2666,0,5/23/2024,1,,10,267,1,TRUE,,2666,,
665,D3760,,ケ,3060,0,5/23/2024,1,,1,3060,1,TRUE,,3060,,
666,D3760,,ケ,2830,0,5/23/2024,1,,1,2830,1,TRUE,,2830,,
667,D3760,,ケ,2640,0,5/23/2024,1,,1,2640,1,TRUE,,2640,,
668,Tape 197-8271,,P,1325,0,5/23/2024,1,,10,132,1,TRUE,,1325,,
669,52S 40x301x471,,S,16957,0,5/27/2024,1,,1,16957,1,TRUE,1-160-4　水冷盤（金型外形調整）,16957,,
670,52S 25X300X470,,S,10571,0,6/4/2024,1,,1,10571,1,TRUE,JAE-320,10571,,
671,1/2x3/8,,ケ,700,0,6/6/2024,6,,1,700,1,TRUE,,4200,,
672,SP-PT /4-19,,本,3600,0,6/10/2024,1,,1,3600,1,TRUE,,3600,,
673,52S 75x300x470,100,S,31555,0,6/10/2024,1,,1,31555,1,FALSE,9-162-7,31555,,
674,EX-GDR2.6,,本,1288,0,6/11/2024,2,,1,1288,1,TRUE,,2576,,
675,52S 45x176x339,119,S,8196,0,6/12/2024,1,,1,8196,1,TRUE,ADY-127,8196,,
676,52S 25X300X470,,S,10571,0,6/14/2024,1,,1,10571,1,TRUE,JAE-321,10571,,
677,SD6.5,,本,753,0,6/12/2024,1,,1,753,1,TRUE,*,753,,
678,52S 25x286x301,,S,6506,0,6/11/2024,1,,1,6506,1,TRUE,JAE-319　（25ｘ285ｘ301）,6506,,
679,YSD60,,缶,6825,0,6/17/2024,1,,1,6825,1,TRUE,,6825,,
680,10x1M SILICON,,本,2330,0,6/17/2024,1,,1,2330,1,TRUE,,2330,,
681,52S 30x348x471,,S,14682,0,6/17/2024,1,,1,14682,1,TRUE,THP-007,14682,,
682,SR44,,ケ,595,0,6/17/2024,10,,1,595,1,TRUE,,5950,,
683,Veneer 3x6x12,,式,14500,0,7/8/2024,10,,3,4833,1,TRUE,,145000,,
684,EX-191D,,缶,16880,0,6/19/2024,1,,1,16880,1,TRUE,,16880,,
685,N CUT No.107,,缶,10280,0,6/19/2024,1,,1,10280,1,TRUE,,10280,,
686,52S 60x301x471,,S,25396,0,6/19/2024,1,,1,25396,1,TRUE,1-160-4　再作成,25396,,
687,3/8PT,,ケ,230,0,6/26/2024,50,,1,230,1,TRUE,,11500,,
688,7440-180,,枚,128,0,6/26/2024,1,,1,128,1,TRUE,,128,,
689,CBRP-052-3,,ケ,2285,0,6/27/2024,1,,1,2285,1,TRUE,,2285,,
690,Nipple1/4,,ケ,100,0,6/28/2024,5,,1,100,1,TRUE,,500,,
691,52S 30x286x586,,S,15025,0,6/28/2024,1,,1,15025,1,TRUE,JAE-322R1,15025,,
692,52S 50x331x461,,S,22758,0,6/28/2024,1,,1,22758,1,TRUE,,22758,,
693,52S 40x331x461,681,S,18222,0,6/28/2024,1,,1,18222,1,TRUE,ATS-023,18222,,
694,ARON 201,,ケ,185,0,7/2/2024,5,,1,185,1,TRUE,,925,,
695,O1（ACE) MAT,,枚,79,0,7/2/2024,1,,1,79,1,TRUE,試し（箱１００枚）,79,,
696,52S 30x348x500,,S,16444,0,7/3/2024,1,,1,16444,1,TRUE,JAE-323R2,16444,,
697,52S 75x210x310,,S,15622,0,7/8/2024,1,,1,15622,1,TRUE,WTN-009D,15622,,
698,52S 35x160x210,,S,3849,0,7/8/2024,4,,1,3849,1,TRUE,,15396,,
699,52S 40x160x210,,S,4392,0,7/8/2024,4,,1,4392,1,TRUE,,17568,,
700,52S 45X331X461,,S,21640,0,7/9/2024,1,,1,21640,1,TRUE,ASC-002M,21640,,
701,BANDM00,,ケ,115,0,7/11/2024,10,,1,115,1,TRUE,,1150,,
702,D3821,,ケ,3300,0,7/11/2024,1,,1,3300,1,TRUE,,3300,,
703,PC10-02,,ケ,267,0,7/10/2024,10,,1,267,1,TRUE,,2670,,
704,52S 25X300X470,,S,11162,0,7/11/2024,1,,1,11162,1,TRUE,JAE-153R,11162,,
705,52S 50x300x470,,S,22245,0,7/12/2024,1,,1,22245,1,TRUE,6-159-6,22245,,
706,CSTEL 4x5,,ケ,15440,0,7/18/2024,1,,1,15440,1,TRUE,,15440,,
707,52S 75x300x470,101,S,33328,0,7/18/2024,1,,1,33328,1,TRUE,9-162-7 R2,33328,,
708,M3x16 CAP,,ケ,8,0,7/17/2024,50,,1,8,1,TRUE,,400,,
709,4x5 EM,,ケ,1350,0,7/22/2024,1,,1,1350,1,TRUE,,1350,,
710,52S 75x451x471,,S,49894,0,7/23/2024,1,,1,49894,1,TRUE,WTN-009　R1,49894,,
711,52S 50x483x503,,S,38009,0,7/23/2024,1,,1,38009,1,TRUE,PB470x450 WTN-009 R1,38009,,
712,52S 60x300x470,,S,26679,0,7/24/2024,1,,1,26679,1,TRUE,6-159-7 R2,26679,,
713,M5x0.8 Sp P2,,本,953,0,7/26/2024,2,,1,953,1,TRUE,,1906,,
714,52S 30x348x471,,S,15504,0,7/26/2024,1,,1,15504,1,TRUE,OOT-043,15504,,
715,52s 35X300X470,,S,15596,0,7/29/2024,1,,1,15596,1,TRUE,MTS-001,15596,,
716,FV-150 VISE,,台,20175,0,7/29/2024,1,,1,20175,1,TRUE,,20175,,
717,EX-191D,,缶,16880,0,8/2/2024,1,,1,16880,1,TRUE,,16880,,
718,SR35,,箱,1865,0,8/2/2024,1,,880,2,1,TRUE,,1865,,
719,SR20,,箱,1865,0,8/2/2024,1,,900,2,1,TRUE,,1865,,
720,T Slot TC 40x4,,ケ,24700,0,8/5/2024,1,,1,24700,1,TRUE,,24700,,
721,52s 35X300X470,,S,15596,0,8/19/2024,1,,1,15596,1,TRUE,TDW-001 R3,15596,,
722,52S 80x160x210,,S,8734,0,8/19/2024,2,,1,8734,1,TRUE,"1-163-1D, 1-163-2D",17468,,
723,52S 30x286x586,,S,15867,0,8/20/2024,1,,1,15867,1,TRUE,JAE-234,15867,,
724,RS44,,ケ,700,0,8/20/2024,1,,1,700,1,TRUE,,700,,
725,52S 80x160x210,,S,8764,0,8/26/2024,1,,1,8764,1,TRUE,1-163-2D　R1,8764,,
726,SK11 No4,,袋,980,0,8/23/2024,5,,1,980,1,TRUE,,4900,,
727,EX-191D,,缶,16880,0,8/28/2024,1,,1,16880,1,TRUE,,16880,,
728,52S 40x176x339,,S,7671,0,8/29/2024,3,,1,7671,1,TRUE,,23013,,
729,EX-191D,,缶,16880,0,8/27/2024,1,,1,16880,1,TRUE,,16880,,
730,HLS 2040-300,,本,4000,0,8/28/2024,1,,1,4000,1,TRUE,,4000,,
731,WX-LS RESF,,本,1,20560,8/29/2024,1,,1,1,1,TRUE,PLUG製作用,1,,
732,52S 65x348x471,,S,33500,0,9/2/2024,1,,1,33500,1,TRUE,,33500,,
735,MASK SSN-01,,ケ,375,0,9/3/2024,3,,50,8,1,TRUE,,1125,,
736,52S 50x300x470,,S,22245,0,9/4/2024,1,,1,22245,1,TRUE,DIC-151,22245,,
737,RIVET 6x16SARA,,ケ,25,0,9/9/2024,10,,1,25,1,TRUE,,250,,
738,RIVET 6x16,,ケ,20,0,9/5/2024,10,,1,20,1,TRUE,,200,,
739,52S 60x348x471,,S,30929,0,9/12/2024,1,,1,30929,1,TRUE,SHT-017,30929,,
740,52S 45x348x471,,S,23217,0,9/12/2024,1,,1,23217,1,TRUE,SHT-018,23217,,
741,52S 40x369x492,,S,22831,0,9/12/2024,1,,1,22831,1,TRUE,"水冷盤　SHT-017,018",22831,,
742,SUS430 2X360X370,,S,1530,0,9/24/2024,2,,0,11,1,TRUE,小比類巻,3060,,
743,52S 30x160x210,,S,3306,0,9/25/2024,4,,0,11,1,TRUE,,13224,,
744,52S 35x160x210,,S,3849,0,9/25/2024,4,,1,3849,1,TRUE,,15396,,
745,52S 40x160x210,,S,4392,0,9/25/2024,4,,1,4392,1,TRUE,,17568,,
746,52S 45x160x210,,S,4934,0,9/25/2024,4,,1,4934,1,TRUE,,19736,,
747,52S 60x160x210,,S,6593,0,9/25/2024,1,,1,6593,1,TRUE,,6593,,
748,52S 60x210x310,,S,12514,0,9/26/2024,1,,1,12514,1,TRUE,JAE-330D,12514,,
749,52S 40x300x470,,S,17812,0,9/27/2024,1,,1,17812,1,TRUE,MMT-017,17812,,
750,52S 40x241x356,,S,10949,0,9/19/2024,1,,1,10949,1,TRUE,TIH-024D,10949,,
751,52S 25X300X470,,S,11162,0,9/20/2024,1,,1,11162,1,TRUE,JAE-331,11162,,
752,52S 5x50x450,,S,500,0,9/20/2024,2,,0,11,1,TRUE,小比類巻,1000,,
753,52S 3x50x450,,S,361,0,9/20/2024,2,,1,361,1,TRUE,小比類巻,722,,
754,52S 15x27x37,,S,128,0,9/20/2024,2,,0,11,1,TRUE,小比類巻,256,,
756,MAT GSA3-100,,ケ,11250,0,9/18/2024,1,,0,11,1,TRUE,,11250,,
757,SUS 1/4SPT,,ケ,150,0,9/17/2024,20,,0,11,1,TRUE,,3000,,
758,EM MHR230,,本,5106,0,9/18/2024,1,,0,11,1,TRUE,,5106,,
759,YSD60,,缶,6825,0,9/13/2024,2,,0,11,1,TRUE,,13650,,
760,N95,,箱,2666,0,9/25/2024,1,,0,11,1,TRUE,,2666,,
761,TAPSPRAY189,,本,900,0,9/27/2024,1,,1,900,1,TRUE,,900,,
762,52S 45x175x338,,S,8581,0,9/30/2024,1,,1,8581,1,TRUE,JAE-329D,8581,,
763,52S 60x331x461,,S,28827,0,9/30/2024,1,,1,28827,1,TRUE,JAE-333R1,28827,,
764,52S 30x211x311,,S,6340,0,10/2/2024,1,,1,6340,1,TRUE,NGS-018,6340,,
765,EX-191D,,缶,16880,0,9/30/2024,1,,1,16880,1,TRUE,,16880,,
766,PC10-02,,ケ,267,0,10/1/2024,10,,1,267,1,TRUE,,2670,,
767,52S 55x301x401,675,S,18603,0,10/3/2024,1,,1,18603,1,TRUE,NPK-002,18603,,
769,52S 40x286x301,676,S,10969,0,10/4/2024,1,,1,10969,1,TRUE,JAE-326 R1,10969,,
770,52S 35x286x301,,S,9608,0,10/4/2024,1,,1,9608,1,TRUE,JAE-327,9608,,
771,YSD60,644,缶,6825,0,10/9/2024,1,,0,11,1,TRUE,,6825,,
772,52S 60x286x301,683,S,16414,0,10/10/2024,1,,0,11,1,TRUE,,16414,,
774,52S 50x300x470,690,S,22196,0,10/21/2024,1,,0,11,1,TRUE,JAE-325 R1,22196,,
775,52S 50x300x470,691,S,22196,0,10/21/2024,1,,0,11,1,TRUE,JAE-332 R1,22196,,
776,GEL-10,644,ケ,1140,0,10/21/2024,10,,0,11,1,TRUE,,11400,,
777,MAXCEL SR44C(B)N,644,ケ,700,0,10/21/2024,10,,0,11,1,TRUE,,7000,,
779,52S 45x286x301,685,S,12300,0,10/16/2024,1,,0,11,1,TRUE,,12300,,
780,52S 45x286x301,666,S,12300,0,10/16/2024,1,,0,11,1,TRUE,,12300,,
781,52S 35x176x339,467,S,6712,0,10/24/2024,3,,0,11,1,TRUE,"SIT　017,18,19再作成",20136,,
782,Tape 197-8271,,P,1325,0,10/24/2024,1,,0,11,1,TRUE,,1325,,
783,52S 45x286x586,700,S,23740,0,10/30/2024,1,,0,11,1,TRUE,,23740,,
784,Ball 1/8 3.175,644,式,320,0,10/25/2024,1,,0,11,1,TRUE,,320,,
785,52S 55x286x301,702,S,15000,0,11/1/2024,1,,0,11,1,TRUE,Gia tien nho mang mang,15000,,
786,SUS430 3x605x680,644,S,7830,0,11/1/2024,2,,0,11,1,TRUE,,15660,,
787,7447-320,644,箱,4520,0,10/31/2024,1,,0,11,1,TRUE,,4520,,
788,220M glove,644,箱,1900,0,10/31/2024,1,,0,11,1,TRUE,,1900,,
789,MASK SSN-01,644,ケ,375,0,10/31/2024,2,,0,11,1,TRUE,,750,,
790,YSD60,644,缶,6825,0,10/31/2024,1,,0,11,1,TRUE,,6825,,
791,EX-191D,644,缶,16880,0,10/31/2024,1,,0,11,1,TRUE,,16880,,
792,Nipple1/4,644,ケ,185,0,11/1/2024,10,,0,11,1,TRUE,,1850,,
793,1/4x3/8,644,ケ,435,0,11/1/2024,10,,0,11,1,TRUE,,4350,,
794,3/8x1/4,644,ケ,275,0,11/1/2024,10,,0,11,1,FALSE,,2750,,
795,YSD60,644,缶,6825,0,10/31/2024,1,,0,11,1,TRUE,,6825,,
796,EX-191D,644,缶,16880,0,10/31/2024,1,,0,11,1,TRUE,,16880,,
798,52S 45x286x586,703,S,23740,0,11/5/2024,1,,0,11,1,TRUE,,23740,,
799,52S 45x348x471,707,S,23196,0,11/12/2024,1,,0,11,1,TRUE,,23196,,
800,52S 25X331X461,708,S,12047,0,11/13/2024,1,,0,11,1,TRUE,HYS-002,12047,,
801,52S 80x160x210,710,S,8756,0,11/14/2024,1,,0,11,1,TRUE,,8756,,
802,52S 60x160x210,711,S,6587,0,11/14/2024,1,,0,11,1,TRUE,　,6587,,
803,52S 20x176x339,712,S,3887,0,11/18/2024,1,,0,11,1,TRUE,間違えて在庫使用,3887,,
804,278P D40,644,ケ,7655,0,11/20/2024,1,,0,11,1,TRUE,,7655,,
805,YSD60,644,缶,6825,0,11/20/2024,2,,0,11,1,TRUE,,13650,,
806,52S 30x331x461,713,S,14440,0,11/20/2024,1,,0,11,1,TRUE,,14440,,
807,SK11 No4,644,袋,980,0,11/22/2024,5,,0,11,1,TRUE,,4900,,
809,52S 30x331x461,644,s,14440,0,11/25/2024,1,,0,11,1,TRUE,kos-018,14440,,
810,52S 45x176x339,719,s,8646,0,11/25/2024,1,,0,11,1,TRUE,sit023,8646,,
811,52S 55x331x461,722,S,26408,0,12/3/2024,1,,0,11,1,TRUE,,26408,,
812,52S 45x348x356,644,S,17581,0,12/2/2024,3,,0,11,1,TRUE,"Khuon cua khach hang moi thi phai, hoac DIC",52743,,
814,52S 40x348x356,644,S,15633,0,12/2/2024,2,,0,11,1,TRUE,Hinh nhu dung cho khuon KH moi,31266,,
815,DLCHDSL6,644,本,3925,0,11/28/2024,1,,1,3925,1,TRUE,Thay cho mui khoan gay khi may 1100 bi loi atc,3925,,
816,TPDR 3x3,644,本,8030,0,12/6/2024,2,,0,11,1,TRUE,DIC-153～157,16060,,
817,TPDR 2x3,644,本,8550,0,12/6/2024,2,,0,11,1,TRUE,DIC-153～157,17100,,
818,52S 55x210x310,727,S,11467,0,12/6/2024,1,,0,11,1,TRUE,,11467,,
820,52S 45X301X355,728,S,15235,0,12/9/2024,1,,0,11,1,TRUE,,15235,,
821,SR20,644,箱,1865,0,12/10/2024,1,,0,11,1,TRUE,,1865,,
822,SR30,644,箱,1865,0,12/10/2024,1,,0,11,1,TRUE,,1865,,
823,CRC 556,644,本,690,0,12/3/2024,1,,0,11,1,TRUE,,690,,
824,TR FVG-C 207-3936,644,ケ,2280,0,12/10/2024,1,,0,11,1,TRUE,,2280,,
825,ING 式給油器,644,ケ,6730,0,12/9/2024,1,,0,11,1,TRUE,小比類巻さん,6730,,
826,MAT154A,644,箱,23000,0,12/11/2024,1,,0,11,1,TRUE,,23000,,
827,52S 75x160x210,644,S,8214,0,12/12/2024,1,,0,11,1,TRUE,6-159-8D,8214,,
828,52S 15x265x335,644,S,5445,0,12/10/2024,2,,0,11,1,TRUE,2F,10890,,
829,52S 75x300x470,735,S,33299,0,12/13/2024,1,,0,11,1,TRUE,1-163-1 R2,33299,,
830,52S 60x300x470,644,S,26655,0,12/13/2024,1,,0,11,1,TRUE,,26655,,
831,7447-320,644,箱,4520,0,12/12/2024,2,,0,11,1,TRUE,,9040,,
832,DC10WA,644,ケ,6900,0,12/12/2024,1,,0,11,1,TRUE,,6900,,
833,Veneer 3x6x12,644,式,15900,0,12/16/2024,10,,0,11,1,TRUE,,159000,,
834,52S 35X331X461,739,S,16834,0,12/16/2024,1,,0,11,1,TRUE,KBY002,16834,,
836,52S 45X301X355,644,S,15235,0,12/16/2024,1,,0,11,1,TRUE,在庫Dat nham,15235,,
837,52S 75x300x470,741,S,33299,0,12/19/2024,1,,0,11,1,TRUE,,33299,,
838,52S 60x160x210,,S,6587,0,12/19/2024,1,,0,11,1,TRUE,,6587,,
839,3M 243J60,644,P,540,0,12/17/2024,1,,0,11,1,TRUE,,540,,
840,52S 60x300x470,744,S,26655,0,12/23/2024,1,,0,11,1,TRUE,,26655,,
841,52S 75x300x470,644,S,33299,0,12/23/2024,1,,0,11,1,TRUE,,33299,,
842,MCG701N,644,袋,2513,0,12/24/2024,3,,10,251,1,TRUE,,7539,,
843,YSD60,644,缶,6825,0,12/25/2024,2,,0,11,1,TRUE,,13650,,
844,52S 45x286x301,748,S,12439,0,1/6/2025,1,,0,11,1,TRUE,,12439,,
845,52S 55x300x470,749,S,24657,0,1/6/2025,1,,0,11,1,TRUE,,24657,,
846,52S 30x286x586,747,S,15994,0,1/6/2025,1,,0,11,1,TRUE,,15994,,
847,52S 60x160x210,330,S,6645,0,1/8/2025,1,,0,11,1,TRUE,,6645,,
848,52S 30x348x471,644,S,16575,0,1/8/2025,1,,1,16575,1,TRUE,HSH-002 R1,16575,,
849,52S 35X331X461,644,S,16983,0,1/8/2025,1,,1,16983,1,TRUE,MCT-003,16983,,
850,HCDM5,644,本,3870,0,1/10/2025,1,,0,11,1,TRUE,,3870,,
851,GEL-10,644,ケ,1140,0,1/10/2025,5,,0,11,1,TRUE,,5700,,
852,HCDM6,644,本,4735,0,1/10/2025,1,,0,11,1,TRUE,,4735,,
853,52S 40x348x471,755,ｓ,20811,0,1/16/2025,1,,0,11,1,TRUE,,20811,,
854,AL-SP 1b M8x1.25,644,本,2790,0,2/7/2025,2,,0,11,1,TRUE,,5580,,
855,SP P2 M8x1.25,644,本,1575,0,2/7/2025,5,,0,11,1,TRUE,,7875,,
856,HELISERT M8x1D,644,ケ,43,0,2/7/2025,20,,0,11,1,TRUE,,860,,
857,YSD60,644,缶,6825,0,1/20/2025,1,,0,11,1,TRUE,,6825,,
858,MASK SSN-01,644,ケ,375,0,1/28/2025,3,,0,11,1,TRUE,,1125,,
859,SR30,644,箱,1865,0,1/28/2025,1,,0,11,1,TRUE,,1865,,
860,243JPI 15x18,644,P,574,0,1/28/2025,1,,0,11,1,TRUE,,574,,
861,7447-320,644,箱,4520,0,1/27/2025,1,,0,11,1,TRUE,,4520,,
862,Tape 197-8271,644,P,1520,0,1/27/2025,1,,0,11,1,TRUE,,1520,,
863,DD 100x15 AA 60S,644,枚,941,0,1/27/2025,5,,0,11,1,TRUE,,4705,,
864,SKL-WA60 100x2,644,枚,251,0,1/27/2025,20,,0,11,1,TRUE,,5020,,
865,52S 60x300x470,644,S,27837,0,2/5/2025,1,,0,11,1,TRUE,,27837,,
866,52S 45x286x301,644,S,12845,0,2/5/2025,2,,0,11,1,TRUE,"DIC-158R1, DIC-159R1",25690,,
867,52S 12x17.5x585 4F,730,S,1864,0,2/4/2025,2,,0,11,1,TRUE,TKS-020,3728,,
868,63S Angle 2x20x20x890,644,P,310,0,2/3/2025,2,,0,11,1,TRUE,２F　成形機械用,620,,
869,52S 30x348x471,644,S,16176,0,2/13/2025,1,,0,11,1,TRUE,KOS-019,16176,,
870,52S 25x348x471,644,S,13494,0,2/13/2025,1,,0,11,1,TRUE,,13494,,
871,52S 50x331x461,644,S,25079,0,2/13/2025,1,,0,11,1,TRUE,,25079,,
872,CAP M4x20,644,箱,1565,0,2/10/2025,1,,0,11,1,TRUE,,1565,,
873,CAP M5x25,644,箱,1865,0,2/10/2025,1,,0,11,1,TRUE,,1865,,
874,CAP M6x30,644,箱,1465,0,2/10/2025,1,,0,11,1,TRUE,,1465,,
875,Bolt M6x30,644,ケ,10,0,2/10/2025,20,,0,11,1,TRUE,,200,,
876,Magnet B344J-W10,644,箱,1735,0,2/10/2025,3,,0,11,1,TRUE,,5205,,
877,52S 35x401x471,766,S,21679,0,2/17/2025,1,,0,11,1,TRUE,,21679,,
878,52S 45x348x471,,S,24225,0,2/21/2025,1,,0,11,1,TRUE,KOS-022,24225,,
879,52S 30x348x500,773,S,17157,0,2/28/2025,1,,0,11,1,TRUE,,17157,,
880,52S 30x348x500,644,,0,0,,0,,0,6,1,FALSE,,0,,
881,52S 45x348x471,644,S,24225,0,2/21/2025,1,,0,11,1,TRUE,,24225,,
882,52s 35X300X470,774,S,16271,0,2/26/2025,1,,0,11,1,TRUE,,16271,,
883,EX-191D,644,缶,16880,0,2/28/2025,1,,0,11,1,TRUE,,16880,,
884,YSD60,644,缶,6825,0,2/28/2025,1,,0,11,1,TRUE,,6825,,
885,52S 65x301x591,644,S,37934,0,3/3/2025,1,,0,11,1,TRUE,,37934,,
886,52S 60x301x591,644,S,35022,0,3/3/2025,1,,0,11,1,TRUE,,35022,,
887,N CUT No.107,644,缶,10280,0,3/7/2025,1,,0,11,1,TRUE,,10280,,
889,DLCHDSL3.3,644,本,2105,0,3/4/2025,1,,0,11,1,TRUE,,2105,,
890,PL70-31S,644,ケ,1600,0,3/6/2025,1,,0,11,1,TRUE,,1600,,
891,VPH-GDS 1.8,644,本,1421,0,3/6/2025,1,,0,11,1,TRUE,,1421,,
893,EX-GDR3.3,644,本,1664,0,3/3/2025,3,,0,11,1,TRUE,,4992,,
894,52S 45X301X355,644,S,15909,0,3/11/2025,1,,0,11,1,TRUE,,15909,,
895,52S 35X331X461,786,S,17579,0,3/10/2025,1,,0,11,1,TRUE,,17579,,
896,52S 40x331x461,788,S,20079,0,3/10/2025,1,,0,11,1,TRUE,,20079,,
897,52S 45x241x356,783,S,12841,0,3/6/2025,1,,0,11,1,TRUE,,12841,,
898,52S 25x286x301,784,S,7188,0,3/7/2025,1,,0,11,1,TRUE,,7188,,
899,52S 12x395.8x584 4F,89,S,10826,0,3/5/2025,1,,0,11,1,TRUE,アルミカッターベース,10826,,
900,52S 25x243x348 4F,88,S,8286,0,3/5/2025,2,,0,11,1,TRUE,アルミカッター,16572,,
901,EX-191D,644,缶,16880,0,3/14/2025,1,,0,11,1,TRUE,,16880,,
902,52S 70x401x591,791,S,54168,0,3/14/2025,1,,0,11,1,TRUE,,54168,,
903,52S 5x450x600 4F,644,S,6214,0,3/14/2025,1,,0,11,1,TRUE,ASANO,6214,,
904,a-77855bl1,644,ケ,6680,0,3/19/2025,1,,0,11,1,TRUE,,6680,,
905,52S 35X331X461,795,S,17579,0,3/18/2025,1,,0,11,1,TRUE,ASH-010,17579,,
906,52S 85x421x600,792,S,70035,0,3/17/2025,1,,0,11,1,TRUE,,70035,,
907,52S 20x420x599,792,S,18334,0,3/17/2025,1,,0,11,1,TRUE,プレート　ｔ18,18334,,
908,EX-XLS-REE 6x150x20,644,本,9550,0,3/19/2025,3,,0,11,1,TRUE,,28650,,
909,a-77855bl1,644,ケ,6680,0,3/19/2025,1,,0,11,1,TRUE,,6680,,
910,52S 60x348x471,797,S,32273,0,3/27/2025,1,,0,11,1,TRUE,,32273,,
911,52S 5x450x600 4F,765,S,6327,0,4/1/2025,1,,0,11,1,TRUE,,6327,,
912,52S 5X600X745,765,S,9736,0,4/3/2025,1,,0,11,1,TRUE,PLATE,9736,,
913,52S 30x286x586,807,S,16976,0,4/4/2025,1,,0,11,1,TRUE,再作成（寸法変更）,16976,,
914,52S 30x176x339,809,S,6197,0,4/7/2025,1,,0,11,1,TRUE,,6197,,
915,52S 25x401x471,808,S,15902,0,4/7/2025,1,,0,11,1,TRUE,,15902,,
916,61S 12x227.5x1040,802,S,17564,0,4/7/2025,2,,0,11,1,TRUE,,35128,,
917,61S 12x62.5x460,802,S,3308,0,4/7/2025,1,,0,11,1,TRUE,,3308,,
919,N95,644,箱,2666,0,4/7/2025,1,,0,11,1,TRUE,,2666,,
920,MASK SSN-01,644,ケ,375,0,4/7/2025,2,,0,11,1,TRUE,,750,,
921,Hitachi Babycon 4L,644,缶,4600,1500,4/9/2025,1,,0,11,1,TRUE,,4600,,
922,FS-50S,644,本,7236,0,4/8/2025,1,,0,11,1,TRUE,,7236,,
923,SCM435 M6x8,644,箱,4998,500,4/7/2025,1,,200,25,1,TRUE,SSJ,4998,,
924,52S 5x450x600 4F,644,S,6327,0,4/9/2025,1,,0,11,1,TRUE,ASANO　4-720990-2,6327,,
925,52S 5x34x640,802,S,1696,0,4/9/2025,2,,0,11,1,TRUE,ASANO,3392,,
926,52S 5x34x470,802,S,1329,0,4/9/2025,2,,0,11,1,TRUE,,2658,,
927,52S 10x445x560,644,S,10130,0,4/9/2025,1,,0,11,1,TRUE,4-720990-2,10130,,
928,52S 45x348x471,810,S,24842,0,4/15/2025,1,,0,11,1,TRUE,,24842,,
929,52S 25x450x600,644,S,24598,0,4/15/2025,1,,0,11,1,TRUE,4-720990-2,24598,,
930,52S 20x11.5x426,644,S,1606,0,4/15/2025,2,,0,11,1,TRUE,4-720990-2,3212,,
931,52s 35X300X470,644,S,16655,0,4/11/2025,2,,1,16655,1,TRUE,"KWE-004, KWE-005",33310,,
932,SC-11PCLRA35AB,644,ケ,4700,0,4/17/2025,1,,0,11,1,TRUE,,4700,,
933,INC-100B,644,ケ,650,0,4/17/2025,1,,0,11,1,TRUE,,650,,
934,IMAO　BJ102-16130,644,ケ,26860,0,4/17/2025,2,,0,11,1,TRUE,,53720,,
935,52S 30x401x471,644,S,19066,0,4/18/2025,1,,0,11,1,TRUE,,19066,,
936,Short cap M5x8,644,ケ,48,0,4/30/2025,200,,0,11,1,TRUE,プレート用,9600,,
937,RW M5,644,ケ,2,0,4/30/2025,200,,0,11,1,TRUE,,400,,
938,Cap screw M5x8,644,ケ,10,0,4/22/2025,50,,0,11,1,TRUE,,500,,
939,YSD60,644,缶,7310,0,4/24/2025,2,,0,11,1,TRUE,,14620,,
940,EX-191D,644,缶,18000,0,4/24/2025,2,,0,11,1,TRUE,,36000,,
941,52S 60x401x471,815,S,38053,0,4/28/2025,1,,0,11,1,TRUE,,38053,,
942,52S 40x300x470,816,S,19057,0,4/28/2025,1,,0,11,1,TRUE,,19057,,
943,52S 30x451x471,,S,21404,0,5/2/2025,1,,0,11,1,TRUE,DIC-161,21404,,
944,Y-06-WH,644,巻,529,0,5/14/2025,5,,0,11,1,TRUE,,2645,,
945,E1-001 BRUSH,644,本,100,,5/14/2025,5,,0,11,1,TRUE,,500,,
946,MASK SSN-01,644,ケ,375,0,5/14/2025,3,,0,11,1,FALSE,,1125,,
947,MCG701N,644,袋,2513,0,5/14/2025,5,,0,11,1,TRUE,,12565,,
948,FC4571,644,ケ,5250,0,5/14/2025,1,,0,11,1,TRUE,,5250,,
949,BC2042,644,ケ,4130,0,5/14/2025,1,,0,11,1,TRUE,,4130,,
950,BS2010,644,P,2475,0,5/14/2025,1,,0,11,1,TRUE,,2475,,
951,52S 25x176x339,823,S,5177,0,5/8/2025,1,,0,11,1,TRUE,,5177,,
952,52S 20x30x660,801,S,2950,0,5/7/2025,2,,0,11,1,TRUE,,5900,,
953,LB-HU-61,644,ケ,1440,0,5/19/2025,1,,0,11,1,TRUE,,1440,,
954,52S 45X331X461,644,S,23124,0,5/27/2025,2,,0,11,1,TRUE,KSP-208,46248,,
955,52S 20x30x350,644,S,931,0,5/19/2025,2,,0,11,1,TRUE,成形JIG,1862,,
956,52S 20x30x370 KIRI,,S,981,0,5/19/2025,2,,0,11,1,TRUE,成形JIG,1962,,
957,52S 25x401x471,829,S,15902,0,5/16/2025,1,,0,11,1,TRUE,,15902,,
958,52S 35X331X461,834,S,18026,0,5/21/2025,1,,0,11,1,TRUE,,18026,,
959,52S 45X331X461,835,S,23154,0,5/21/2025,1,,0,11,1,TRUE,,23154,,
961,52S 25X300X470,837,S,11980,0,5/26/2025,1,,0,11,1,TRUE,25ｘ301ｘ470,11980,,
962,52S 25X201X371,838,S,6421,0,5/26/2025,1,,0,11,1,TRUE,,6421,,
963,52S 25X300X470,839,S,11941,0,5/27/2025,1,,0,11,1,TRUE,,11941,,
964,C5210P 0.3x180x1200,644,S,0,0,5/29/2025,20,,0,6,1,FALSE,小林さん,0,,
965,Veneer 12x600x910,644,枚,5333,0,6/4/2025,30,,0,11,1,TRUE,,159990,,
966,7614,644,本,785,0,6/5/2025,1,,0,11,1,TRUE,,785,,
967,FC4571,644,ケ,5250,0,5/28/2025,1,,0,11,1,TRUE,,5250,,
968,7447-320,644,箱,4520,0,5/28/2025,1,,0,11,1,TRUE,,4520,,
969,MI,644,,485,0,5/28/2025,10,,0,11,1,TRUE,,4850,,
970,A-P#180,644,枚,103,0,5/29/2025,50,,0,11,1,TRUE,,5150,,
971,71716 linecupla,644,ケ,3440,0,6/2/2025,1,,0,11,1,TRUE,,3440,,
972,CH700,644,ケ,3075,0,6/3/2025,1,,0,11,1,TRUE,,3075,,
973,52S 45x274x504,847,S,21008,0,6/2/2025,1,,0,11,1,TRUE,,21008,,
974,52S 40x286x301,846,S,11744,0,6/2/2025,1,,0,11,1,TRUE,,11744,,
975,52S 30x401x471,844,S,19036,0,5/29/2025,2,,0,11,1,TRUE,SCW-001、SCW-002,38072,,
976,PBS C5210P - H,644,S,2920,0,5/30/2025,20,,0,11,1,TRUE,,58400,,
977,52S 25X300X470,837,S,11941,0,5/30/2025,1,,0,11,1,TRUE,,11941,,
978,52S 5X600X745,822,S,9736,0,5/30/2025,1,,0,11,1,TRUE,,9736,,
979,52S 4F 15x480x634,822,S,17276,0,5/30/2025,1,,0,11,1,TRUE,,17276,,
980,52S 50x331x461,864,S,25718,0,6/25/2025,1,,0,11,1,TRUE,,25718,,
981,52S 20x266x386,867,S,7020,0,6/23/2025,1,,0,11,1,TRUE,,7020,,
982,52S 55x286x586,644,S,31056,0,6/17/2025,6,,0,11,1,TRUE,"JAE-343AB, 344AB, 345AB",186336,,
983,52S 25X300X470,856,S,11941,0,6/17/2025,1,,0,11,1,TRUE,,11941,,
984,52S 25x451x471,854,S,17820,0,6/16/2025,2,,0,11,1,TRUE,"RPD-001, RPD-002",35640,,
985,52S 25X300X470,644,S,11911,0,6/9/2025,2,,0,11,1,TRUE,JAE-350、　JAE-351,23822,,
986,52S 30x451x471,644,S,21374,0,6/9/2025,2,,0,11,1,TRUE,JAE-347、JAE-349,42748,,
987,52S 50x300x470,852,S,23802,0,6/13/2025,1,,0,11,1,TRUE,,23802,,
988,52S 25x211x311,853,S,5668,0,6/13/2025,1,,0,11,1,TRUE,,5668,,
989,52S 40x286x586,859,S,22578,0,6/19/2025,2,,0,11,1,TRUE,JAE-352AB,45156,,
990,52S 50x331x461,868,S,25718,0,6/30/2025,1,,0,11,1,TRUE,,25718,,
991,52S 30x101x621,872,S,6599,0,6/30/2025,1,,0,11,1,TRUE,,6599,,
992,52S 45x286x586,871,S,254224,0,6/30/2025,1,,0,11,1,TRUE,,254224,,
993,EX-191D,644,缶,18000,0,7/2/2025,1,,0,11,1,TRUE,,18000,,
994,YSD60,644,缶,7310,0,7/2/2025,1,,0,11,1,TRUE,,7310,,
995,HSM90Carbon,644,S,800,0,6/10/2025,3,,0,11,1,TRUE,,2400,,
996,HLB2040-200,644,本,3060,0,6/26/2025,1,,0,11,1,TRUE,,3060,,
997,HLB2020-200,644,本,2280,0,6/26/2025,1,,0,11,1,TRUE,,2280,,
998,PXAM6,644,本,6510,0,6/30/2025,2,,0,11,1,TRUE,Mua 2 tang 1,13020,,
999,2M Oil,644,缶,10400,0,6/27/2025,1,,0,11,1,TRUE,,10400,,
1000,ONIME M6x13,644,ケ,29,0,6/26/2025,200,,0,11,1,TRUE,,5800,,
1001,EX-191D,644,缶,18000,0,6/10/2025,1,,0,11,1,TRUE,,18000,,
1002,YSD60,644,缶,7310,0,6/10/2025,1,,0,11,1,TRUE,,7310,,
1003,SK11No4,644,袋,980,0,6/10/2025,5,,0,11,1,TRUE,,4900,,
1004,HSLB2020-350,644,本,5086,0,6/4/2025,1,,0,11,1,TRUE,,5086,,
1005,SR20,644,箱,1865,0,7/3/2025,1,,0,11,1,TRUE,,1865,,
1006,SR30,644,箱,1865,0,7/3/2025,1,,0,11,1,TRUE,,1865,,
1007,P-XaM 10,644,本,7992,0,7/4/2025,2,,0,11,1,TRUE,サービス1/1本,15984,,
1008,52S 25x14x703 4F,684,S,2609,0,7/3/2025,2,,0,11,1,TRUE,,5218,,
1009,52S 25x14x572 4F,684,S,2278,0,7/4/2025,2,,0,11,1,TRUE,,4556,,
1010,63S Angle,644,,7425,0,7/4/2025,1,,0,11,1,TRUE,"7.5kg, 1本＝半分；3本＝1550で1カット",7425,,
1011,52S 5X600X745,684,S,9488,0,7/4/2025,1,,0,11,1,TRUE,,9488,,
1012,SP95,644,缶,16600,,7/10/2025,1,,0,11,1,FALSE,,16600,,
1013,TAPSPRAY189,644,本,900,0,7/10/2025,1,,0,11,1,TRUE,,900,,
1014,SR25,644,箱,1865,0,7/15/2025,1,,2000,1,1,TRUE,,1865,,
1015,FX-LS-MG-EBD 1.5R,644,本,19400,0,7/7/2025,1,,0,11,1,TRUE,,19400,,
1016,ALP-CD350DME,644,本,805,0,7/7/2025,10,,0,11,1,TRUE,,8050,,
1017,YSD60,644,缶,7310,0,7/7/2025,1,,0,11,1,TRUE,,7310,,
1018,TAPSPRAY189,644,本,830,0,7/8/2025,1,,0,11,1,TRUE,,830,,
1019,CAPM5X12,644,ケ,9.6,0,7/8/2025,200,,0,11,1,TRUE,,1920,,
1020,CAPM5X15,644,ケ,10.6,0,7/8/2025,100,,0,11,1,TRUE,,1060,,
1021,52S 30x211x311,644,s,6513,0,7/16/2025,1,,0,11,1,TRUE,30Ｘ210Ｘ310,6513,,
1022,52S 45x351x591,884,S,30310,0,7/16/2025,1,,0,11,1,TRUE,CHG-001 R4,30310,,
1023,52S 20x160x210,644,S,2297,0,7/16/2025,4,,0,11,1,TRUE,,9188,,
1024,52S 25x160x210,644,S,2858,0,7/14/2025,4,,0,11,1,TRUE,,11432,,
1025,52S 55x160x210,644,S,6228,0,7/14/2025,4,,0,11,1,TRUE,,24912,,
1027,52S 45x211x311,644,S,9730,0,7/15/2025,1,,0,11,1,TRUE,45ｘ210ｘ310,9730,,
1028,61S 12x62.5x580,644,S,4055,0,7/17/2025,1,,0,11,1,TRUE,,4055,,
1029,ASS5x60,644,本,27,0,7/17/2025,50,,0,11,1,TRUE,Vit bat vao cuc nong dieu hoa,1350,,
1030,CSTEM 1.5x7,644,ケ,11600,4000,7/17/2025,1,,0,11,1,TRUE,研磨首逃がし加工4000円,11600,,
1031,Veneer 12x600x910,644,枚,0,0,8/21/2025,30,,0,6,1,FALSE,,0,,
1032,HLS　2008-050,644,本,1980,0,9/2/2025,1,,0,11,1,TRUE,,1980,,
1033,mentri 3x90,644,本,4000,0,8/28/2025,1,,0,11,1,TRUE,,4000,,
1034,YSD60,644,缶,7310,0,8/27/2025,1,,0,11,1,TRUE,,7310,,
1035,YSD60,644,缶,7310,0,8/22/2025,1,,0,11,1,TRUE,,7310,,
1036,EX-191D,644,缶,18000,0,8/22/2025,1,,0,11,1,TRUE,,18000,,
1037,7447-320,644,箱,4520,0,8/21/2025,1,,0,11,1,TRUE,,4520,,
1038,52S 45x348x471,918,S,24020,0,9/2/2025,1,,0,11,1,TRUE,,24020,,
1039,52S 45x160x210,644,S,5105,0,9/2/2025,4,,0,11,1,TRUE,,20420,,
1040,52S 30x600x704,644,S,43545,0,9/2/2025,1,,0,11,1,TRUE,,43545,,
1041,52S 45x348x471,644,S,23990,0,8/29/2025,2,,0,11,1,TRUE,"CHG-002,　CHG-003",47980,,
1042,52S 45x266x386,644,S,15177,0,8/29/2025,1,,0,11,1,TRUE,,15177,,
1043,52S 40x300x470,644,S,18428,0,8/25/2025,1,,0,11,1,TRUE,,18428,,
1044,52S 45x286x301,644,S,12737,0,8/22/2025,2,,0,11,1,TRUE,,25474,,
1045,52s 35X300X470,644,S,16135,0,8/20/2025,1,,0,11,1,TRUE,,16135,,
1046,52S 30x331x461,644,S,14952,0,8/26/2025,1,,0,11,1,TRUE,,14952,,
1047,52S 40x291x386,644,S,14738,0,8/26/2025,1,,0,11,1,TRUE,,14738,,
1048,52S 30x348x471,644,S,16040,0,8/26/2025,1,,0,11,1,TRUE,,16040,,
1049,52S 25x261x356,921,S,7681,0,9/4/2025,1,,0,11,1,TRUE,,7681,,
1050,52S 45x300x470,644,S,20691,0,9/5/2025,2,,0,11,1,TRUE,,41382,,
1051,P-XaM6,644,本,0,0,9/8/2025,2,,0,6,1,TRUE,サービス,0,,
1052,P-XaM 10,644,本,0,0,9/8/2025,1,,0,6,1,TRUE,サービス,0,,
1053,P-VS2T 4,644,本,2664,0,9/8/2025,1,,0,11,1,TRUE,,2664,,
1054,P-VS2T 4,644,本,0,0,9/8/2025,1,,0,6,1,TRUE,サービス,0,,
1055,Tape 197-8271,644,P,1520,0,9/11/2025,1,,0,11,1,TRUE,,1520,,
1056,GLOVE MAX LL,644,ケ,410,0,9/11/2025,1,,0,11,1,TRUE,,410,,
1057,52S 35x241x356,929,S,9921,0,9/11/2025,1,,0,11,1,TRUE,,9921,,
1058,52S 35x241x336,644,S,9376,0,9/11/2025,1,,0,11,1,TRUE,KWE-004と間違い,9376,,
1059,52S 45x348x500,644,S,25479,0,9/22/2025,1,,0,11,1,TRUE,JAE-355,25479,,
1060,52S 35x261x356,644,S,10721,0,9/22/2025,1,,0,11,1,TRUE,JAE-356,10721,,
1061,52S 75x401x591,644,S,57539,0,9/22/2025,1,,0,11,1,TRUE,,57539,,
1062,52S 60x401x591,644,S,46047,0,9/22/2025,1,,0,11,1,TRUE,,46047,,
1063,TAP SP P2 M6x1,644,本,850,0,9/22/2025,5,,0,11,1,TRUE,,4250,,
1064,HWLB2010-100,644,本,2353,0,9/19/2025,1,,0,11,1,TRUE,,2353,,
1065,MIGAKI OSG NC-LDS 16x90,644,ケ,1720,0,9/19/2025,1,,0,11,1,TRUE,,1720,,
1066,220L Glove,644,箱,1900,0,9/11/2025,1,,0,11,1,TRUE,,1900,,
1067,CAP M5x10,644,箱,1255,0,9/11/2025,1,,400,3,1,TRUE,,1255,,
1068,SR20,644,箱,1865,0,9/16/2025,1,,0,11,1,TRUE,,1865,,
1069,EX-191D,644,缶,18000,0,9/19/2025,2,,0,11,1,TRUE,,36000,,
1070,MCG701N,644,袋,2510,0,9/16/2025,5,,0,11,1,TRUE,,12550,,
1071,Staminal grease RL2,644,箱,10,0,9/18/2025,1,,0,11,1,TRUE,,10,,
1072,Veneer 3x6x12,644,式,165000,0,9/4/2025,10,,0,11,1,TRUE,Thue 10％,1650000,,
1073,52S 45X331X461,644,S,22358,0,9/29/2025,2,,0,11,1,TRUE,,44716,,
1074,52S 35x348x356,644,S,14202,0,9/29/2025,1,,0,11,1,TRUE,,14202,,
1075,52S 40x274x504,936,S,18065,0,9/29/2025,1,,0,11,1,TRUE,,18065,,
1076,52S 25x301x355,644,S,8837,0,10/3/2025,4,,0,11,1,TRUE,SIT-025、026,35348,,
1077,52S 35x451x471,644,S,24289,0,10/10/2025,2,,0,11,1,TRUE,"RPD-005,　RPD-006",48578,,
1078,52S 45x176x339,950,S,9020,0,10/8/2025,1,,0,11,1,TRUE,RPD-004,9020,,
1079,52S 30x401x591,947,S,23242,0,10/6/2025,1,,0,11,1,TRUE,,23242,,
1080,GEL-10,644,ケ,1310,0,10/15/2025,10,,0,11,1,TRUE,,13100,,
1081,DF330DZ,644,ケ,8500,0,10/14/2025,1,,0,11,1,TRUE,,8500,,
1082,52S 40x451x471,955,S,27782,0,10/16/2025,1,,0,11,1,TRUE,,27782,,
1083,20PF 00283,644,ケ,282,0,10/27/2025,3,,0,11,1,TRUE,,846,,
1084,No.05x1/4,644,ケ,216,0,10/22/2025,3,,0,11,1,TRUE,,648,,
1085,TPDR3x2,644,本,9180,0,10/23/2025,2,,0,11,1,TRUE,,18360,,
1086,YSD60,644,缶,7310,0,10/17/2025,1,,0,11,1,TRUE,,7310,,
1087,HWLB2010-100,644,本,2353,0,10/20/2025,2,,0,11,1,TRUE,,4706,,
1088,HYP-SH62,644,ケ,4700,0,10/20/2025,2,,0,11,1,TRUE,,9400,,
1089,HYP-B171,644,ケ,12700,1000,10/20/2025,1,,0,11,1,TRUE,NMC　送料,12700,,
1090,52S 40x301x355,962,S,14139,0,10/20/2025,1,,0,11,1,TRUE,,14139,,
1091,52S 20x301x355,965,S,7110,0,10/20/2025,1,,0,11,1,TRUE,,7110,,
1092,52S 60x301x591,964,S,34963,0,10/20/2025,2,,0,11,1,TRUE,JAE361,69926,,
1093,52S 60x401x471,644,S,37076,0,10/17/2025,1,,0,11,1,TRUE,,37076,,
1094,52S 60x401x591,957,S,46373,0,10/17/2025,2,,0,11,1,TRUE,JAE358,92746,,
1095,52S 40x301x355,962,S,14139,0,10/21/2025,1,,0,11,1,FALSE,加工条件不具合・再作成,14139,,
1096,SR30,644,箱,1865,0,10/30/2025,1,,0,11,1,TRUE,,1865,,
1097,121-8160 TP-MS20,644,ケ,2720,0,10/30/2025,1,,0,11,1,TRUE,,2720,,
1098,7447-320,644,箱,4520,0,10/30/2025,2,,0,11,1,TRUE,,9040,,
1099,493-4091 S-531,644,ケ,3900,0,10/30/2025,1,,0,11,1,TRUE,,3900,,
1101,52S 60x210x310,644,S,13045,0,11/5/2025,1,,0,11,1,TRUE,,13045,,
1102,52S 25x160x210,644,S,2880,0,11/5/2025,4,,0,11,1,TRUE,,11520,,
1103,52S 30x331x461,644,S,15037,0,10/30/2025,2,,0,11,1,TRUE,,30074,,
1105,52S 60x300x470,644,S,27814,0,10/29/2025,1,,0,11,1,TRUE,,27814,,
1106,52S 35X331X461,967,S,17565,0,10/27/2025,1,,0,11,1,TRUE,,17565,,
1107,52S 40x348x500,976,S,22831,0,11/10/2025,1,,0,11,1,TRUE,,22831,,
1108,52S 45x176x339,975,S,9020,0,11/10/2025,1,,0,11,1,TRUE,,9020,,
1109,52S 25X300X470,974,S,11636,0,11/7/2025,1,,0,11,1,TRUE,,11636,,
1110,N95,644,箱,2666,0,11/10/2025,3,,0,11,1,TRUE,,7998,,
1111,EX-191D,644,缶,18000,0,11/6/2025,2,,0,11,1,TRUE,,36000,,
1112,BL1015K,644,ケ,6670,0,11/6/2025,1,,0,11,1,TRUE,,6670,,
1113,CL10DZ,644,ケ,5520,0,11/6/2025,1,,0,11,1,TRUE,,5520,,
1114,SR20,644,箱,1865,0,11/12/2025,1,,0,11,1,TRUE,,1865,,
1115,SR25,644,箱,1865,0,11/12/2025,1,,0,11,1,TRUE,,1865,,
1116,MILL WAF303161,644,本,21525,0,11/12/2025,1,,0,11,1,FALSE,,21525,,
1117,52S 70x300x470,983,S,32437,0,11/14/2025,1,,0,11,1,TRUE,,32437,,
1118,52S 75x401x591,984,S,57983,0,11/14/2025,1,,0,11,1,TRUE,,57983,,
1119,52S 35x301x355,981,S,12382,0,11/13/2025,1,,0,11,1,TRUE,,12382,,
1120,52S 35X331X461,985,S,17565,0,11/17/2025,1,,0,11,1,TRUE,,17565,,
1121,オービット　ホースバンド　1A,644,ケ,200,0,11/28/2025,10,,0,11,1,TRUE,,2000,,
1122,EX-191D,644,缶,18000,0,11/28/2025,2,,0,11,1,TRUE,,36000,,
1123,YSD60,644,缶,7310,0,11/28/2025,1,,0,11,1,TRUE,,7310,,
1124,Rivet6x25,644,ケ,30,0,11/27/2025,100,,0,11,1,TRUE,,3000,,
1125,HWLB2040-200,644,本,3162,0,11/28/2025,1,,0,11,1,TRUE,,3162,,
1126,HWLB2040-300,644,本,3162,0,11/28/2025,1,,0,11,1,TRUE,,3162,,
1127,HSLB2040-400,644,本,4094,0,11/28/2025,1,,0,11,1,TRUE,,4094,,
1128,No70x2 Hammer,644,ケ,485,0,11/28/2025,4,,0,11,1,TRUE,,1940,,
1129,243JPI 15x18,644,P,570,0,11/27/2025,1,,0,11,1,TRUE,,570,,
1130,52S 60x160x210,644,S,6842,0,11/28/2025,4,,0,11,1,TRUE,,27368,,
1132,52S 50x160x210,644,S,5710,0,11/18/2025,4,,0,11,1,TRUE,,22840,,
1133,52S 30x160x210,644,S,3446,0,11/18/2025,4,,0,11,1,TRUE,,13784,,
1134,52S 60x406x641,,S,50907,0,11/18/2025,1,,0,11,1,TRUE,,50907,,
1135,52S 30x331x461,644,S,15067,0,11/18/2025,1,,0,11,1,TRUE,,15067,,
1136,52S 35X331X461,644,S,17565,0,11/18/2025,1,,0,11,1,TRUE,,17565,,
1137,52S 40x331x461,644,S,20063,0,11/18/2025,1,,0,11,1,TRUE,,20063,,
1138,52S 60x401x591,644,S,46403,0,11/26/2025,1,,0,11,1,TRUE,再作成用,46403,,
1139,52S 55x331x461,644,S,27557,0,11/25/2025,1,,0,11,1,TRUE,,27557,,
1140,760-4564 No51055,644,箱,2760,0,12/5/2025,1,,0,11,1,TRUE,,2760,,
1141,HLS2040-400,644,本,3720,0,12/2/2025,3,,0,11,1,TRUE,,11160,,
1142,hicupla 40SH NBR00307,644,ケ,1175,0,12/4/2025,3,,0,11,1,TRUE,,3525,,
1143,C-CER4008-8-3,644,本,2000,0,12/6/2025,1,,0,11,1,TRUE,,2000,,
1144,C-CER4008-10-3,644,本,2000,0,12/6/2025,2,,0,11,1,TRUE,,4000,,
1145,52S 35x241x356,644,S,9997,0,12/4/2025,1,,0,11,1,TRUE,,9997,,
1146,52S 55x331x461,644,S,27557,0,12/4/2025,1,,0,11,1,TRUE,,27557,,
1148,52S 25x286x301,1004,S,7183,0,12/8/2025,1,,0,11,1,TRUE,,7183,,
1149,52S 25x211x441,,S,7735,0,12/10/2025,2,,0,11,1,TRUE,MTM-185R3 CAV3-4,15470,,
1150,52S 25X201X371,644,S,6259,0,12/9/2025,1,,0,11,1,TRUE,,6259,,
1151,52S 25X300X470,644,S,11636,0,12/8/2025,1,,0,11,1,TRUE,,11636,,
1152,52S 60x286x586,1001,S,32973,0,12/1/2025,1,,0,11,1,TRUE,"JAE363R1, JAE364",32973,,
1153,52S 25x211x411,644,S,7218,0,12/8/2025,2,,0,11,1,TRUE,MTM-185R3 CAV3-4間違い,14436,,
1154,52S 35x348x356,644,S,14311,0,12/10/2025,1,,0,11,1,TRUE,,14311,,
1155,KRKC-406010015,644,ケ,9998,1000,12/14/2025,1,,0,11,1,TRUE,,9998,,
1157,YCC10-3AA,644,ケ,4950,1500,12/19/2025,1,,0,11,1,TRUE,,4950,,
1158,YSD60,644,缶,7310,0,12/16/2025,2,,0,11,1,TRUE,,14620,,
1159,HLS　2008-050,644,本,1980,0,12/16/2025,1,,0,11,1,TRUE,,1980,,
1160,52S 50X348X500,1015,S,28519,0,12/22/2025,1,,0,11,1,TRUE,ASH-018,28519,,
1162,52S 40x348x500,1016,S,22831,0,12/24/2025,1,,0,11,1,TRUE,SMK-225,22831,,
1163,52S 25x286x586,1026,S,14149,0,1/8/2026,1,,0,11,1,TRUE,JAE-368R1,14149,,
1164,N95,644,箱,2666,0,1/8/2026,1,,0,11,1,TRUE,,2666,,
1165,Veneer 3x6x12,644,式,0,0,1/9/2026,10,,0,6,1,FALSE,,0,,
1166,52S 60x401x591,1038,S,47558,0,1/26/2026,3,,0,11,1,TRUE,"JAE-365, 366, 371",142674,,
1167,52S 50x286x586,644,S,28218,0,1/26/2026,1,,0,11,1,TRUE,KSP-211,28218,,
1168,MCG701N,644,袋,2510,0,1/20/2026,3,,0,11,1,TRUE,,7530,,
1169,7447-320,644,箱,4520,0,1/20/2026,1,,0,11,1,TRUE,,4520,,
1170,52S 80x160x210,644,S,9367,0,1/16/2026,1,,0,11,1,TRUE,,9367,,
1171,52S 35X331X461,644,S,18012,0,1/16/2026,1,,0,11,1,TRUE,,18012,,
1172,52S 45X331X461,644,S,23136,0,1/16/2026,1,,0,11,1,TRUE,,23136,,
1173,52S 50x300x470,644,S,23783,0,1/16/2026,1,,0,11,1,TRUE,,23783,,
1174,52S 50x300x470,644,S,23783,0,1/15/2026,1,,0,11,1,TRUE,,23783,,
1175,52S 30x331x461,644,S,15451,0,1/13/2026,1,,0,11,1,TRUE,,15451,,
1176,52S 50x300x470,644,S,23783,0,1/20/2026,1,,0,11,1,FALSE,,23783,,
1179,52S 30x300x470,644,S,14302,0,1/19/2026,1,,0,11,1,TRUE,,14302,,
1180,BL1013,644,ケ,6650,0,1/13/2026,1,,0,11,1,TRUE,,6650,,
1181,DC10WA,644,ケ,6975,0,1/13/2026,1,,0,11,1,TRUE,,6975,,
1182,SR20,644,箱,1865,0,1/16/2026,1,,0,11,1,TRUE,,1865,,
1183,MAT154A,644,箱,24930,0,1/28/2026,1,,0,11,1,FALSE,,24930,,
1184,Veneer 18x600x910,644,枚,23700,0,1/29/2026,10,,0,11,1,TRUE,+10％,237000,,
1185,SLX-1000RC,644,ケ,5800,0,1/30/2026,1,,0,11,1,TRUE,,5800,,
1186,52S 55x331x461,644,S,27557,0,1/5/2026,1,,0,11,1,TRUE,,27557,,
1187,52S 55x348x471,644,S,29566,0,1/5/2026,1,,0,11,1,TRUE,,29566,,
1188,52S 50x348x471,644,S,26886,0,1/5/2026,1,,0,11,1,TRUE,,26886,,
1189,52S 40x348x471,644,S,21525,0,1/5/2026,1,,0,11,1,TRUE,,21525,,
1190,52S 35X348X471,644,S,18844,0,1/5/2026,1,,0,11,1,TRUE,,18844,,
1191,KM20-4,644,ケ,3287,0,2/4/2026,2,,0,11,1,TRUE,,6574,,
1192,AL-VME040-90,644,ケ,5910,0,2/3/2026,2,,0,11,1,TRUE,,11820,,
1193,Drill D0.6,644,本,0,0,2/5/2026,500,,1,0,1,TRUE,届け2/6,0,,
1194,Hitachi Babycon 4L,644,缶,5310,1500,2/25/2026,2,,0,11,1,TRUE,,10620,,
1195,N CUT No.107,644,缶,11470,0,2/20/2026,1,,0,11,1,TRUE,,11470,,
1196,YSD60,644,缶,7310,0,2/20/2026,2,,0,11,1,TRUE,,14620,,
1197,EX-191D,644,缶,18000,0,2/20/2026,2,,0,11,1,TRUE,,36000,,
1198,ラバーマグネット　ゴム　0.8ｔｘ600ｘ900,644,枚,5600,0,2/16/2026,1,,0,11,1,TRUE,,5600,,
1199,HG6031VK,644,ケ,9800,0,2/19/2026,1,,0,11,1,TRUE,,9800,,
1200,B637J,644,P,1008,0,2/19/2026,1,,0,11,1,TRUE,,1008,,
1201,hasami 240m/m,644,ケ,2750,0,2/18/2026,2,,0,11,1,TRUE,,5500,,
1202,E1-001 BRUSH,644,本,100,0,2/18/2026,5,,0,11,1,TRUE,,500,,
1203,DD 100x15 AA 60S,644,枚,941,0,2/18/2026,5,,0,11,1,TRUE,,4705,,
1204,N95,644,箱,2666,0,2/18/2026,1,,0,11,1,TRUE,,2666,,
1205,ALP-CD350DME,644,本,805,0,2/18/2026,10,,0,11,1,TRUE,,8050,,
1206,S300mm,644,本,988,0,2/18/2026,1,,0,11,1,TRUE,,988,,
1207,S300mm黄色,644,本,988,0,2/18/2026,1,,0,11,1,TRUE,,988,,
1208,52S 25x210x230,644,S,4214,0,2/13/2026,1,,0,11,1,TRUE,,4214,,
1209,52S 25x210x230,644,S,4214,0,2/10/2026,1,,0,11,1,TRUE,,4214,,
1210,52S 50x331x461,644,S,25698,0,2/10/2026,1,,0,11,1,TRUE,,25698,,
1211,52S 60x348x500,644,S,35079,0,2/6/2026,1,,0,11,1,TRUE,,35079,,
1212,52S 50x401x591,644,S,39670,0,2/4/2026,1,,0,11,1,TRUE,,39670,,
1213,52S 25x211x441,644,S,7961,0,2/19/2026,1,,0,11,1,TRUE,,7961,,
1214,52S 75x401x591,1060,S,59464,0,2/19/2026,1,,0,11,1,TRUE,,59464,,
1215,52S 25X201X371,644,S,6417,0,2/5/2026,1,,0,11,1,TRUE,,6417,,
1216,52S 35x286x301,644,S,10279,0,2/25/2026,1,,0,11,1,TRUE,,10279,,
1217,52S 50x300x470,644,S,23753,0,2/25/2026,2,,0,11,1,TRUE,,47506,,
1218,52S 55x369x492,644,S,36118,0,2/25/2026,1,,0,11,1,TRUE,,36118,,
1219,52S 35x261x376,644,S,13357,0,2/25/2026,1,,0,11,1,TRUE,,13357,,
1220,52S 20x200x315,644,S,5573,0,2/25/2026,1,,0,11,1,TRUE,,5573,,
1221,52S 55x286x586,644,S,21032,0,2/26/2026,1,,0,11,1,TRUE,,21032,,
1222,52S 25x230x275,644,S,5463,0,3/3/2026,1,,0,11,1,TRUE,,5463,,
1223,52S 25x210x230,644,S,4214,0,3/4/2026,1,,0,11,1,TRUE,,4214,,
1224,52S 30x331x461,644,S,15451,0,3/4/2026,1,,0,11,1,TRUE,,15451,,
1225,52S 25x160x210,644,S,2952,0,3/10/2026,4,,0,11,1,TRUE,,11808,,
1226,52S 30x160x210,644,S,3533,0,3/10/2026,4,,0,11,1,TRUE,,14132,,
1227,52S 35x160x210,644,S,4113,0,3/10/2026,4,,0,11,1,TRUE,,16452,,
1228,52S 40x160x210,644,S,4694,0,3/10/2026,4,,0,11,1,TRUE,,18776,,
1229,52S 60x160x210,644,S,7015,0,3/10/2026,4,,0,11,1,TRUE,,28060,,
1230,52S 1x50x450,644,S,187,0,3/6/2026,2,,0,11,1,TRUE,,374,,
1231,52S 3x50x450,644,S,378,0,3/6/2026,2,,0,11,1,TRUE,,756,,
1232,52S 5x50x450,644,S,528,0,3/6/2026,2,,0,11,1,TRUE,,1056,,
1233,52S 15x25x615,644,S,1039,0,3/6/2026,2,,0,11,1,TRUE,,2078,,
1234,52S 30x210x310,644,S,6729,0,3/11/2026,1,,0,11,1,TRUE,,6729,,
1235,52S 25x211x441,644,S,7931,0,3/11/2026,2,,0,11,1,TRUE,,15862,,
1236,52S 100x211x311,644,S,22415,0,3/30/2026,1,,0,11,1,TRUE,,22415,,
1237,52S 40x360x49,644,S,25967,0,3/31/2026,1,,0,11,1,TRUE,,25967,,
1238,52S 20x249.5x419.5,644,S,8627,0,3/31/2026,1,,0,11,1,TRUE,,8627,,
1239,52S 25x211x441,644,S,7961,0,3/24/2026,1,,0,11,1,TRUE,,7961,,
1240,52S 25x210x230,644,S,4214,0,3/24/2026,1,,0,11,1,TRUE,,4214,,
1241,52S 30x286x301,644,S,8792,0,3/13/2026,4,,0,11,1,TRUE,,35168,,
1242,52S 40x327x493,644,S,23987,0,3/18/2026,1,,0,11,1,TRUE,,23987,,
1243,52S 20x249.5x419.5,644,S,8627,0,3/18/2026,1,,0,11,1,TRUE,,8627,,
1244,52S4F 40x240x355,644,S,13370,0,3/18/2026,1,,0,11,1,TRUE,,13370,,
1245,52S4F 55x260x375,644,S,20300,0,3/18/2026,1,,0,11,1,TRUE,水冷ベース,20300,,
1246,760-4564 No51055,644,箱,2760,0,3/5/2026,1,,0,11,1,TRUE,,2760,,
1247,コイルホース　CH700,644,ケ,3320,0,3/4/2026,1,,0,11,1,TRUE,,3320,,
1248,220L Glove,644,箱,1900,0,3/4/2026,1,,0,11,1,TRUE,,1900,,
1249,SUS 1/4SPT,644,ケ,150,0,3/16/2026,30,,0,11,1,TRUE,,4500,,
1250,FC4571,644,ケ,5250,0,3/17/2026,1,,0,11,1,TRUE,,5250,,
1251,Hitachi Babycon 4L,644,缶,5310,1500,3/6/2026,1,,0,11,1,TRUE,,5310,,
1252,silicon d11x1m,644,ｍ,2330,0,3/19/2026,1,,0,11,1,TRUE,,2330,,
1253,t1.0x120x2550 ビニールシート,644,本,1375,0,3/19/2026,25,,0,11,1,TRUE,,34375,,
1254,SUS皿木ネジ3.8ｘ38,644,箱,4530,0,3/27/2026,1,,0,11,1,TRUE,,4530,,
1255,SUS皿木ネジ　3.8ｘ50L　200入り,644,箱,2525,0,3/27/2026,1,,0,11,1,TRUE,,2525,,
1256,7447-320,644,箱,4520,0,3/26/2026,1,,0,11,1,TRUE,,4520,,
1257,KS-2P-B,644,ケ,1020,0,3/25/2026,1,,0,11,1,TRUE,,1020,,
1258,GLOVE MAX LL,644,ケ,410,0,3/27/2026,1,,0,11,1,TRUE,,410,,
1259,PT1/4-19,644,本,3215,0,4/6/2026,1,,0,11,1,TRUE,,3215,,
1260,2BE R3.0,644,ケ,6515,0,4/6/2026,3,,0,11,1,TRUE,,19545,,
1261,Hicupla 30PH STEEL 00284,644,ケ,312,0,4/3/2026,10,,0,11,1,TRUE,,3120,,
1262,AIR208,644,ケ,2320,0,4/3/2026,3,,0,11,1,TRUE,,6960,,
1263,YSD60,644,缶,7310,0,3/31/2026,2,,0,11,1,TRUE,,14620,,
1264,N CUT No.107,644,缶,11470,0,3/31/2026,1,,0,11,1,TRUE,,11470,,
1265,EX-191D,644,缶,18000,0,3/31/2026,3,,0,11,1,TRUE,,54000,,
1266,52S 25x210x230,644,S,4393,0,4/1/2026,2,,0,11,1,TRUE,,8786,,
1267,52S 25X300X470,644,S,12533,0,4/1/2026,1,,0,11,1,TRUE,,12533,,
1268,PT1/4-19 SPII,644,本,3920,0,4/7/2026,1,,0,11,1,TRUE,,3920,,
1269,PC10-02,644,ケ,215,0,4/7/2026,10,,0,11,1,TRUE,,2150,,
1270,52S 35x266x386,644,S,12801,0,4/13/2026,2,,0,11,1,TRUE,,25602,,
1271,SUS430 2X360X370,644,S,1920,0,4/13/2026,1,,0,11,1,TRUE,,1920,,
1273,SUS430（２B）シャ　2x360x525,644,S,2730,0,4/13/2026,2,,0,11,1,TRUE,,5460,,
1274,52S 25x211x441,1111,ｓ,8361,0,4/16/2026,1,,0,11,1,TRUE,,8361,,
1275,YSD60,644,缶,9265,0,4/14/2026,1,,0,11,1,TRUE,,9265,,
1276,N CUT No.107,644,缶,11470,0,4/14/2026,2,,0,11,1,TRUE,,22940,,
1277,52S 80x210x310,644,S,18708,0,4/16/2026,1,,0,11,1,TRUE,,18708,,
1278,52S 55x348x500,644,S,33789,0,4/17/2026,1,,0,11,1,TRUE,,33789,,
1279,52S 80x241x356,644,S,24506,0,4/17/2026,1,,0,11,1,TRUE,,24506,,
1280,52S 20x280x375 4F,644,S,8985,0,4/17/2026,1,,0,11,1,TRUE,,8985,,
1281,52S 60x331x461,644,S,32350,0,4/17/2026,2,,0,11,1,TRUE,,64700,,
1282,760-4564 No51055,644,箱,2760,0,4/25/2026,1,,0,11,1,TRUE,,2760,,
1283,52S 35x241x356,644,S,10767,0,4/25/2026,1,,0,11,1,TRUE,,10767,,
1284,52S 50x331x461,644,S,26997,0,4/24/2026,1,,0,11,1,TRUE,,26997,,
1285,52S 25x301x355,644,S,9549,0,4/24/2026,1,,0,11,1,TRUE,,9549,,
1286,52S 100x361x561,644,S,71302,0,4/24/2026,1,,0,11,1,TRUE,,71302,,
1287,52S 50x394 594,644,S,41166,0,4/24/2026,1,,0,11,1,TRUE,,41166,,
1288,52S 45x241x356,1125,S,13820,0,4/28/2026,1,,0,11,1,TRUE,IRI-003,13820,,
1289,52S 40x331x461,644,S,21613,0,4/28/2026,1,,0,11,1,TRUE,,21613,,
1290,52S 50x331x461,644,S,26997,0,4/28/2026,1,,0,11,1,TRUE,,26997,,
1291,52S 55x351x591,644,ｓ,40172,0,5/1/2026,2,,0,11,1,TRUE,KSP,80344,,
1292,52S 50x351x591,,S,36524,0,5/1/2026,6,,0,11,1,TRUE,KSP,219144,,
1293,52S 25X300X470,644,S,12503,0,5/1/2026,2,,0,11,1,TRUE,"MTM-196, MTM-197",25006,,
1294,A-P#180,644,枚,103,0,5/1/2026,50,,0,11,1,TRUE,,5150,,
1295,52S 60x361x561,644,S,42784,0,5/8/2026,2,,0,11,1,TRUE,,85568,,
1296,ONIME M6x13,644,ケ,29,0,5/18/2026,200,,0,11,1,TRUE,,5800,,
1297,220L Glove,644,箱,1900,0,5/14/2026,1,,0,11,1,TRUE,,1900,,
1298,Short Cap M6x10,644,ケ,49,0,5/14/2026,200,,0,11,1,TRUE,,9800,,
1299,YSD60,644,缶,10850,1000,5/14/2026,1,,0,11,1,TRUE,,10850,,
1300,EX-191D,644,缶,19230,0,5/14/2026,2,,0,11,1,TRUE,,38460,,
1301,52S 50x331x461,644,S,26997,0,5/18/2026,1,,0,11,1,TRUE,,26997,,
1302,SUS430 2x360x525,644,S,2730,0,5/19/2026,3,,0,11,1,TRUE,,8190,,
1303,SUS430 2x320x525,644,S,2420,0,5/19/2026,3,,0,11,1,TRUE,,7260,,
1304,OH PL-10,644,ケ,1300,0,5/18/2026,1,,0,11,1,TRUE,,1300,,
1305,52S 80x351x600,644,S,59290,0,5/20/2026,2,,0,11,1,TRUE,,118580,,
1306,52S 30x300x470,644,S,14993,0,5/25/2026,3,,0,11,1,TRUE,,44979,,
1307,GEL-10,644,ケ,1310,0,5/27/2026,10,,0,11,1,TRUE,,13100,,
1308,52S 45x241x356,644,S,13820,0,6/1/2026,1,,0,11,1,TRUE,,13820,,
1309,52S 50x348x471,644,S,28965,0,6/1/2026,1,,0,11,1,TRUE,,28965,,
1310,CSEB 2060-1200 BALLENDMILL,644,本,3000,0,5/29/2026,1,,0,11,1,TRUE,,3000,,
1311,52S 35X331X461,644,S,18922,0,5/28/2026,1,,0,11,1,TRUE,,18922,,
1312,52S 40x331x461,644,S,21613,0,5/28/2026,1,,0,11,1,TRUE,,21613,,
1313,52S 40x348x500,644,S,24596,0,5/28/2026,1,,0,11,1,TRUE,SMK-230,24596,,
1314,EX-191D,644,缶,19230,0,6/1/2026,1,,0,11,1,TRUE,,19230,,
1315,52S 30x451x471,644,S,22468,0,6/2/2026,1,,0,11,1,TRUE,,22468,,
1316,52S 45x348x471,644,S,26047,0,6/3/2026,4,,0,11,1,TRUE,,104188,,
1317,52S 45x176x339,644,S,9714,0,6/4/2026,1,,0,11,1,TRUE,,9714,,
1318,52S 25x286x586,644,S,14863,0,6/8/2026,1,,0,11,1,TRUE,,14863,,
1319,52S 35X348X471,644,S,20300,0,6/8/2026,1,,0,11,1,TRUE,,20300,,
1320,52S 4F 12x400x590,644,S,11750,0,6/8/2026,1,,0,11,1,TRUE,,11750,,
1321,52S 4F 5x600x745,644,S,10111,0,6/8/2026,1,,0,11,1,TRUE,,10111,,
1322,Veneer 3x6x12,644,式,0,0,6/10/2026,10,,0,6,1,FALSE,6/10　dat hang,0,,
1323,YSD60,644,缶,10850,1000,6/15/2026,3,,0,11,1,TRUE,,32550,,
1324,52S 45x286x301,644,S,13827,0,6/10/2026,4,,0,11,1,TRUE,,55308,,
1325,52S 4F 25x264x344,644,S,9407,0,6/11/2026,2,,0,11,1,TRUE,,18814,,
1326,52S 12x557x704 4F,644,S,18713,0,6/11/2026,1,,0,11,1,TRUE,,18713,,
1327,52S 60x401x591,644,S,49996,0,6/17/2026,1,,0,11,1,TRUE,,49996,,
1328,52S 30x511x511,644,S,27543,0,6/17/2026,1,,0,11,1,TRUE,,27543,,
1329,HLS 2030-300,644,本,3060,0,6/17/2026,2,,0,11,1,TRUE,,6120,,
1330,HLS 2030-200,644,本,2580,0,6/17/2026,2,,0,11,1,TRUE,,5160,,
1331,C-CES 2008,644,本,1140,0,6/17/2026,2,,0,11,1,TRUE,,2280,,
1332,356-3341 695L,644,ケ,1830,0,6/17/2026,1,,0,11,1,TRUE,,1830,,
1333,MCG701N,644,袋,2510,0,6/17/2026,2,,0,11,1,TRUE,,5020,,
1334,52S 45x286x301,644,S,13827,0,6/15/2026,8,,0,11,1,TRUE,IRI,110616,,
1335,EX-191D,644,缶,192300,0,6/17/2026,1,,0,11,1,TRUE,,192300,,
1336,2M Oil,644,缶,10600,0,6/17/2026,1,,0,11,1,TRUE,,10600,,
1337,7447-320,644,箱,4520,0,6/17/2026,1,,0,11,1,TRUE,,4520,,
1338,No2SLC68,644,缶,16000,0,6/17/2026,1,,0,11,1,TRUE,,16000,,
1339,52S 25X331X461,644,S,13539,0,6/23/2026,1,,0,11,1,TRUE,,13539,,
1340,52S 20x160x210,644,S,2490,0,6/23/2026,4,,0,11,1,TRUE,,9960,,
1341,52S 45x160x210,644,S,5539,0,6/23/2026,4,,0,11,1,TRUE,,22156,,
1342,52S 50x160x210,644,S,6149,0,6/23/2026,4,,0,11,1,TRUE,,24596,,
1343,5S 30x521x600,644,S,32904,0,6/23/2026,1,,0,11,1,TRUE,,32904,,
1344,DX32,644,缶,13500,0,6/25/2026,1,,0,11,1,TRUE,,13500,,
1345,52S 4F 25x410x560,644,S,22080,0,6/29/2026,1,,0,11,1,TRUE,,22080,,
1346,52S 4F 35x330x620,644,S,27532,0,6/29/2026,1,,0,11,1,TRUE,,27532,,
1347,A5052 4F 20x235x534.5,644,S,10467,0,6/29/2026,2,,0,11,1,TRUE,,20934,,
1348,52S 4F 35x430x620,644,S,35089,0,6/29/2026,1,,0,11,1,TRUE,,35089,,
1349,52S 4F 50x440x630,644,S,51544,0,6/29/2026,1,,0,11,1,TRUE,,51544,,
1350,52S 60x351x591,644,S,43849,0,6/29/2026,1,,0,11,1,TRUE,,43849,,
1351,52S 35x291x386,644,ｓ,14007,0,6/29/2026,1,,0,11,1,TRUE,,14007,,
1352,52S 4F 40x400x470,644,S,0,28840,6/26/2026,1,,0,6,1,TRUE,,0,,
1353,52S 4F 35x430x500,644,S,28553,0,7/1/2026,1,,0,11,1,TRUE,,28553,,
1354,52S 4F 20x249.5x419.5,644,S,8828,0,7/1/2026,2,,0,11,1,TRUE,,17656,,
1355,52S 4F 50x433x503,644,S,40869,0,7/1/2026,1,,0,11,1,TRUE,,40869,,
1356,52S 4F 35x480x500,644,S,31697,0,7/1/2026,1,,0,11,1,TRUE,,31697,,
1357,52S 4F 50x483x503,644,S,45365,0,7/1/2026,1,,0,11,1,TRUE,,45365,,
1358,52S 50x210x310,644,S,11723,0,6/30/2026,1,,0,11,1,TRUE,,11723,,
1359,52S 30x401x471,644,S,19983,0,7/1/2026,2,,0,11,1,TRUE,,39966,,
1360,1/4 SPT,644,ケ,28.4,0,7/3/2026,50,,0,11,1,TRUE,,1420,,
1361,3/8 SPT,644,ケ,39,0,7/3/2026,50,,0,11,1,TRUE,,1950,,
1362,ONIME M6x13,644,ケ,29,0,7/7/2026,200,,0,11,1,TRUE,,5800,,
1363,52S 4F 15x367x490,644,S,12267,0,7/8/2026,1,,0,11,1,TRUE,,12267,,
1364,52S 45x348x471,644,S,28750,0,7/3/2026,1,,0,11,1,TRUE,,28750,,
1365,52S 50x348x471,644,S,31936,0,7/3/2026,1,,0,11,1,TRUE,,31936,,
1366,52S 55x348x471,644,S,35121,0,7/3/2026,1,,0,11,1,TRUE,,35121,,
1367,52S 65x348x471,644,S,41493,0,7/3/2026,1,,0,11,1,TRUE,,41493,,
1368,52S 20x348x471,644,S,12823,0,7/2/2026,1,,0,11,1,TRUE,,12823,,
1369,63S-アングル 3x40x40x4000,644,ｋｇ,1260,0,7/2/2026,20,,0,11,1,TRUE,8本,25200,,
1370,63S-アングル 3x40x40x1300,644,P,1370,0,7/2/2026,4,,0,11,1,TRUE,,5480,,
1371,63S-アングル 3x40x40x915,644,P,980,0,7/2/2026,18,,0,11,1,TRUE,,17640,,
1372,SP95,644,缶,16600,0,7/9/2026,1,,0,11,1,TRUE,,16600,,
1373,1/4 SPT,644,ケ,28.4,0,7/9/2026,100,,0,11,1,TRUE,,2840,,
1374,3/8 SPT,644,ケ,39,0,7/10/2026,100,,0,11,1,TRUE,,3900,,
1375,KS05F,644,ケ,1620,0,7/9/2026,10,,0,11,1,TRUE,,16200,,
1376,SR20,644,箱,1865,0,7/13/2026,1,,0,11,1,TRUE,,1865,,
1377,No68 20L,644,缶,12650,0,7/13/2026,1,,0,11,1,TRUE,,12650,,
1378,52S 35x286x586,644,S,22914,0,7/13/2026,1,,0,11,1,TRUE,,22914,,
1379,52S 4F 15x299x469,644,S,9911,0,7/14/2026,1,,0,11,1,TRUE,,9911,,
1380,52S 50x210x310,644,S,12930,0,7/14/2026,1,,0,11,1,TRUE,,12930,,
1381,63S Angle,644,ｋｇ,1260,0,7/22/2026,20,,0,11,1,TRUE,８本,25200,,
1382,52S 40x300x470,644,S,22063,0,7/24/2026,1,,0,11,1,TRUE,,22063,,
1383,SUS430 2B 2x640x680,644,S,5530,0,7/24/2026,2,,0,11,1,TRUE,,11060,,
1384,SUS430(2B) 2x660x680,644,S,5690,0,7/24/2026,2,,0,11,1,TRUE,,11380,,
1385,SUS430(2B) 2x520x525,644,S,3470,0,7/24/2026,2,,0,11,1,TRUE,,6940,,
1386,SUS430(2B) 2x490x525,644,S,3260,0,7/24/2026,2,,0,11,1,TRUE,,6520,,
1387,63S-アングル 3x40x40x1300,644,P,1360,0,7/22/2026,16,,0,11,1,TRUE,,21760,,
