MSVatTu,TenVatTu,DoDayVL,ChieuRongVL,ChieuDaiVL,KyHieuKichThuocVt,CapDoTinhChatVt,HangSXVatTu,GhiChuVatTu,HinhAnhVatTu,IDVatTu,UpdatedAt,UpdatedBy
002-4 3V  CR8-LHC (FDK),３V CR8-LHC （FDK）　A98L-0031-0012,,,,,,,Pin may CNC 5080 バッテリー　,,398,,
1/2X1/4,異形　SUS　ブッシング　1/2X1/4,,,,,,,,,124,,
1/2x3/8,異形　SUS　六角ニップル　1/2ｘ3/8,,,,,,,Dau noi cupla suireiban wb,,309,,
1/4 SPT,テーパープラグ　1/4　SPT　,0,0,0,,,,,,750,,
1/4x3/8,異径SUS六角ニップル　1/4X3/8,0,0,0,,,,水冷盤 đầu nối âm,,518,,
1/8X3/8,異形　SUS　六角ニップル　1/8ｘ3/8,,,,,,,Dau noi lam suirebann,,121,,
10x1M SILICON,シリコンゴム　６０°１１φX1M,0,0,0,,,,Silicon trang dung cho suireiban,,468,,
121-8160 TP-MS20,TR　ポンプ　121-8160　TP-MS20,0,0,0,,,,,,648,,
14M-FN,フランジナット　14M-FN,,,,,,,Oc ren M14,,302,,
1814-TN,T-スロットナット　1814-TN,,,,1814-TN,,,"T slot 1814, oc ranh 18 M14",,15,,
2007L,サンデーペイントラッカースプレーJ300ｍｌ　黒2007Ｌ,0,0,0,,,,Son mau den,,454,,
20PF 00283,ハイカプラ　20PF　STEEL　00283,,,,,,,Dau noi ong khi,,369,,
20PM 00282,ハイカプラ　２０PM　STEEL 00282,,,,,,,Dau noi ong hoi lo xo　＋HICUPLA,HICUPLA 20SM 20PM.JPG,431,,
20SH00281,ハイカプラ 20SH STEEL (00281),,,,20SH　00281,ホース径約9ｍｍ,,Khop noi voi ho (dau duong),,68,,
20ShNBR00301,ハイカプラ 20SH STEEL NBR (00301),,,,20SH NBR　00301,ホース径約9ｍｍ,,Khop noi voi hoi (dau am),,69,,
20SM NBR 00302,ハイカプラ　２０SM　STEEL　NBR （００３０２）,,,,,,,Dau noi ong hoi lo xo　-　HICUPLA,HICUPLA 20SM 20PM.JPG,430,,
2116-10F INSIZE,インサイズ　085　インジケータ　2116-10F,,,,,,,Dau do may cnc,,416,,
22024 HOUKI,ハッ矢　セフティ荒神　ホウキシダ　22024,0,0,0,,,,"Choi rua khuon, bang nhua hoki houki",,437,,
220L Glove,ニトリル手袋ノンパウダー　220L,,,,,,,Gang tay cao su mong 220L nitori,,387,,
220M glove,ニトリル手袋ノンパウダー　220M,,,,,,,gang tay cao su chong dau - khoan khuon,,365,,
243JPI 15x18,3M マスキングテープ　243JPI　15ｍｍｘ18ｍｍ,0,0,0,,,,,,542,,
278P D40,ミヤナガ　ホールソー　278P φ40,0,0,0,,,,,,522,,
2BE R3.0,ボールエンドミル2枚刃　2BE R3.0,0,0,0,,,,,,708,,
2LF 4X20,３Sエンドミルロング　２枚刃　2LF　4X20,,,,,,,Endmill 4x20,,160,,
2M Oil,ダフニースパーマルチオイル　２M　２０L,0,0,0,,,,Dau cooling oil DuraVertical 5080,,605,,
2XLF3x20,３Sエンドミル特ロング　２枚刃　２XLF　3ｘ20,,,,,,,Dao phay ngon endmill 3x20,,94,,
2XLF3x30,３Sエンドミル特ロング　２枚刃　２XLF　3ｘ３0,,,,,,,Dao phay ngon endmill 3x30,,95,,
3.8x40L mokuneji,SUS皿木ネジ　3.8ｘ40L 500入り,,,,,,,Dinh vit ban khuon go ben dinh hinh - VIET,,371,,
3/8 SPT,テーパープラグ　　3/8　SPT,0,0,0,,,,,,751,,
3/8PT,テーパープラグ　SUS　3/8PT　メクラプラグ,,,,,,,Oc lam water base 3/8PT tepa,,87,,
3/8x1/4,異径SUSブッシング　3/8ｘ1/4,0,0,0,,,,,,519,,
356-3341 695L,TR　耐油ゴム手袋　ロング　356-3341 695L,0,0,0,,,,,,734,,
3M 243J60,3M　マスキングテープ　243J60,0,0,0,,,,bang dinh giay mau vang,,534,,
413J-RBB150,ハンマー*キャスター　413J-RBB150,,,,413J-RBB150,,,Banh xe thung rac caster,,70,,
420J-RBB151,ハンマー*キャスター　420J-RBB151,,,,420J-RBB151,,,Banh xe thung rac caster,,71,,
493-4091 S-531,TR　パワークリーナー　4L　493-4091 S-531　Chat tay rua,0,0,0,,,,,,649,,
4x5 EM,研磨　テーパーEM　4x5°刃先カット,0,0,0,,,,Mai dao 4x5,,480,,
52S 100x210x310,A5052 100x210x310　切板,100,210,310,,,,,,329,,
52S 100x211x311,A5052 100x211x311　切板,100,211,311,,,,,,693,,
52S 100x361x561,A5052 100x361x561 切板,100,361,561,,,,,,714,,
52S 10X395.8X584 4F,A5052 10X395.8X584　4F,10,395.8,584,,,,Cutter base ADY 2P　ベースカッタ用　,,177,,
52S 10x445x560,A5052 10x445x560　4F,10,445,560,,,,,,571,,
52S 10x557x704 4F,A5052 10x557x704　4F,10,557,704,,,,アルミベース　ＡＬ　10ｔ+ＳＵＳ1ｔ　　茨城工場へ,,449,,
52S 10x600x745 4F,A5052 10X600X745　4F,10,600,745,,,,OOT-0041 浅野プレート,,198,,
52S 110x371x541,A5052 110x371x541 切板,110,371,541,,,,,,344,,
52S 110x451x591,A5052 110X451X591　切板,110,451,591,,,,,,225,,
52S 12x17.5x585 4F,A5052　12ｘ17.5ｘ585　4F,0,0,0,,,,,,543,,
52S 12x395.8x584 4F,A5052 12x395.8x584 4F,12,385.8,584,,,,,,556,,
52S 12x40x150 4F,A5052 12X40X150　4F,12,40,150,,,,CUTTE R BASE PART,,256,,
52S 12x557x704 4F,A5052 12X557X704　4F,12,557,704,,,　,74C　CUTTER　BASE　ALUM,,255,,
52S 12X558X704 4F,A5052 12X558X704　4F,12,558,704,,,,JAE　CUTTER　BASE　PLATE,,254,,
52S 12x560x704,A5052 12x560x704　切板,12,560,704,,,,,,322,,
52S 15x10.5x400 4F,A5052 15x10.5x400　4F,15,10.5,400,,,,,,294,,
52S 15x25x615,A5052 15x25x615 切板,15,25,615,,,,,,691,,
52S 15x265x335,A5052 15x265x335 4F,15,265,335,,,,,,532,,
52S 15x27x37,A5052 15x27x37　切板,15,27,37,,,,,,504,,
52S 15x295x435,A5052 15X295X435　切板,15,295,435,,,,,,287,,
52S 15x295x455,A5052 15x295x455　切板,15,295,455,,,,PB74-H15　UPPER,,299,,
52S 15x30x980 4F,A5052 15x30x980　4F,15,30,980,,,,,,293,,
52S 15x395.8x584 4F,A5052 15X395.8X584　4F,15,395.8,584,,,,,,155,,
52S 15x47.5x100 4F,A5052 15x47.5x100　4F,15,47.5,100,,,,,,291,,
52S 15X50X100 4F,A5052 15X50X100　4F,15,50,100,,,,,,290,,
52S 15x93x100 4F,A5052 15x93x100 4F,15,93,100,,,,,,292,,
52S 1x40x150,A5052 1X40X150　切板,1,40,150,,,,Mieng nhom kep eto cho Huyen thi chuyen giai doan,,219,,
52S 1x50x450,A5052 1X50X450　切板,1,50,450,,,,,,284,,
52S 20x11.5x426,A5052 20x11.5x426　4F,20,11.5,426,,,,,,573,,
52S 20x14x470,A5052 20x14x470　4F,20,14,470,,,,,,400,,
52S 20x160x210,A5052 20X160X210　切板,20,160,210,,,,,,204,,
52S 20x176x339,A5052 20x176x339　切板,20,176,339,,,,,,521,,
52S 20x200x315,A5052 20x200x315　4F,20,200,315,,,,,,688,,
52S 20X211X441,A5052 20X211X441　切板,20,211,441,,,,,,169,,
52S 20x218x478 4F,A5052 20x218x478 4F,20,218,478,,,,,,443,,
52S 20x249.5x419.5,A５０５２　20ｘ249.5ｘ419.5　4Ｆ,20,249.5,419.5,,,,,,695,,
52S 20x266x386,A5052 20x266x386　切板,20,266,386,,,,,,597,,
52S 20x280x375 4F,A5052 20x280x375 4F,20,280,375,,,,,,713,,
52S 20x300x470,A5052 20x300x470　切板,20,300,470,,,,,,392,,
52S 20x301x355,A5052 20x301x355,20,301,355,,,,,,647,,
52S 20x30x350,A5052 20x30x350　切板,20,30,350,,,,,,589,,
52S 20x30x370,A5052 20x30x370　4F,20,30,370,,,,,,343,,
52S 20x30x370 KIRI,A5052 20x30x370　切板,20,30,370,,,,,,591,,
52S 20x30x660,A5052 4F 20x30x660,20,30,660,,,,,,586,,
52S 20x320x490 4F,A5052 20X320X490　4F,20,320,490,,,,,,221,,
52S 20x348x471,A5052 20x348x471　切板,20,348,471,,,,,,753,,
52S 20x35x246,A5052 20X35X246　切板,20,35,246,,,,,,276,,
52S 20x420x599,A5052 20x420x599　4F,20,420,599,,,,,,562,,
52S 25x14x572 4F,A5052 25x14x572 4F,25,14,572,,,,,,611,,
52S 25x14x703 4F,A5052 25x14x703 4F,25,14,703,,,,,,610,,
52S 25x160x210,A5052 25X160X210　切板,25,160,210,,,,,,273,,
52S 25x176x339,A5052 25x176x339　切板,25,176,339,,,,,,409,,
52S 25x198.4x248.4,A5052 25x198.4x248.4　4F,25,198.4,248.4,,,,,,355,,
52S 25X201X371,A5052 25X201X371　切板,25,201,371,,,,,,168,,
52S 25x202x254,A5052 25x202x254　切板,25,202,254,,,,ALUMCUTTER　YMS-001 3P,,323,,
52S 25x210x230,A5052 25x210x230　切板,25,210,230,,,,,,683,,
52S 25x210x310,A5052 25X210X310　切板,25,210,310,,,,,,178,,
52S 25x211x311,A5052 25X211X311　切板,25,211,311,,,,,,139,,
52S 25x211x411,A5052 25x211x411　切板　（NG),25,211,411,,,,,,668,,
52S 25x211x441,A5052 25X211X441　切板,25,211,441,,,,,,201,,
52S 25x230x275,A5052 25x230x275　切板,25,230,275,,,,,,689,,
52S 25x241x356,A5052 25X241X356　切板,25,241,356,,,,,,134,,
52S 25x243x348 4F,A5052 25x243x348 4F,25,243,348,,,,,,557,,
52S 25x261x356,A5052 25x261x356　切板,25,261,356,,,,,,627,,
52S 25x286x301,A5052 25x285x301　切板,25,286,301,,,,,,467,,
52S 25x286x586,A5052 25x286x586　切板,25,286,586,,,,,,672,,
52S 25x290x290,A5052 25x290x290　切板,25,290,290,,,,　,,375,,
52S 25X300X470,A5052 25X300X470　切板,25,300,470,,,,,,167,,
52S 25x301x355,A5052 25x301x355　切板,25,301,355,,,,,,639,,
52S 25X331X461,A5052 25X331X461　切板,25,331,461,,,,,,166,,
52S 25x348x471,A5052 25x348x471　切板,25,348,471,,,,,,413,,
52S 25x348x500,A5052 25ｘ348ｘ500　切板,25,348,500,,,,,,325,,
52S 25x381x531,A5052 25x381x531 切板,25,381,531,,,,,,386,,
52S 25x401x471,A5052 25x401x471　切板,25,401,471,,,,,,565,,
52S 25x417x530,A5052 25x417x530　切板,25,417,530,,,,Base dao cat cua sep,,379,,
52S 25x423.4x535.1 4F,A5052 25x423.4x535.1　4F,25,423.4,535.1,,,,,,307,,
52S 25x450x600,A5052 25x450x600　4F,25,450,600,,,,,,572,,
52S 25x451x471,A5052 25x451x471　切板,25,451,471,,,,,,599,,
52S 2x20x150,A5052 2X20X150 切板,2,20,150,,,,Mieng nhom kep eto cho Huyen thi chuyen giai doan,,218,,
52S 2x50x450,A5052 2X50X450　切板,2,50,450,,,,,,283,,
52S 30x101x621,A5052 30x101x621　切板,30,101,621,,,,,,600,,
52S 30x121x521,A5052 30x121x521　切板,30,121,521,,,,,,376,,
52S 30x160x210,A5052 30x160x210　切板,30,160,210,,,,,,499,,
52S 30x176x339,A5052 30x176x339　切板,30,176,339,,,,,,564,,
52S 30x210x310,A5052 30x210x310 切板,30,210,210,,,,,,692,,
52S 30x211x311,A5052 30x211x311　切板,30,211,311,,,,,,509,,
52S 30x241x356,A5052 30x241x356　切板,30,241,356,,,,,,338,,
52S 30X261X356,A5052 30X261X356　切板,30,261,356,,,,CAV　Z　タイプ,,157,,
52S 30x286x301,A5052 30x286x301　切板,30,286,301,,,,,,382,,
52S 30x286x585,A5052 30x286x585　切板,30,286,585,,,,,,425,,
52S 30x286x586,A5052 30X286X586　切板,30,286,586,,,,,,212,,
52S 30x300x470,A5052　30ｘ300ｘ470　切板,30,300,470,,,,,,673,,
52S 30x301x355,A5052 30x301x355　切板,30,301,355,,,,,,421,,
52S 30x302x356,A5052 30x302x356　切板,30,302,356,,,,,,384,,
52S 30x331x461,A5052 30X331X461　切板,30,331,461,,,,,,235,,
52S 30x348x471,A5052 30x348x471　切板,30,348,471,,,,,,469,,
52S 30x348x500,A5052 30X348X500　切板,30,348,500,,,,,,285,,
52S 30x367x535,A5052 30x367x535　4F,30,367,535,,,,PRESSIER BASE FOR TYPE 515ｘ347,,300,,
52S 30x368x536,A5052 30x368x536　切板,30,368,536,,,,,,296,,
52S 30x381x531,A5052 30X381X531　切板,30,381,531,,,,Rv53 Lower Table Veｒ2,,140,,
52S 30x401x471,A5052 30x401x471　切板,30,401,471,,,,,,576,,
52S 30x401x591,A5052 30x401x591　切板,30,401,591,,,,,,641,,
52S 30x451x471,A5052 30x451x471　切板,30,451,471,,,,,,581,,
52S 30x511x511,A5052 30x511x511　切板,30,511,511,,,,,,730,,
52S 30x600x704,A5052 30x600x704 4F,30,600,704,,,,,,624,,
52S 35X100X620,A5052 35X100X620　切板,35,100,620,,,,,,161,,
52S 35x160x210,A5052 35x160x210　切板,35,160,210,,,,,,146,,
52S 35x176x339,A5052 35x176x339 切板,35,176,339,,,,,,410,,
52S 35x241x336,A5052 35x241x336　切板,35,241,336,,,,,,632,,
52S 35x241x356,A5052 35x241x356　切板,35,241,356,,,,,,631,,
52S 35x261x356,A5052 35x261x356　切板,35,261,356,,,,,,373,,
52S 35x261x376,A5052 35x261x376　4F,35,261,376,,,,,,687,,
52S 35x266x386,A5052 35x266x386 切板,35,266,386,,,,,,377,,
52S 35x286x301,A5052 35x286x301　切板,35,286,301,,,,,,511,,
52S 35x286x586,A5052 35X286X586　切板,35,286,586,,,,,,211,,
52S 35x291x386,A5052 35x291x386,35,291,386,,,,,,743,,
52s 35X300X470,A5052 35x300x470　切板,35,300,470,,,,,,484,,
52S 35x301x355,A5052 35x301x355　切板,35,301,355,,,,,,656,,
52S 35X331X461,A5052 35X331X461　切板,35,331,461,,,,,,165,,
52S 35x348x356,A5052 35x348x356　切板,35,348,356,,,,,,638,,
52S 35X348X471,A5052 35X348X471　切板,35,348,471,,,,ZD,,196,,
52S 35x348x500,A5052 35X348X500　切板,35,348,500,,,,,,203,,
52S 35x351x591,A5052 35X351X591　切板　,35,351,591,,,,74I,,150,,
52S 35x401x471,A5052 35x401x471　切板,35,401,471,,,,,,318,,
52S 35x451x471,A5052 35x451x471　切板,35,451,471,,,,,,640,,
52S 35x451x591,A5052 35X451X591　切板,35,451,591,,,,,,246,,
52S 35x535x735 4F,A5052 35x535x735　4F,35,535,735,,,,,,143,,
52S 3x246x335,A5052 3X246X335　切板,3,246,335,,,,,,275,,
52S 3x50x450,A5052 3x50x450　切板,3,50,450,,,,,,503,,
52S 40x160x210,A5052 40x160x210　切板,40,160,210,,,,,,476,,
52S 40x176x339,A5052 40x176x339　切板,40,176,339,,,,,,491,,
52S 40x241x356,A5052 40x241x356　切板,40,241,356,,,,,,501,,
52S 40x274x504,A5052 40X274X504　切板,40,274,504,,,,,,277,,
52S 40x286x301,A5052 40x286x301　切板,40,286,301,,,,,,510,,
52S 40x286x586,A5052 40X286X586,40,286,586,,,,,,249,,
52S 40x291x386,A5052 40x291ｘ386　切板,40,291,386,,,,,,626,,
52S 40x300x470,A5052 40x300x470　切板,40,300,470,,,,,,448,,
52S 40x301x355,A5052 40x301x355　切板,40,301,355,,,,,,646,,
52S 40x301x471,A5052 40X301X471　切板,40,301,471,,,,,,220,,
52S 40x301x591,A5052 40x301x591　切板,40,301,591,,,,,,366,,
52S 40x327x493,A5052 40x327x493 4F,40,327,493,,,,,,696,,
52S 40x331x461,A5052 40x331x461,40,331,461,,,,,,473,,
52S 40x348x356,A5052 40x348x356　切板,40,348,356,,,,,,525,,
52S 40x348x471,A5052 40x348x471　切板,40,348,471,,,,,,438,,
52S 40x348x500,A5052 40x348x500　切板,40,348,500,,,,74F,,131,,
52S 40x348x516,A5052 40x348x516　切板,40,348,516,,,,,,295,,
52S 40x351x531,A5052 40x351x531 切板,40,351,531,,,,,,444,,
52S 40x351x591,A5052 40ｘ351ｘ591　切板,40,351,591,,,,,,418,,
52S 40x360x49,A5052 40x360x490 ４F,40,360,490,,,,,,694,,
52S 40x369x492,A5052 40x369x492　切板,60,369,492,,,,,,497,,
52S 40x381x561,A5052 40x381x561　切板,40,381,561,,,,,,445,,
52S 40x401x591,A5052 40X401X591　切板,40,401,591,,,,,,252,,
52S 40x451x471,A5052 40x451x471,40,451,471,,,,,,643,,
52S 45x160x210,A5052 45X160X210　切板,45,160,210,,,,,,242,,
52S 45x175x338,A5052 45x175x338　切板,45,175,338,,,,,,508,,
52S 45x176x339,A5052 45x176x339　切板,45,176,339,,,,,,132,,
52S 45x211x311,A5052 45X211X311　切板,45,211,311,,,,,,263,,
52S 45x241x356,A5052 45x241x356　切板,45,241,356,,,,,,333,,
52S 45x251x621,A5052 45x251x621　切板,45,251,621,,,,,,297,,
52S 45x266x386,A5052 45x266x386　切板,45,266,386,,,,,,625,,
52S 45x274x504,A5052 45x274x504　切板,45,274,504,,,,,,595,,
52S 45x286x301,A5052 45x286x301　切り板,45,286,301,,,,,,514,,
52S 45x286x586,A5052 45x286x586　切板,45,286,586,,,,,,354,,
52S 45x300x470,A5052 45X300X470　切板,45,300,470,,,,A,,153,,
52S 45X301X355,A5052 45X301X355　切板,45,301,355,,,,D,,195,,
52S 45X331X461,A5052 45X331X461　切板,45,331,461,,,,ZA,,173,,
52S 45x348x356,A5052 45X348X356　切板,45,348,356,,,,,,227,,
52S 45x348x471,A5052 45x348x471　切板,45,348,471,,,,,,310,,
52S 45x348x500,A5052 45X348X500　切板,45,348,500,,,,,,213,,
52S 45x351x591,A5052 45x351x591　切板,45,351,591,,,,,,452,,
52S 45x384x500,A5052 45X384X500　切板,45,384,500,,,,,,248,,
52S 45x401x501,A5052 45x401x501切板,45,401,501,,,,,,359,,
52S 4F 12x400x590,A5052　12ｘ400ｘ590　4Ｆ,12,400,590,,,,,,726,,
52S 4F 15x299x469,A5052 15x299x469 4F,15,299,469,,,,,,758,,
52S 4F 15x367x490,A5052 4F 15x367x490,15,367,490,,,,,,752,,
52S 4F 15x480x634,A5052 15x480x634　4F,15,480,634,,,,,,596,,
52S 4F 20x249.5x419.5,A5052 20x249.5x419.5 4F,20,249.5,419.5,,,,,,746,,
52S 4F 25x264x344,A5052 25x264x344　4F,25,264,344,,,,,,728,,
52S 4F 25x410x560,A5052 25x410x560　4F,25,410,560,,,,,,736,,
52S 4F 35x330x620,A5052 35x330x620 4F,35,330,620,,,,,,737,,
52S 4F 35x430x500,A5052 35x430x500 4F,35,430,500,,,,,,745,,
52S 4F 35x430x620,A5052 35x430x620 4F,35,430,620,,,,,,739,,
52S 4F 35x480x500,A5052 35x480x500 4F,35,480,500,,,,,,748,,
52S 4F 40x400x470,A5052 40x400x470 4F,40,400,470,,,,,,744,,
52S 4F 50x433x503,A5052 50ｘ433ｘ503　4Ｆ,50,433,503,,,,,,747,,
52S 4F 50x440x630,A5052 50x440x630 4F,50,440,630,,,,,,741,,
52S 4F 50x483x503,A５０５２ ５０x４８３x５０３　4F,50,483,503,,,,,,749,,
52S 4F 5x600x745,A5052　5ｘ600ｘ745　4Ｆ,5,600,745,,,,,,727,,
52S 4x50x450,A5052 4x50x450　切板,4,50,450,,,,小比類巻さんが注文したものです,,337,,
52S 50x160x210,A5052 50x160x210　切板,50,160,210,,,,,,330,,
52S 50x210x310,A5052 50x210x310　切板,50,210,310,,,,,,378,,
52S 50x286x586,A5052 50X286X586　切板,50,286,586,,,,,,274,,
52S 50x300x470,A5052 50x300x470　切板,50,300,470,,,,,,151,,
52S 50x301x355,A5052 50x301x355　切板,50,301,355,,,,,,353,,
52S 50x331x461,A5052 50X331X461　切板,50,331,461,,,,,,281,,
52S 50x348x471,A5052 50x348x471 切板,50,348,471,,,,,,675,,
52S 50X348X500,A5052 50X348X500　切板,50,348,500,,,,,,171,,
52S 50x348x515,A5052 50x348x515　切板,50,348,515,,,,,,447,,
52S 50x351x591,A5052 50x351x591　切板,50,351,591,,,,,,717,,
52S 50x382x622,A5052 50X382X622　切板,50,382,622,,,,,,272,,
52S 50x384x624,A5052 50x384x624　切板,50,384,624,,,,,,456,,
52S 50x394 594,A5052 50x394x594 切板,50,394,594,,,,,,715,,
52S 50x401x591,A5052 50x401x591　切板,50,401,591,,,,,,685,,
52S 50x461x601,A5052 50X461X601　切板,50,461,601,,,,,,261,,
52S 50x483x503,A5052 50x483x503　切板,50,483,503,,,,,,482,,
52S 55x160x210,A5052 55x160x210 切板,55,160,210,,,,,,618,,
52S 55x210x310,A5052 55x210x310　切板,55,210,310,,,,,,528,,
52S 55X261X356,A5052 55X261X356　切板,55,261,356,,,,,,228,,
52S 55x282x652,A5052 55X282X652　切板,55,282,652,,,,,,286,,
52S 55x286x301,A5052 55x286x301　切り板,55,286,301,,,,,,516,,
52S 55x286x586,A5052 55x286x586　切板,55,286,586,,,,,,598,,
52S 55x300x470,A5052 55x300x470 切板,55,300,470,,,,,,535,,
52S 55x301x401,A5052 55ｘ301ｘ401　切板,55,301,401,,,,,,426,,
52S 55x331x461,A5052 55x331x461　切板,55,331,461,,,,,,524,,
52S 55x346x651,A5052 55x346x651 切板,0,0,0,,,,,,446,,
52S 55x348x471,A5052 55X348X471　切板,55,348,471,,,,,,152,,
52S 55x348x500,A5052 55x348x500 切板,55,348,500,,,,,,257,,
52S 55x351x591,A5052 55x351x591 切板,55,351,591,,,,,,716,,
52S 55x363x493,A5052 55x363x493　切板,55,363,493,,,,,,326,,
52S 55x369x492,A5052 55x369x492　4F,55,369,492,,,,,,686,,
52S 55x431x531,A5052 55x431x531 切板,55,431,531,,,,,,345,,
52S 55x432x532,A5052 55x432x532　切板,55,432,532,,,,,,349,,
52S 55x435x505,A5052 55X435X505　切板,55,435,505,,,,,,214,,
52S 55x451x591,A5052 55X451X591　切板,55,451,591,,,,,,245,,
52S 5x14x510,A5052 5x14x510　4F,5,14,510,,,,,,399,,
52S 5x34x470,A5052 5x34x470　4F,5,34,470,,,,,,570,,
52S 5x34x640,A5052 5x34x640　4F,5,34,640,,,,,,569,,
52S 5x450x600 4F,A5052 5x450x600 4F,5,450,600,,,,,,559,,
52S 5x50x450,A5052 5x50x450　切板,5,50,450,,,,,,502,,
52S 5X600X745,A5052 5X600X745　4F,5,600,745,,,,,,269,,
52S 60x160x210,A5052 60x160x210　切板,60,160,210,,,,,,147,,
52S 60x210x310,A5052 60x210x310　切板,60,210,310,,,,,,500,,
52S 60x286x301,A5052 60x286x301　切板,60,286,301,,,,,,512,,
52S 60x286x586,A5052 60x286x586 切板,60,286,586,,,,,,405,,
52S 60x300x470,A5052 60x300x470　切板,60,300,470,,,,,,313,,
52S 60x301x471,A5052 60x301x471　切板,60,301,471,,,,,,470,,
52S 60x301x591,A5052 60x301x591 切板,60,301,591,,,,,,552,,
52S 60x331x461,A5052 60x331x461　切板,60,331,461,,,,,,133,,
52S 60x348x471,A5052 60x348x471　切板,60,348,471,,,,,,496,,
52S 60x348x500,A5052 60x348x500　切板,60,348,500,,,,,,684,,
52S 60x351x591,A5052 60x351x591 切板,60,351,591,,,,,,742,,
52S 60x361x561,A5052 60x361x561切板,60,361,561,,,,,,718,,
52S 60x401x471,A5052 60x401x471　切板,60,401,471,,,,,,580,,
52S 60x401x591,A5052 60x401x591　切板,60,401,591,,,,,,350,,
52S 60x406x641,A5052 60x406x641 切板,60,406,641,,,,,,662,,
52S 60x432x622,A5052 60x432x622　切板,60,432,622,,,,,,348,,
52S 65x286x586,A5052 65x286x586　切板,65,286,586,,,,,,372,,
52S 65X300X470,A5052 65X300X470　切板,65,300,470,,,,A,,185,,
52S 65x301x591,A5052 65x301x591　切板,65,301,591,,,,,,551,,
52S 65x331x461,A5052 65x331x461　切板,65,331,461,,,,,,145,,
52S 65x348x471,A5052 65x348x471　切板,65,348,471,,,,,,493,,
52S 65x351x591,A5052 65X351X591　切板,65,351,591,,,,,,271,,
52S 65x401x471,A5052 65x401x471　切板,65,401,471,,,,,,332,,
52S 65X401X591,A5052 65X401X591　切板,65,401,591,,,,,,172,,
52S 70x300x470,A5052 70x300x470　切板,70,300,470,,,,,,654,,
52S 70x348x471,A5052 70x378x471　切板,70,348,471,,,,,,427,,
52S 70x348x500,A5052 70x348x500　切板,70,348,500,,,,OOT-040M,,148,,
52S 70x401x591,A5052 70x401x591　切板,70,401,591,,,,,,558,,
52S 75x160x210,A5052 75x160x210　切板,75,160,210,,,,,,531,,
52S 75x210x310,A5052 75x210x310　切板,75,210,310,,,,,,374,,
52S 75x300x470,A5052 75x300x470　切板,75,300,470,,,,,,464,,
52S 75x401x591,A5052 75x401x591　切板,75,401,591,,,,,,633,,
52S 75x451x471,A5052 75x451x471　切板,75,451,471,,,,,,481,,
52S 80x160x210,A5052 80x160x210　切板,80,160,210,,,,,,488,,
52S 80x210x310,A5052 80x210x310　切板,80,210,310,,,,,,711,,
52S 80x241x356,A5052 80x241x356　切板,80,241,356,,,,,,712,,
52S 80x301x591,A5052 80X301X591　切板,80,301,591,,,,,,144,,
52S 80x331x461,A5052 80x331x461　切板,80,331,461,,,,,,321,,
52S 80x351x600,A5052 80x351x600　切板,80,351,600,,,,,,724,,
52S 85X371X541,A5052 85X371X541　切板,85,371,541,,,,,,180,,
52S 85x401x471,A5052 85X401X471　切板,85,401,471,,,,,,215,,
52S 85x421x600,A5052 85x421x600 切板,85,421,600,,,,,,561,,
52S 95x461x601,A5052 95X461X601　切板,95,461,601,,,,,,262,,
52S 95x481x641,A5052 95x481x641 切板,95,481,641,,,,ATS-032M,,339,,
52S4F 40x240x355,A5052 40x240x355 4F,40,240,355,,,,,,698,,
52S4F 55x260x375,A5052 55x260x375 4F,55,260,375,,,,,,699,,
5S 30x521x600,A5052 30x521x600　切板,30,521,600,,,,,,735,,
61S 12x227.5x1040,A6061　12ｘ227.5ｘ1040　4Ｆ,12,227.5,1040,,,,,,566,,
61S 12x62.5x460,A6061 12x62.5x460　4F,12,62.5,460,,,,,,567,,
61S 12x62.5x580,A6061 12x62.5x580 4F,12,62.5,580,,,,,,619,,
61S 25x80x580 4F,A6061 25x80x580　4F,,,,,,,,,412,,
63S Angle,A6063 3x40x40x4000 アングル　R無,3,40,40,,,,,,612,,
63S Angle 2x20x20x890,A6063　アングル　R無　2ｘ20ｘ20ｘ890,0,0,0,,,,,,544,,
63S-アングル 3x40x40x1300,63S-アングル 3x40x40x1300,,,,,,,,,754,,
63S-アングル 3x40x40x4000,63S-アングル　R無　3X40X40X4000,,,,,,,Nhom goc L de lam mai che,,244,,
63S-アングル 3x40x40x915,63S-アングル 3x40x40x915,0,0,0,,,,,,755,,
71716 linecupla,ラインカプラ　200Tガタ　71716,0,0,0,,,,"Dau noi ong hoi chu Y, T",,594,,
7440-180,3M スコッチブライト　7440　＃180,,,,7440,＃180　10枚イリ,スリーエムジャパン株式会社,Danh bong,,6,,
7447-320,3M スコッチブライト　7447　＃320,,,,7447,＃320,スリーエムジャパン株式会社,Danh bong,,74,,
760-4564 No51055,ユニチャーム　マスクNO760－４５６４No51055 100枚,0,0,0,,,,Khau trang　3D,,663,,
7614,ANEX ビンバイス 336-7614 90,,,,,,,Holder khoan chan khong,,75,,
8447-280,3M スコッチブライト　8447　＃280,,,,8447,＃280,スリーエムジャパン株式会社,Danh bong,,73,,
A5052 4F 20x235x534.5,A5052 20x235x534.5 4F,20,235,534.5,,,,,,738,,
a-77855bl1,マキタコードレスドライバー　DF330D用バッテリーA-77855BL1,0,0,0,,,,,,560,,
AA120S 100x15,デュアルデスク　DD　100ｘ15　AA120S,,,,DD　100x15,AA120S,,Luoi mai cho may mai,,58,,
AB100W,タイトンインシュロックタイ　AB100W　黒,,,,AB100W,黒,,Day dai nhua nho,,51,,
ACCU CENTER C10,アキューセンター　ACCU-C10,,,,,,,Dau do CNC　D10　ACCU-C10,IMG_3134.JPG,194,,
AF30P-060S,SMC フィルターエレメント　AF30P-060S,,,,AF30P-060S,,SMC,Mieng loc tron cho may CNC,,12,,
AGREX 10X130L,ナチ　ロングラフィング　エンドミル　AGREX 10X130L,,,,,,,Dao phay　Endmill dai 10.0　L130,,223,,
AIR208,セイン　エアガン　208,,,,208,,,Sung hoi xanh,,47,,
AirSonic L-35RA,エアーソニック　L-35RA (79861),,,,,,,May danh bong khuon ミガキ用,,154,,
ALD-CD35,トラスコ　αクリーンダスターエコ　ALD-CD35ODME,,,,ALD-CD35ODME,,,Binh xit hoi lam sach,,61,,
ALP-CD350DME,トラスコ　αクリーンダスターエコ　ALP-CD350DME,0,0,0,,,,Binh khi xit (a Quan),,615,,
AL-SP 1b M8x1.25,インサートコイル用タップ　AL-SP 1B STI M8x1.25,,,,,,,Mui taro M8x1.25,AL-SP 1b M8x1.25.JPG,251,,
AL-SP 1B STI M8x1.25,インサートコイル用タイプ　AL-SP　1B　STI　M8X1.25,,,,,,,"Helisert, insert M8x1.25",Be1.0 M8x1.25.JPG,233,,
AL-VME040-90,DJ　面達アルミ用カッター４φｘ90°　ＡＬ－ＶＭＥ０４０－９０,0,0,0,,,,mentri 4x90,,676,,
anex 336-7614 90,anex ピンバイス　３３６－７６１４90,,,,,,,dau kep mui khoan 0.6,,335,,
A-P#180,理研　布ペーパ－　A-P＃180,,,,,,,Giay nham ＃180,,253,,
ARON 201,東亜合成　アロナルファ　201 2g,0,0,0,,,,Keo 502 201,,474,,
ASS5x60,ナベ　ASS 5ｘ60,0,0,0,,,,,,620,,
B0500 L Clove,パームフィット　手袋 B0500 L,,,,,,,"Gang tay cao su - dap, kiem hang",,396,,
B0500 M Clove,パームフィット　手袋 B0500 M,,,,,,,"Gang tay cao su - dap, kiem hang",,395,,
B344J-W10 magnet,マグネットフックミニ　B344J-W10　１０ケ入り白,0,0,0,,,,,,440,,
B4220 BRUSH,ミニター軸付エンドブラシ　真鍮線　B4220,,,,,,,Choi danh bong brush - Chat lieu Dong,,265,,
B4221 brush,リューター軸付エンドブラシ鉄　線　B4221,,,,,,,Choi danh bong,,288,,
B637J,トラスコ　セロハンテープ　2ｘ35ｍｍ　１０巻　Ｂ６３７Ｊ,0,0,0,,,,,,679,,
Ball 1/8 3.175,スチールボール　1/8　3.175　200個入,0,0,0,,,,Bi truc vit may cnc cmx 1100v,,515,,
BAND2M00,ジェビリーバンド　M00,,,,M00,,,Vong dai ong hoi nho,,43,,
BANDM00,オービット ホースバンド M00　11-16,,,,M00,,,Vong dai ong hoi nho,,25,,
BC2036　D3,超硬カッター　クロスカッタ　Φ3　BC2036,,,,,,,Dao cat cho may cam tay cutter D3,,197,,
BC2042,超硬カッタ－　クロスカット　Φ6.4　BC2042,0,0,0,,,,,,584,,
BC2042 B2096,超硬カッター　クロスカッタ　Φ6.4　BC2042　B2096,,,,,,,Dao dao cho may mai tay D6.4,IMG_3135.JPG,193,,
BC22054 D6.4,超硬カッター　クロスカッタ　Φ6.4　BC2204,,,,,,,Dao phay tay,,267,,
BC2214,超硬カッター　クロスカット　Φ6.4　BC2214,,,,,,,Mui dao cat cam tay - cat nhom,,317,,
BC2402 CUTTER,ミニター超硬カッタ　アルミカット　BC2402,,,,,,,Dao phay tay BC2402,,268,,
BE1.0 HSLB 2020-200,ロングネックボールエンドミル　HSLB　2020-200,,,,,,,Long Neck Ball Endmill 2020-200 R1.0,Be1.0 M8x1.25.JPG,234,,
BIS M3x10,皿頭小ネジ　２１４本入り,,,,,,,Oc sara bis M3x10,,176,,
BIS3.0x16,三価ユニクロフレキ　軽天ビ皿３ｘ16,,,,皿3x16,,,vit bat khuon go,,41,,
BIS3.0x20,三価ユニクロフレキ　軽天ビス皿3ｘ20,,,,皿3x20,,,vit bat khuon go,,40,,
BL1013,マキタ　バッテリー　BL1013,0,0,0,,,,Pin may ban vit,,455,,
BL1015K,マキタ　バッテリー　BL1015K　PIN　MAY　HUT　BUI,0,0,0,,,,,,652,,
BLADE BC1651,ノガ　ブレード　BC1651　16.5ｍｍ　クランクカウンタシンク,,,,BC1651,16.5mm,,Lay bavia　16.5,,67,,
BLADE S10,ノガ　ブレート　Ｓ10ブレート　（１０ボン）,,,,S10ブレード,１０ボン,,Lay bavia lo,,66,,
Bolt M6x30,六角ボルト　M6x30,0,0,0,,,,,,549,,
BS2010,ノガ　ブレード　BS2010　（S20ブレード　10本）,0,0,0,,,,,,585,,
BS85,BS スプレーホース　BS8.5,,,,BS8.5,,BS,Ong hoi mau vang　8.5,,8,,
C5210P 0.3x180x1200,りん青銅　C5210P　0.3X180X1200　20S,,,,,,,Tam dong lam staking,,236,,
CAP M14x45,キャップスクリュウー　M14x45,,,,,,,Bulong M14 may CNC,,380,,
CAP M4x15,キャップ　スクリュウー　M4X15,,,,,,,Bolt　M4x15,,116,,
CAP M4x20,キャップ　スクリュウー　M4x20　（５００/箱）,0,0,0,,,,,,546,,
CAP M5x10,キャップ　スクリュウー　M5ｘ10　（400/箱）,0,0,0,,,,,,636,,
CAP M5x20,キャップ　スクリュウー　M5ｘ20,,,,,,,Bolt　M5x20,,117,,
CAP M5x25,キャップ　スクリュウー　M5ｘ25　（4００/箱）,0,0,0,,,,,,547,,
CAP M5X30,キャップ　スクリュウー　M5X30,,,,,,,Bolt　M5x30,,127,,
CAP M5x35,キャップスクリュウー　M5x35　（２００/箱）,,,,,,,M5x35　Cap　ボルト,,351,,
Cap M5x40,キャップスクリュウー　M5x40　（２００/箱）,,,,,,,Cap M5x40,,336,,
CAP M6X20,キャップ　スクリュウー　M6X20,,,,,,,Bolt　M6x20,,128,,
CAP M6x25,キャップ　スクリュウー　M6ｘ25,,,,,,,Bolt　M6x25,,118,,
CAP M6x30,キャップ　スクリュウー　M4x20　（2００/箱）,0,0,0,,,,,,548,,
Cap screw M5x8,キャップ　スクリュウー　M5x8,0,0,0,,,,,,579,,
CAPM16x45,キャップ　スクリュウー　M16x45,,,,M16x45,,,Bolt　M6x45,,29,,
CAPM16x55,キャップ　スクリュウー　M16x45,,,,,,,Bulong M16x55,,192,,
CAPM5X12,キャップスクリュウー　Ｍ5Ｘ12,0,0,0,,,,,,616,,
CAPM5X15,キャップスクリュウー　Ｍ5Ｘ15,0,0,0,,,,,,617,,
CB-JM6,JIS規格沈めフライス　CB-JM6,,,,,,,Zaguri M6,,110,,
CBRP-052-3,セラミックファイバーブラシ型　CBRP-0520-3,0,0,0,,,,Dau choi danh bong bang gom,,471,,
C-CER4008-10-3,エンドミル　C-CER4008-10-3　旧型番　特価,0,0,0,,,,Dao khac chu 0.8x1.5do L10,,667,,
C-CER4008-8-3,エンドミル　C-CER4008-8-3　旧型番　特価,0,0,0,,,,Dao khac chu 0.8x1.5do L8,,666,,
C-CES 2008,スクエアエンドミル　C-CES 2008,0,0,0,,,,,,733,,
C-CES 2120-3600,スクエアエンドミル　C-CES　2120-3600　12X36,,,,,,,Endmill　12.0　L36,スクエアエンドミル　C-CES　2120-3600　12X36.JPG,224,,
CH3000,ノガ　CH3000,,,,,,,Danh bavia,,316,,
CH700,コイルホース　CH700,,,,,,,Ong hoi xoan,,428,,
CL10DZ,マキタ　掃除機　CL100DZ,0,0,0,,,,,,653,,
CLOVEL MAX L,耐油ゴム手袋　MAX　L,,,,MAX　L,,,Gang tay chong dau ngan,,55,,
CRC 556,クレ　CRC 556 スプレー,,,,,,,spray CRC 556 さび止め,,403,,
CR-CN1818,クラウン　セロハンテープ　CR-CN18 18幅　10巻入,,,,CR-CN1818,18幅　10巻入,,Bang dinh danh bong,,31,,
CSEB 2060-1200 BALLENDMILL,ボールエンドミル　CSEB　2060-1200,0,0,0,,,,,,725,,
CSMK-S 6x2,超硬スーパーミニキーシード　Cスリム柄　CSMK-S　6X2,,,,,,,T Slot Endmill 6x2,,159,,
CSTEL 4x5,超硬テーパーエンドミルロング　CSTEL 4x5,0,0,0,,,,Dao tepa 4x5 sieu cung,,478,,
CSTEM 1.5x7,超硬テーパーエンドミル　CSTEM 1.5ｘ7,0,0,0,,,,,,621,,
CUPLA200T,ラインカプラ200Tガタ　71716,,,,,,,Cupla water base　水冷盤,,81,,
CUPLA6220,セイン　カプラ 10-567-6220,,,,10-567-6220,,,Cupla cho suireibaｎ　水冷盤　loai to,HICUPLA 567-6220.JPG,48,,
CUPLA6221,セイン　カプラ 10-567-6221,,,,10-567-6221,,,Cupla cho suireiban　水冷盤,,49,,
CV-300N,コンベックス　CV-300N　白,,,,,,,Day dai nhua to,CV-300N.JPG,37,,
D3060,リューター　D3060,0,0,0,,,,Dao mai danh bong diamon　,,460,,
D3160,リューター　D6160,0,0,0,,,,Dao mai danh bong diamon,,461,,
D3760,リューター　D3706,0,0,0,,,,Dao mai danh bong diamon,,459,,
D3821,リューター　ダイヤモンド　D3821　6ｘ90ｘ3,0,0,0,,,,D3821 6x90x3,,477,,
DC10WA,マキタ　充電器　DC10WA,0,0,0,,,,sac pin may ban vit,,533,,
DD 100x15 AA 60S,デュアルディスク　DD　100X15　AA 60S,,,,,,,Luoi cat may mai sander,,247,,
DF330DZ,マキタ　電気ドリル　DF330DZ,0,0,0,,,,,,642,,
diamonyasuri200,ダイヤモンドヤスリ　5.5X1.5　PFL101　＃200,,,,,,,dua phu kim cuong,,142,,
DLCHD 6.0,DLCハイスドリル　φ6.0,,,,DLCHD6.0,D6,NACHI,drill,,2,,
DLCHD3.0,DLCハイスドリル　φ3.0,,,,,,,drill,,97,,
DLCHD3.3,DLCハイスドリル　φ3.3,,,,,,NACHI,drill,,85,,
DLCHDSL3.3,DLCハイスドリル　DLCHDSLφ3.3,,,,,,,drill,,92,,
DLCHDSL4.0,DLCハイスドリル　DLCHDSLφ4.0X64X96,,,,,,,drill,,114,,
DLCHDSL4.2,DLCハイスドリル　DLCHDSLφ4.2,,,,,,,drill,,93,,
DLCHDSL6,DLCハイスドリル　DLCHDSLφ6.0,,,,,,,drill,,104,,
DLCHDSL8.0,DLCハイスドリル　φ8.0,,,,DLCHD8.0　L100,D８L100,,drill,,3,,
DLCHDSL8x64,ナチドリル　DLCHDSL　8ｘ64ｘ144,,,,,,,Mui khoan D8 - Semilong,,357,,
DLCPLSD8x165x109,ナチ　ロングドリル　DLCPLSD　8X165X109,,,,,,,Mui khoan 8.0 long drill,DLCPLSD　8X165X109.JPG,222,,
Drill D0.6,真空　用ドリルφ0.6　５００本,,,,,,,Mui khoan lo hut chan khong D0.6 500 chiec,,402,,
DRILL EX-GDR 6.8,ドリル　EX-GDR 6.8,,,,,,,,,279,,
DX32,エネオス　スーパーマルパスOIL DX32 20L,,,,DX32,20L,,"Dau may nen khi, DuraVertical",,22,,
DZ142110 DRIVE,TR　マグネット付ビット　DZ142110,,,,,,,Dau sung ban vit co nam cham,,266,,
E1-001 BRUSH,竹ヨージ6号(E-001),,,,,,,Brush ban chai dan khuon Plug,竹ヨージ　6号.jpeg,258,,
E36079A01,E36079A01　PL-L4P　LAMP 18W　FOR　E3613,,,,,,PHILIPS　DMGMORI　Bong den may cnc Duravertical 5080,PL-LAMP （１８W DULUX COLR2）,E36079A01 Lamp 18w for E3613.jpg,243,,
EA12-525,カクダイ　ウオーターシャワー　EA12-525-525-5,,,,EA12-525-525-5,,,Sung phun nuoc,,27,,
EA44SC-50,エスコ　アルミテープ　EA44SC-50,,,,EA44SC-50,,,Bang dinh Nhom,,21,,
EA944SE-50,耐熱アルミテープ　50幅　EA944SE-50,,,,AE944SE-50,50幅,,Bang dinh nhom,,52,,
EM D12 2F,研磨超硬EM　2F　12φ刃先のみ,,,,,,,Mai dao endmill D12,,328,,
EM MHR230,エンドミル　MHR230　0.8ｘ20,0,0,0,,,,,,505,,
EM TPDR 6x3x42L,エンドミル　TPDR　6X3°　X42L,,,,,,,Endmill TPDR 6x3x42,TPDR 6x3x42.JPG,232,,
EM4NT10,研磨　超硬ラフィングEM　４NT　１０刃先,,,,,,,Mai dau dao phay,,98,,
EP-306 Pump,自動停止乾電池式ポンプ　EP-306,,,,,,,bom dau dung Pin EP306,,433,,
EX-191D,タイユ　ハイチップ　ＥＸ-191Ｄ,,,,EX-191D,18L,,Dau cat CNC EX 191D,,53,,
EX-GDR2.6,ドリル　EX-GDR　２．６,0,0,0,,,,,,465,,
EX-GDR3.3,ドリル　EX-GDR 3.3,0,0,0,,,,,,555,,
EX-REEL5,エンドミル　EX-REEL　5,,,,,,,Endmill 5,,102,,
EX-REXL10.0,OSG　ラフィング　φ10.0,,,,EX-REXL φ10 L120,D10 L120,,Endmill 10 エンドミル,,4,,
EX-SUS-GDR-6.8,ドリル　EX-SUS-GDR6.8,,,,,,,drill,,99,,
EX-XLS-REE 6x150x20,OSG ラフィングエンドミル　EX-XLS-REE　6x150x20,0,0,0,,,,,,563,,
F649TX10,Leader F649TX-10,,,,,,,Endmill　エンドミル,,86,,
FC4571,金属ブラシ　エンド　ステンレス　Φ6　FC4571,0,0,0,,,,Choi danh bong khuon,,583,,
FC4601 BRUSH,金属　ブラシエンド　スチール　φ15　FC4601,,,,,,,Choi danh bong - soi inox,,358,,
FP5865,アサヒ　引掛けスパナ　FP5865,,,,,,,Van mo loai tron,,170,,
FS-50S,スクリューサポート　（２個1組）　FS-50S,,,,,,,Do ga CNC,,429,,
FTS1416,スーパーツール　Tスロナット　FTS1416,,,,,,,Oc T may cncn FTS1416,,304,,
FTS1418,スーパーツール　Tスロナット　FTS1418,,,,,,,Oc T may cncn FTS1418,,303,,
FTS1618,スーパーツール　Tスロナット　FTS1618,,,,FTS1618,,,"M16、　T溝18　T slot, ranh 18",,45,,
FV-150 VISE,トラスコボール盤バイス　F型150ｍｍ　ＦＶ－１５０,0,0,0,,,,Eto 150,,485,,
FX-LS-MG-EBD 1.5R,エンドミル　FX-LS-MG-EBD 1.5R,0,0,0,,,,,,614,,
GEL-10,アロンアルファーGEL-10 20g,,,,,20g,,Keo dan khuon nhanh,,18,,
GL16-35BL,タジマ　コンベックス　GL16-35BL,,,,,,,メーザー,,419,,
Glove　２２０S,ニトリル手袋ノンパウダー　220S,,,,,,,Gang tay cao su mong - co S,,367,,
GLOVE MAX LL,耐油ゴム手袋　MAX　LL,,,,,,,gang tay chong dau - May CNC,,259,,
hasami 240m/m,ラシャ切ハサミ　240ｍ/ｍ,0,0,0,,,,,,680,,
HASAMI240,ラシャ切ハサミ　240m/m,,,,,,,Keo cat neru,,91,,
HB-244 houki,木柄　荒神ホーキ　シダ　HB-224　ホウキシダ,,,,,,,"Choi can go - quet khuon, phoi",,388,,
HCDM5,平小ねじ用ザグリドリル　HCJDM5　（M5）,0,0,0,,,,,,536,,
HCDM6,平小ねじ用ザグリドリル　HCDM6　（M6）,0,0,0,,,,,,537,,
HELISERT M8x1D,ツガミ　ヘリサート　M8x1D,0,0,0,,,,,,540,,
HG6031VK,マキタ　ヒートガン　HG6031VK,0,0,0,,,,,,678,,
Hicupla 30PH STEEL 00284,ハイカプラ　30PH　STEEL　（00284）,,,,,,,Dau noi ong hoi Hi Cupla 30PH,,381,,
hicupla 40SH NBR00307,ハイカプラ　40SH　STEEL　NBR（00307）,0,0,0,,,,,,665,,
Hitachi Babycon 4L,日立　ベビコン専用オイル　4L缶　742477,,,,,,,Dau may nen khi Hitachi　bebicon,Dau may nen khi Hitachi.jpg,209,,
HLB2020-200,ロングネックボールエンドミル　HLB　2020-200,0,0,0,,,,,,603,,
HLB2040-200,ロングネックボールエンドミル　HLB　2040-200,0,0,0,,,,,,602,,
HLS　2008-050,ロングネックスクエアエンドミル　HLS　2008-050,0,0,0,,,,,,622,,
HLS 2020-200,ロングネックエンドミル　HLS　2020-200,,,,,,,,,411,,
HLS 2030-200,ロングネックスクエアエンドミル　HLS 2030-200,0,0,0,,,,,,731,,
HLS 2030-300,ロングネックスクエアエンドミル　HLS 2030-300,,,,,,,Dao endmill 3x30 cung,,362,,
HLS 2040-300,ロングネックスクエアエンドミル　HLS 2040-300,,,,,,Dao endmill D4 L30 choukou,Long Endmill HLS 2040 300 4x30,IMG_3401.JPG,199,,
HLS2040-400,ロングネックスクエアエンドミル　HLS　2040-400,0,0,0,,,,Dao thang D4,,664,,
HOLDER NG1000,ノガ　ホルダ-NG1000,,,,NG1000,,,"mentri, danh bavia",,65,,
HSLB 2020-160,ロングネックボールエンドミル　HSLB　2020-160,,,,,,,,,407,,
HSLB2020-350,ロングネックボールエンドミル　HSLB　2020-350,0,0,0,,,,Dao ball endmill,,607,,
HSLB2040-400,ロングネックボールエンドミル　HSLB 2040-400,0,0,0,,,,,,661,,
HSM-90,フジS　ハンドグラインダー　HSM-90　ドリル　May khoan,,,,HSM-90,,富士製砥株式会社,May khoan khuon,,72,,
HSM90Carbon,富士斉ハンドグラインダーHSM90用カーボン,0,0,0,,,,Choi than may khoan lo chan khong,,601,,
HT6x1-L#2,左タップ　HT6X1-L#2,,,,,,,taro ren trai M6x1,,393,,
HWLB2010-100,ロングネックボール　HWLB2010-100,0,0,0,,,,,,634,,
HWLB2040-200,ロングネックボール　HWLB2040-200,0,0,0,,,,,,659,,
HWLB2040-300,ロングネックボール　HWLB2040-300,0,0,0,,,,,,660,,
HYP-B171,NMC　防腐剤　HYP-B171　4L,,,,HYP-B171,4L,NMC,Chong vi khuan,,11,,
HYP-SH62,NMC　防泡剤　HYP-SH62　１ｋｇ,,,,HYP-SH62,1Kg,NMC,Chong tao bot,,10,,
IMAO　BJ102-16130,イマオ　クランプ　BJ102-16130,,,,,,,IMAO　CLAMP　Ga kep khuon,IMG_3115.JPG,188,,
INC-100B,ミドリ安全　インナーキャップ　INC-100Bブラック,0,0,0,,,,,,575,,
ING,ＩＮＧ　パーマ　モータードライブ　式給油器,0,0,0,,,,小比類巻さん,,453,,
ING 式給油器,ING　パーマ　モーター°　ライブ　式給油器,0,0,0,,,,,,530,,
JIC1524,JIC　バッテリークーラントテスター　JIC1524,0,0,0,,,,Kiem tra nong do nuoc lam mat NC,,442,,
K-601-DX,キンキ　エアーガン　K-601-DX,,,,K-601-DX,,,Sung ong hoi (phong kiem tra),,30,,
K6142 CUTTER,ミニター超硬カッタークロスカットエンドカット付　K6142,,,,,,,Mui dao phay mai tay,,264,,
Kenma 8.0x5,研磨　逆テーパ-加工　8x5°x15,,,,,,,Under stack 8x5 L15　（Mai dao）,,208,,
KENMA ENDMILL,研磨　エンドミル　刃先ノミ,,,,,,,Mai mui dao ENDMILL,,184,,
KENMA TEPA,研磨　テーパーエンドミル　刃先ノミ,,,,,,,Mai mui dao tepa 3.5x15do,,181,,
KENMA10,研磨　ハイスラフィング　１０Φ　刃先のみ　エンドミル,,,,,,,Mai mui dao D10 endmill,,162,,
KENMA6,研磨　ハイスラフィング　EM ６φ　刃先　エンドミル,,,,,,,mai mui dao D6　endmill,,163,,
KF13-20 2M,KDS　コンベックス　KF13-20 2M,,,,,,,Thuoc do dai 2M,,119,,
KGM-1 MAGIC PEN,フエキ　消えないマーカー　中字白KGM-1,,,,,,,But khong xoa - mau trang,,434,,
KM20-11,日研　コレット　KM20-11,,,,,,日研,Collet　nikken,,83,,
KM20-4,日研　コレット　KM20-4,,,,,,,Collet　nikken,KM20-4.JPG,179,,
KM20-5,日研　コレット　KM20-5,,,,KM20-5,,,Collet　nikken,,62,,
KM20-5.5,日研　コレット　KM20-5.5,,,,,,日研　コレット　KM20-日研,Collet　nikken m5,,84,,
KM20-6.2,日研　コレット　KM20-6.2,,,,,,,Collet　nikken　ｍ6,,129,,
KM20-7,日研　コレット　KM20-7,,,,,,日研　コレット　KM20-7,Collet,,130,,
KM32-16,日研　コレット　KM32-16,,,,KM32-16,,,Collet,,63,,
kokuyo magnet 300x200,コクヨ　ネットシート　3600ｘ200ｍｍ白　179-5998,,,,,,,Giay nam cham,,422,,
KRKC-406010015,超硬R付キーシードカッタ,0,0,0,,,,,,669,,
KS05F,チップ　SEGT12ｘ4ZEFR-AJ KS05F,0,0,0,,,,chip dao d50 t10,,756,,
KS-2P-B,吉田工作所　カップリング　KS-2P-B,0,0,0,,,,,,706,,
KSEL-220100 2x10,ロングエンドミル　KSEL-220100　2X10,,,,,,,Long Endmill,,109,,
L bolt M6x60,六角ボルト　左　M6x60x60,,,,,,,Oc ren trai M6x60,,394,,
LB50K,オルファ　カッター替刃　LB50K,,,,LB50K,,,cutter hop dao cat,,26,,
LB-HU-61,TOKU通　104　ブラシ　LB-HU-61,,,,,,,Choi sat danh bavia,,417,,
LED headlight,ジェントス　LEDヘッドライト　コンブレーカー,0,0,0,,,,Den soi danh bong,,458,,
LVS2T3x20,エンドミル　LVS2T　3x20,,,,,,,endmill,,103,,
M14x55,キャップスクリュウー　M14x55,0,0,0,,,,Bulong do ga,,450,,
M16x55,キャップスクリュウー　M16x55,0,0,0,,,,Bulong do ga,,451,,
M３X12,メッキ皿A多ピングねじ　M3x12　100個,,,,,,,vit m3x12 cho may lam khuon plug a Quan,,112,,
M3x16 CAP,キャップ　スクリュウー　M3x16,0,0,0,,,,,,479,,
M5x0.8 Sp P2,スパイラルタップ　+SP P2 M5x0.8,0,0,0,,,,Tap Ren M5x0.8,,483,,
M6x15 CAP,キャップスクリュウー　M6X15　クロ200入り,,,,,,,Bulong CAP M6X15,,260,,
M8x15CAP,キャップスクリュウーM8x15　（100/箱）　黒,,,,,,,Bolt M8x15 Mau den,,301,,
maegawa12cm,前川　アルミ　12ｃｍ,,,,,,,Pheu nhom 12cm,,414,,
Magnet B344J-W10,マグネットフック　B344J-W10 10ケ入り白,0,0,0,,,,,,550,,
Magnet MG-752-W,マグネットフック　MG-752-W,,,,,,,Moc treo gan nam cham,,125,,
Magnet trusco,トラスコ　カラーマグネットピン青　10個入,,,,,,,nam cham chan giay nho,,311,,
MASK SSN-01,PROWORK サージカルソフィットネオ SSN-01 50枚,,,,SSN-01,50枚入,,Khau trang loai thuong,,38,,
MAT GSA3-100,油及着剤　GSA3-100M,,,,GSA3-100M,,,Tam tham dau trang (hut nuoc kem)　MAT,,17,,
MAT154A,ピグマット　MAT154A,,,,,,,Tam tham dau mat PIG (mau den),,175,,
MAXCEL SR44C(B)N,マクセル　酸化銀電池　SR44C(B)N,0,0,0,,,,Pin thuoc kep,,513,,
MBK,耳栓　MBK緑パック,,,,,,,Nut bit tai,,361,,
MCG701N,TR 手袋　MCG701N-M 194-8684,,,,MCG701N-M194-8684,,,"Gang tay kensa, seikei",,13,,
MCN37P,FUCHS ラタックMCN37P　20L,,,,MCN37P,20L,FUCHS,Dau cat khoan,,9,,
mentri 3x90,面取りカッター　3ｘ90°,0,0,0,,,,,,623,,
MG-CT20,トーヨーオートポンプ　MG－CT20,,,,,,,Bom hut dau cam tay loai nho MG-CT20,,389,,
MI,軍手　G　緑　MI,,,,G　MI,,,Gang tay vai thuong,,32,,
MIGAKI OSG NC-LDS 16x90,OSG NC-LDS 16ｘ90°刃先研磨,0,0,0,,,,,,635,,
MILL HLS2020-200,ロングネックスクエアエンドミル　HLS 2020-200,,,,,,,long endmill,HLS 2020-200.JPG,80,,
MILL S-FPAS18,エンドミル　φ18.0,,,,S-FPαS18,D18,,endmill,,5,,
MILL WAF303161,ウイD　超硬ロングエンドミル　WAF303161 16φx150,,,,,,,WIDIN ラフィング　Dao pha tho sieu cung　endmill　３F D16.0x52/150-16,WAF303-161 (2).JPG,76,,
N CUT No.107,タイユ　Nカット　NO.107　18L,,,,,,,Dau cat cho khoan tay,,356,,
N95,興研マスク　ハイラックス350　N95 10枚入,,,,N95,350,,Khau trang N95,N95　MASK.JPG,33,,
NG3000,ノガ　NG3000,,,,,,,Danh bavia,,314,,
NG3100,ノガ　NG3100,,,,,,,danh bavia,,315,,
Nipple1/4,単ニップル１/4,0,0,0,,,,,,472,,
No.05x1/4,ニップル　メッキ　No.05ｘ1/4,0,0,0,,,,,,644,,
No2SLC68,VESS モービルバクトラNO.2SLC #68,,,,No.2 SLC,#68,VESS,"Dau may CMX, MILLAC",,16,,
No68 20L,ダフニ－スパーマルチオイル　NO68　２０L,0,0,0,,,,,,757,,
No70x2 Hammer,ベッセルプラチックハンマー用　替頭　No70x2,,,,,,,Dau bua cao su hammer,,216,,
NSE-104 YASURI,ニュースーパーストン　NSE-104,,,,,,,Stone Da mai bavia,,270,,
O1（ACE) MAT,油吸着マット　ルックマット380ｘ480,3,380,480,,,,Tam tham dau (koba dat hang),,475,,
OGS TPDl 3x2x60L,OGS　エンドミル　TPDL　3ｘ2ｘ6L,,,,,,,,,342,,
OH PL-10,OH プラスチックハンマー　PL-10,0,0,0,,,,,,723,,
OIL2M,ダフニー　スーパーマチル　２Ｍ,,,,2M,,,Dau lam mat DuraVertical 5080,,56,,
OIL68,ダフニ－スーパーマルチオイル68,,,,68,,,Dau may DuraVertical 5080,,57,,
OILSTONE13,オイルストーン　100ｘ25ｘ13　中目,,,,100x25x13,中目,,Da mai,,23,,
OILSTONE25,オイルストーン　150ｘ50ｘ25　荒目,,,,150x50x25,荒め,,Da mai,,24,,
ONIME M6x13,三価ＳＳ　鬼目ナット　Ｍ6ｘ13　Ｄタイプ,,,,M6x13,Dタイプ,,oc bat khuon go,,39,,
PAPER 80,理研　布ペーパ－　＃80,,,,,,,Giay nham 80 riken,,120,,
PAPER120,布ペーパー　＃120,,,,,,,Giay nham 120,,90,,
PBS C5210P - H,PBS（C5210P)-H　0.3ｘ180ｘ1200,,,,,,,Tam dong lam staking　スタッキング,,408,,
PC10-02,ストレートチューブフィッティング　PC10-02,,,,,,,水冷盤用（小）　dau noi ong hoi nuoc lam mat,,122,,
PKP2x90 DLC,ピンコ　PKP2x90　DLC,,,,,,,mentri 面取り,,319,,
PKP4x90,ピンコ　PKP4x90°小面取,,,,,,,面取り　dao mentri pinko,,79,,
PL70-31S,水道用ジョイント　PL70-31S,0,0,0,,,,,,553,,
PP 3x392x542,PP板　3X392X542,,,,,,,,,229,,
PS-SF-01M60,パーマ　給油器　グリース部のみ　PS-SF-01M60,0,0,0,,,,,,457,,
PT1/4-19,官用タップ　PT1/4-19,0,0,0,,,,,,707,,
PT1/4-19 SPII,スパイラル官用タップ　SP-PT　1/4-19,0,0,0,,,,,,709,,
P-VS2T 4,Pコーティング　エンドミル　P-VS2T　4,0,0,0,,,,,,630,,
P-XaM 10,Pコーティング　Xαニック　P-XαM　10 （ラフ　エンドミル）,0,0,0,,,,Dao pha tho 10,,609,,
PXAM6,Pコーティング　Xαニック　P-XαM　6　（ラフ　エンドミル）,0,0,0,,,,,,604,,
P-XaM6,Pコーティング　Xαニック　P-XαM　6 （ラフ　エンドミル）,0,0,0,,,,,,628,,
R8-LHC,3V CR8-LHC(FDK),,,,,,,Pin CNC　DuraVertical 5080,,7,,
RIVET 6x16,アルミ平　リベット6ｘ16,0,0,0,,,,,,495,,
RIVET 6x16SARA,アルミ皿　リベット6x16,0,0,0,,,,,,494,,
Rivet6x25,アルミ皿　リベット6ｘ25,0,0,0,,,,,,658,,
rotary3x13,ロータリー3ｘ13,,,,,,,mui dao mai nhom 3x13,,191,,
rotary6x13,ロータリー6x13,,,,,,,mui dao mai nhom　6x13,,190,,
RS44,マクセル　酸化銀電池　SR44,0,0,0,,,,Pin cho thuoc kep,,489,,
RW M5,ネジ　RWワッシャー　M5　ブラック,0,0,0,,,,,,578,,
S300mm,アサヒペン　ラッカースプレーASラッカーS300mm赤,0,0,0,,,,,,681,,
S300mm黄色,黄色,0,0,0,,,,,,682,,
S45C 55x73x263 切板,S45C　55X73X263　切板,,,,,,,Vat lieu lam JIG Clamp,,238,,
S-70,スクリューサポート　S-70,,,,,,,"Do ga, chinh chieu cao",,278,,
sara 3x10,ビス皿３ｘ１０　皿頭小ネジ　２１４本入り,,,,,,,M3ｘ１０,,420,,
SC-11PCLRA35AB,ミドリ安全　ヘルメット　SC-11PCLRA35ABブラックαライ,0,0,0,,,,Mu bao hiem,,574,,
SCM435 M6x8,ボサード　極低頭六角穴付ボルト（SCM435/黒色）前ねじ（箱単位）M6x8　１箱（２００個）,0,0,0,,,,Oc det,,568,,
SD0.8,ストレートドリル　SD0.8,,,,,,,Mui khoan khuon 0.8,,107,,
SD6.5,ストレートドリル　SD6.5,,,,,,,drill thuong,,108,,
Short cap M5x8,ネジ　極低頭キャップ　M5x8,0,0,0,,,,,,577,,
Short Cap M6x10,ネジ　極低頭キャップ　M6ｘ10,0,0,0,,,,,,720,,
SHOWER568094113,カクダイ　ウオーターシャワージョイント　568-094-113,,,,568-094-113,,,Dau noi ong nuoc,,28,,
silicon d11x1m,シリコンゴムヒモ　60°　11φ,,,,φ14x1m,,,Lam 水冷盤　cao su (don vi 1m),,44,,
SK11 No4,電動糸　SK11 No4 10本入,0,0,0,,,,,,490,,
SK11No4,電動糸　刃　SK11 No4 10本入り,0,0,0,,,,Luoi cua,,606,,
SKL-WA60 100x2,スキルタッチ（SKL）S　100x2 WA60,,,,100x2,WA60,,Luoi cat may mai,,46,,
SLEM 8.5,スロッチングエンドミル　SLEM8.5,,,,,,,Phoi dao Endmill de mai staking 8.0x5 under stack,,207,,
SLEM9.5,スロッチングエンドミル　SLEM9.5,,,,,,,endmill lam understack,,106,,
SLEM9.5x7x17.5,研磨　SLEM逆テーパ加工9.5ｘ7,,,,,,,endmill understack,,105,,
SLEML 12x40xd12,ロングスロッチングエンドミル　SLEML 12x40xd12,,,,,,,Phoi dao understack 10do,,391,,
SLEML 8.6x5,製作逆テーパ　スロッチングエンドミル　8.6x5,,,,,,,テーパ　endmill understack,,78,,
SLEML9x0,スロッチングエンドミル　SLEML 9x0,,,,,,,dao de mai tepa,,77,,
SLX-1000RC,WING ACE LEDライト　SLX-1000RC,0,0,0,,,,"Den chieu sang, sac pin",,674,,
SP P2 M8x1.25,タップ　SP P2　M8x1.25,0,0,0,,,,,,539,,
SP95,コニシ　ボンド　SP95　ガゼットテナー　20ｋｇ,,,,SP95,20kg,コニシ,Keo dan neru,,36,,
SPKN1203EDTR,チップ　SOJB1203EDTR PR1225,,,,,,,"Chip dao phay mat P, M",SPKN1203EDTR.JPG,237,,
SP-PT /4-19,スパイラル官用タップ　SP-PT1/4-19,0,0,0,,,,Mui taro tap 1/4,,463,,
SPRAY1,コーザイ　ジャンボ　金型洗浄剤スプレー,,,,,,,Xit rua khuon (loai moi mau xanh test),,34,,
SR20,岩井産業　SR20 スレンダー2000　細ビス　3.3x20,,,,,,,Vit lam stacking,,113,,
SR25,岩井産業　SR25 スレンダー2000　細ビス　3.3x25,0,0,0,,,,,,613,,
SR30,岩井産業　SR30 スレンダー2000　細ビス　3.3x30mm,,,,SR30,3.3x30,岩井産業,Vit lam stacking,,20,,
SR35,岩井産業　SR35 スレンダー2000　細ビス　3.3x35ｍｍ,,,,SR35,3.3ｘ35,岩井産業,Vit lam stacking,,19,,
SR44,電池　SR44,,,,SR44,,,Pin set dao,,60,,
ST76084,TR　手袋　ST76084　206-6033,,,,ST76084 206-6033,,,Gang tay dai (de khoan),,14,,
Staminal grease RL2,昭和シェル　スタミナグリースRL2　スプレータイプ,0,0,0,,,,,,637,,
SUS 1/4SPT,テーパープラグ　1/4SPT,,,,,,,Oc tepa ban lam mat loai nho,,82,,
SUS2B 2x40x680,SUS４３０（２B）2ｘ490ｘ680　シャ,,,,,,,,,346,,
SUS2B 2x490x680,SUS430（２B）　4ｘ490ｘ680,,,,,,,,,341,,
SUS2B 2x530x900,SUS４３０（２B）2ｘ530ｘ900　シャ,,,,,,,,,347,,
SUS2B 4x10x490,SUS４３０（２B）　4ｘ10ｘ490,,,,,,,,,340,,
SUS430 2B 2x640x680,SUS430（２B) 2x640x680,2,640,680,,,,,,759,,
SUS430 2x320x525,SUS430（２B)シャ　2ｘ320ｘ525,2,320,525,,,,,,722,,
SUS430 2X360X370,SUS430（２B）シャ　2x360x370,0,0,0,,,,,,498,,
SUS430 2x360x525,SUS430（２B)シャ　2ｘ360ｘ525,2,360,525,,,,,,721,,
SUS430 2x520x680,ＳＵＳ４３０ （２B）　2ｘ520ｘ680,,,,,,,,,406,,
SUS430 2x525x540,SUS４３０（２B）2X525X540,,,,,,,,,135,,
SUS430 2x640x900,SUS430（２B）　2ｘ640ｘ900,0,0,0,,,,,,441,,
SUS430 2x660x680,SUS４３０（２B）2X660X680,,,,,,,,,136,,
SUS430 2x700x1200,SUS４３０（２B）2X700X1200,,,,,,,,,137,,
SUS430 3x605x680,SUS430(2B) 3x605x680　シャ,3,605,680,,,,　,,517,,
SUS430(2B) 1x490x680,SUS430　1ｘ490ｘ680　2Ｂ,,,,,,,,,306,,
SUS430(2B) 2x490x525,SUS430(2B) 2x490x525,2,490,525,,,,,,762,,
SUS430(2B) 2x520x525,SUS430（２B) 2x520x525,2,520,525,,,,,,761,,
SUS430(2B) 2x540x900,SUS430　2ｘ540ｘ900　2Ｂ,,,,,,,,,305,,
SUS430(2B) 2x660x680,SUS（２B) 2x660x680,2,660,680,,,,,,760,,
SUS430(2B) 3x640x680,SUS430　（２B）　シャ　3X640X680,,,,,,,,,200,,
SUS430（２B）シャ　2x360x525,SUS430 2x360x525,2,360,525,,,,,,710,,
SUS皿木ネジ　3.8ｘ50L　200入り,SUS皿木ネジ　3.8ｘ38L　200入り,0,0,0,,,,,,705,,
SUS皿木ネジ3.8ｘ38,SUS皿木ネジ　3.8ｘ38L　５００入り,0,0,0,,,,,,704,,
SX-509,タイユ　ハイチップ　SX-509　18L,,,,SX-509,18L,,Dau cat may CNC SX 509 cho may Duravertical 5080,,54,,
T Slot TC 40x4,Tスロットカッター　TC　40ｘ4,0,0,0,,,,,,486,,
t1.0x120x2550 ビニールシート,透明ビニール　ｔ1.0ｘ120ｘ2550,0,0,0,,,,,,703,,
TAP HTP2M3.0.5 5P,ハンドルタップ　HT P2 M3x0.5 5P,,,,,,,,,111,,
TAP SP P2 M4X0.7,スパイラルタップ　+SP　P2　M4X0.7,,,,,,,,,115,,
TAP SP P2 M6x1,スパイラルタップ　+SP　P2　M6x1,,,,,,,,,123,,
Tape 197-8271,セロハンテープ　15幅　197-8271,0,0,0,,,,Bang dinh danh bong migaki,,462,,
TAPE 541-25x10,日東　両面ブチルテープ　No.　541-25ｘ10ｍ,,,,No.541　25x10m,,,Bang dinh den hai mat,,64,,
TAPE CT405AP-14,セロテープ　CT405AP-15　15x35　10個入,,,,,,,Bang dinh danh bong khuon 15x35,セロテープ CT405AP-15.JPG,239,,
TAPE-159,寺岡　ガムテープ　No.159,,,,No.159,,,Bang dinh vai  vang,,59,,
TAPSPRAY,コーザイ　超切削スプレー,,,,,,,"Dau cat, taro dang xit",,35,,
TAPSPRAY189,塩　フリータッピングスプレー　000189,0,0,0,,,,"Spray dau cat, taro",,507,,
TC25x4 Tslot,大洋　Tスロカッタ　TC25x4,,,,,,,Dao cat Tslot D25x4 L65,,217,,
TEL 3x5 ENDMILL,ロングテーパーエンドミル　TEL　３ｘ５°,0,0,0,,,,,,435,,
TEL 3x7,ロングテーパーエンドミル　TEL３x７°,,,,,,,3x7x40　Long tepa endmill,,324,,
THINNER SP600,ラッカーシンナー　SP-600　1000　16L,,,,SP-600　16L,,,Dau rua Thinner (loai it dung),,1,,
Thread Seal Tape,Thread Seal Tape　Nasa　Seal,,,,,,,Bang tan trang,,240,,
TL2020S,トラスコカットフィルター　TL2020S,0,0,0,,,,tam loc filter may cnc,,436,,
TPDR 2x1,エンドミル　TPDR　2ｘ1°,,,,,,,,,383,,
TPDR 2x3,エンドミル　TPDR　2ｘ3°,0,0,0,,,,Dao tepa 2x3,,527,,
TPDR 3x2 x30L,エンドミル　TPDR　3x2°x30L　テーパーエンドミル,0,0,0,,,,endmill tepa,,439,,
TPDR 3x3,エンドミル　TPDR　３ｘ３°,0,0,0,,,,Dao tepa 3x3,,526,,
TPDR37,テーパーエンドミル　TPDR　3ｘ7°,,,,,,,Dao tepa 3x7 do endmill,,88,,
TPDR3x2,エンドミル　TPDR　3ｘ2°,0,0,0,,,,,,645,,
TPDS320,テーパーエンドミル　TPDＳ　3x20°,,,,,,,Dao tepa 3x20 do endmill,,101,,
TPDS63,テーパーエンドミル　TPDＳ　6ｘ3°,,,,,,,Dao tepa 6x3 do endmill,,89,,
TPM-BK,TR工業用ペイントマーカー油性中字　TPM-BK,,,,,,,But dau viet dao,,423,,
TR FVG-C 207-3936,TR　保　メガネ　FVG-C 207-3936,0,0,0,,,,,,529,,
TR エホマクランプ　NA20-5,TR エホマクランプ　NA20-5,,,,,,,Clamp do ga,,282,,
TSG-814TM,TR　防護メガネ　365-8350　TSG-814TM,,,,,,,Kinh bao ho loai moi 2023/5/15,,156,,
UnderStack 12x10dox35L,製作　逆テーパ　１２φｘ10°　ｘ35Ｌⅹ５．９φ,,,,,,,Dao understack 10do,,390,,
Veneer 12x600x910,木型べニア　12X600X910,,,,,,￥15950/3,Go 12 da cat lam 3 tam,,230,,
Veneer 18x600x910,木型べニア　18X600X910,18,600,910,,,,Go 18 da cat lam 3 tam,,231,,
Veneer 3x6x12,木型用シナベニヤ　3x6x12　600にカット,,,,,,,"Go 12 kich thuoc 3x6x12, cat tam 600",,187,,
veneer 3x6x18,木型用シナべニア　3x6x18　600にカット,,,,,,,"Go 18 kich thuoc 3x6x12, cat tam 600",,241,,
VPH-GDS 1.8,ドリル　VPH-GDS1.8,0,0,0,,,,,,554,,
WEIAL115,リペアスティック　アルミニウム　WEI-AL　115ｇ,,,,,,,Keo xi mang sua khuon nhom AL,,96,,
WG-310-RD-L,ユニワールド　コンフォートレッド　WG-310-RD-L,,,,,,,Gang tay cao su do,,289,,
WG310-RD-M,TR　手袋　819-0422　WG310-RD-M,,,,,,,Gang tay cao su do (xay rac),,158,,
WX-LS RESF,OSG　WX-LS　RESF　10Φ,0,0,0,,,,ENDMILL ROUGH ラフィング　10ｘ160,,492,,
Y-06-WH,パイオラン　テープ　Y-06-WH　50ｍｍ,0,0,0,,,,Bang dinh trang xe duoc,,582,,
YCC10-3AA,＊ユキワ　YCCコレット　YCC10-3AA,0,0,0,,,,collet cho dao d4 10-4,,670,,
YCC10-6 AA,ユワキ　YCCコレット　YCC10-6　AA,,,,,,,COLLET　10-6,Collet 10-6.jpg,205,,
YSD30,サンプル　ラッカーシンナー　YSD30,,,,YSD30,,,シンナー thu loai moi,,42,,
YSD60,大伸化学　ラッカーシンナー　YSD-60　16L,,,,YSD60,,,thiner loai thuong dung　YSD60,,50,,
YTMStone,YTMストーン　5X13X100　＃180,,,,,,,Da mai loai nho mau hong,,141,,
ZC4520,ユニポリッシュセット　φ10A・C　ZC4520,,,,,,,Mui dao danh bong loai moi,,363,,
オービット　ホースバンド　1A,オービット　ホースバンド　1A,0,0,0,,,,,,657,,
コイルホース　CH700,コイルホース CH700,0,0,0,,,,,,701,,
ラバーマグネット　ゴム　0.8ｔｘ600ｘ900,0.8tx600x900,0.8,600,900,,,,Bảng trắng nam châm,,677,,
